id;esp_id;label;median(8,13);rms(98,102);median(98,102);peak1x;peak2x;a;b
0;7;Normal;0.00217;0.07393477801413892;0.000745;0.04894;0.0104;-0.0002529389979972854;-6.485688869308957
1;0;Normal;0.00029;0.2664356533949614;0.002295;0.1595;0.02152;-0.0005463389799923974;-7.6302091646600045
2;4;Normal;0.042025;0.17198086230740908;0.004265;0.11314;0.02472;-0.003483114980768618;-2.29397221986635
3;5;Normal;0.000915;0.0609108914727079;0.00031;0.03801;0.00534;-0.0009603218358439317;-6.725640459540703
4;7;Normal;0.001235;0.10568503489141687;0.00132;0.06891;0.00479;-0.0004968863364397515;-6.407991420747306
5;4;Normal;0.0011450000000000002;0.14629772964745555;0.00171;0.09863;0.02243;-0.0012813625747083088;-6.1537853712178645
6;4;Unbalance;0.02633;0.31264145854316894;0.005425;0.20942;0.0141;-0.0034370022691299776;-2.7564701826671785
7;5;Normal;0.001225;0.26698633635450336;0.0015;0.15706;0.00253;-0.000615354885759848;-6.499130785507605
8;1;Normal;0.00089;0.20784040271323576;0.00156;0.12862;0.00088;-0.0005130732373276503;-6.357249844666219
9;0;Normal;0.00027;0.13977706857707384;0.001415;0.08378;0.00543;-0.00013854210997105973;-7.851387592632361
10;1;Normal;0.003265;0.1955646529923033;0.003045;0.12467;0.00182;-0.0016052307113170576;-5.197187930307049
11;8;Normal;0.00169;0.13455391484457077;0.00159;0.07997;0.00581;0.0004275083082525212;-6.517451015992753
12;5;Normal;0.00096;0.06330712598120372;0.000755;0.03936;0.00108;-0.0004660340610660616;-6.733618669951732
13;5;Normal;0.00046;0.10925758280320866;0.000585;0.06315;0.00069;-0.00022343552728082522;-7.478136560396963
14;4;Normal;0.00103;0.08714823979863277;0.001905;0.05709;0.0166;-0.00033163307647052155;-6.728470684621387
15;8;Faulty sensor;0.007625;0.0058631817300847855;0.00016;0.00334;0.00083;-0.0032433222669807533;-4.088459483874059
16;0;Unbalance;0.0005;0.40629254977171314;0.00275;0.23448;0.01694;9.96380628275626e-05;-7.422509605853479
17;8;Faulty sensor;0.00776;0.005805772989017053;0.00016;0.00346;0.00087;-0.0033061019245251865;-4.0392748576059
18;1;Normal;0.00027;0.10310157224795362;0.001235;0.05899;0.00682;2.992768703281117e-05;-7.648507536445584
19;10;Rubbing;0.00353;0.0751976794854735;0.00192;0.00227;0.0004;-0.0013035065772474615;-5.136763151503887
20;8;Faulty sensor;0.005355;0.009240800831096838;0.00018;0.00503;0.00078;-0.0031637048294526566;-4.400734651389503
21;2;Rubbing;0.01183;0.14570348760410645;0.00118;0.08752;0.0026;-0.001958862000405585;-3.9230611732251983
22;3;Normal;0.00123;0.1765552151594509;0.00114;0.11539;0.0196;-0.0003691633939751369;-6.523914598335807
23;10;Normal;0.002595;0.08081525103592763;0.0012799999999999999;0.00167;0.00057;-0.000559054633421337;-5.87228646515649
24;8;Normal;0.001465;0.1384093378352776;0.00177;0.08466;0.00403;0.0004673224059115706;-6.726778872076482
25;7;Normal;0.00089;0.1962066798047406;0.00239;0.11736;0.01693;0.0010297311136210764;-7.159558416084949
26;2;Rubbing;0.011470000000000001;0.09662799853044665;0.001425;0.06031;0.00714;-0.0018070999584579874;-3.894941003138357
27;1;Unbalance;0.00124;0.26667717018897585;0.00311;0.17806;0.005;0.00019700296454532915;-6.4147889911021085
28;5;Unbalance;0.00061;0.2555535043782417;0.001245;0.16961;0.00194;-0.0008666853392522716;-6.946580986716352
29;8;Normal;0.001635;0.0917589576008795;0.001815;0.04221;0.00133;0.0006554360406653829;-6.461078196341473
30;3;Normal;0.00125;0.156130891241932;0.00092;0.09282;0.01659;-0.0006747111600839574;-6.477788057164255
31;8;Faulty sensor;0.005940000000000001;0.003424806563880652;0.00014;0.00195;0.00035;-0.003167853795665549;-4.352576709042321
32;2;Normal;0.000965;0.05757453343276001;0.00046;0.03322;0.00591;-0.0003981274675816725;-6.643170469657026
33;1;Normal;0.00029;0.1365917914810403;0.000995;0.07997;0.00157;6.906134719505235e-05;-7.29779717205292
34;6;Unbalance;0.00186;0.3534092238468034;0.004370000000000001;0.20149;0.00744;0.0004695724974419784;-6.085836610273537
35;1;Normal;0.00072;0.07847426138550143;0.001225;0.05124;0.0072;-0.0007363778946270585;-6.806419413919971
36;2;Normal;0.000985;0.0804613540775943;0.0012000000000000001;0.05036;0.00442;-0.0006168008956825324;-6.725281808646289
37;0;Normal;0.0002;0.1738205134614439;0.001425;0.1002;0.00962;-0.00026985211140502497;-7.785303600767088
38;1;Normal;0.00067;0.11274107680876565;0.00091;0.0722;0.00572;-0.0015188575434770275;-6.751675619977329
39;10;Normal;0.00126;0.1414508716834223;0.00099;0.00085;0.00087;0.00038429522592623106;-6.512780658128458
40;9;Unbalance;0.0019950000000000002;0.21666699748692694;0.00174;0.12467;0.01273;-0.0006369220642095661;-5.884167258212534
41;0;Normal;0.00034;0.18343026113485197;0.001325;0.11606;0.00383;0.0006783708849687881;-7.9813473252105345
42;4;Normal;0.00125;0.10662133041751075;0.001505;0.06115;0.02695;-0.0014355922463172867;-6.064732329716403
43;4;Unbalance;0.00216;0.3138665149390741;0.003915;0.19678;0.01387;-0.0011041066816115902;-6.292199910981535
44;1;Normal;0.00089;0.22832235764374892;0.00139;0.15217;0.00314;-0.0008663263801204397;-6.568746676656526
45;0;Normal;0.00038;0.09732224308964522;0.000665;0.06561;0.00593;-8.289007289495089e-05;-7.623570166979184
46;1;Normal;0.000925;0.09390206706990001;0.001025;0.05863;0.00734;-0.00031633283093594267;-6.815001310465194
47;7;Normal;0.00136;0.1295827912957581;0.0024;0.07899;0.01538;-0.00020696921158349483;-6.895576790344521
48;5;Normal;0.000445;0.031732852062176825;0.00012;0.01812;0.00273;-0.001607582259017882;-7.3127517448243555
49;1;Normal;0.000975;0.17619055621684154;0.001395;0.10637;0.00303;-0.0016238036498025168;-6.19692721075931
50;7;Normal;0.00058;0.07760794675804791;0.00057;0.04238;0.00295;-0.0001321972619649863;-7.228362417417658
51;0;Normal;0.0005;0.261025264294474;0.001445;0.14907;0.01226;-1.0478643119013341e-05;-7.623003384710372
52;4;Normal;0.010839999999999999;0.07176070791178135;0.001795;0.04654;0.01466;-0.0026586861150393877;-3.8107868910779734
53;10;Normal;0.00328;0.028262096525204918;0.0008049999999999999;0.00086;0.00025;-0.0019566394021661338;-5.512447693666497
54;4;Unbalance;0.0008550000000000001;0.2695493375988893;0.0027349999999999996;0.18182;0.02272;9.27226336631076e-05;-7.0069457286627665
55;7;Normal;0.00051;0.1005955227631926;0.000795;0.05675;0.01315;9.613602696288463e-05;-7.425063719282745
56;4;Normal;0.000585;0.12072815413150322;0.00111;0.07654;0.00479;-0.0006508310784029989;-6.969590589920885
57;8;Faulty sensor;0.00682;0.009822983253574242;0.00019;0.00451;0.00047;-0.00326283900416117;-4.168269440945091
58;1;Normal;0.00256;0.14810311981859128;0.00126;0.09341;0.01418;-0.0015652223504983177;-5.503346803314011
59;7;Normal;0.0009500000000000001;0.05749380488365682;0.00063;0.03376;0.00246;0.00022158010160498455;-6.547710450712549
60;1;Normal;0.00044;0.08747628878730511;0.002195;0.04985;0.0094;-0.00016227499162387585;-7.213526094541774
61;5;Normal;0.000575;0.2349032292242914;0.001075;0.15093;0.00662;-0.0004265507793261911;-7.291977999066508
62;10;Rubbing;0.008154999999999999;0.11555192079753586;0.000925;0.00073;0.00024;-0.0022609492423054235;-4.108903496017181
63;5;Unbalance;0.00066;0.27767297653894946;0.00135;0.18428;0.00538;-0.000976557048736065;-7.027204043103028
64;10;Normal;0.00154;0.13687515223735827;0.001505;0.00165;0.00053;-0.0004406498366137737;-6.439095386625362
65;3;Rubbing;0.02835;0.09775229613671486;0.004654999999999999;0.04541;0.00095;-0.0009574084825368087;-3.4210643514525225
66;0;Normal;0.00024;0.21320019840516097;0.0027;0.12307;0.0066;-0.0003221247781665999;-7.790326788069225
67;6;Normal;0.00129;0.1189585658958614;0.0014;0.06722;0.00749;-3.2146214876787763e-05;-6.516087979771773
68;3;Normal;0.00119;0.2460164185577865;0.001435;0.14362;0.00222;-0.0005146644048286815;-6.51368211315332
69;4;Normal;0.00892;0.23636941659191021;0.004615;0.15049;0.01371;-0.0018897338368915125;-4.158348670403037
70;9;Normal;0.002575;0.25813341066200635;0.0024349999999999997;0.16534;0.02086;-0.00027154828954684205;-5.9248974061738195
71;0;Normal;0.00035;0.08085121953316474;0.00071;0.05223;0.00633;-0.0009710001770447337;-7.344080122561036
72;4;Normal;0.000895;0.21958157413590057;0.00245;0.14442;0.01779;-3.6542261361749046e-05;-6.863445987909892
73;5;Unbalance;0.000495;0.27013000425720946;0.001405;0.16311;0.00255;-0.0009903278786078946;-7.05553808299691
74;1;Normal;0.00076;0.09503289062214199;0.00107;0.05939;0.00417;-0.0003177623999646064;-6.804086021588264
75;10;Normal;0.00241;0.15920649421427505;0.00118;0.00103;0.00037;-0.0002143590339622029;-5.834450706047636
76;2;Normal;0.000895;0.13897185326532852;0.001085;0.08748;0.00169;-0.0008137638190298422;-6.590421360303
77;5;Normal;0.00065;0.16623370747234148;0.00125;0.1119;0.00224;-0.0006679666135560606;-6.852540467600947
78;10;Normal;0.00138;0.06977269523244749;0.000665;0.00077;0.00034;-0.000632854244096718;-5.800188854261931
79;1;Normal;0.00369;0.028467275949763792;0.00076;0.0145;0.00058;-0.0018281289793729723;-5.5047591438042165
80;4;Normal;0.00084;0.13581167917377354;0.001645;0.08876;0.02753;-0.0007484813651709545;-6.646790553337662
81;7;Normal;0.001145;0.16107627603095373;0.0011;0.10602;0.00364;-0.0002733760845657968;-6.221877769487324
82;9;Unbalance;0.00425;0.26942619230505416;0.0018700000000000001;0.15917;0.0134;-0.0008463388826381213;-5.3297306813210135
83;2;Normal;0.00095;0.13955319236764166;0.00103;0.08668;0.00839;-0.0008731038192801747;-6.662255160107307
84;10;Normal;0.001545;0.053106396036635736;0.000465;0.00092;0.00362;-0.0015594198907010201;-5.9543734851732975
85;4;Normal;0.0025;0.1123811750250014;0.00172;0.07517;0.02386;-0.0012465937987337767;-6.047753781627498
86;5;Normal;0.000475;0.04097561103876304;0.000325;0.02344;0.00886;-0.00015957549885474786;-7.670550865277797
87;8;Faulty sensor;0.007560000000000001;0.005950621816247442;0.00017;0.00345;0.00095;-0.003446056293534207;-3.9880880560672387
88;7;Normal;0.00051;0.194861961654911;0.001895;0.11325;0.0102;-0.00011539231162812591;-7.261093557977534
89;7;Unbalance;0.00086;0.3019934441341401;0.00185;0.17861;0.0043;-0.0005223760857915986;-6.630959176798259
90;3;Normal;0.0014;0.09755969557148075;0.00086;0.05765;0.00793;-0.0007905663851341498;-6.11123518059936
91;4;Misalignment;0.00192;0.08795324894510718;0.001295;0.05549;0.04025;-0.0009979447734659625;-6.177376923595574
92;10;Normal;0.002935;0.07085428780250354;0.00135;0.00204;0.00087;-0.0006680846209666244;-5.670364448477377
93;5;Rubbing;0.07466500000000001;0.19640528735245394;0.00146;0.13358;0.00472;-0.003695988820462346;-1.6711201887621678
94;3;Normal;0.0008500000000000001;0.20075095939994908;0.00182;0.13183;0.00477;-0.0006544115344759773;-6.594798875566267
95;6;Normal;0.00137;0.13115443987909828;0.0014;0.07963;0.00178;-0.0008779341767921043;-6.181864016640863
96;10;Rubbing;0.002445;0.18608028267390397;0.00098;0.00111;0.00061;-0.0006678219086295955;-5.711961569241851
97;1;Normal;0.00028;0.17013830814957576;0.001315;0.11329;0.00453;-0.0005512105432610007;-7.689419092458333
98;3;Normal;0.00115;0.06792591258128226;0.00114;0.03999;0.00466;-0.0004120816653522614;-6.73944534234067
99;1;Rubbing;0.026355;0.07515665106961593;0.00248;0.04644;0.00296;-0.0020870497239395044;-3.0842121737479617
100;10;Normal;0.001365;0.2817761441286327;0.00191;0.00154;0.00126;-6.825000277923116e-05;-6.1209841908023
101;5;Normal;0.00035;0.027393858800833445;0.00012;0.01584;0.00156;-0.000987648536078418;-7.6117768716422685
102;8;Unbalance;0.0009400000000000001;0.40592173605265336;0.003635;0.23753;0.01705;-0.0008973608855856861;-6.358969575924943
103;0;Unbalance;0.00041;0.3016465171355373;0.003155;0.18336;0.00362;-0.00040725462145701385;-7.411378980967958
104;10;Normal;0.00345;0.087083111451073;0.0013;0.00129;0.00966;-0.0008831951832637;-5.434751916095637
105;8;Faulty sensor;0.007535;0.006164770879765119;0.00018;0.00356;0.00301;-0.0034449411295111696;-4.019234875775749
106;1;Normal;0.00051;0.042556825539506585;0.00109;0.02691;0.00575;-0.0012795725761055605;-6.788697785078782
107;8;Normal;0.0016;0.07349603934906969;0.00148;0.04696;0.0035;0.0013076733189410366;-7.102526942873565
108;4;Normal;0.05413;0.19559450299024253;0.00271;0.13194;0.02422;-0.0036096936096998325;-2.0071233986286874
109;8;Normal;0.00251;0.23975510442949904;0.001595;0.13643;0.01177;-0.00018831436673674205;-6.075086121802466
110;1;Normal;0.00027;0.10391543581201014;0.00101;0.0596;0.00884;-4.9861596297342134e-05;-7.648224098652766
111;1;Normal;0.00041;0.08623947877857333;0.00079;0.05735;0.00068;-0.0009252923140093751;-7.279983118731641
112;7;Normal;0.001395;0.12287381576235028;0.001065;0.07346;0.00415;-0.00010202646571349299;-6.383521845902566
113;4;Faulty sensor;0.40276;0.6272383643400649;0.007549999999999999;0.01646;0.00141;-0.003790622779601712;-0.07092884347136197
114;0;Normal;0.00027;0.1656783075722347;0.001505;0.1063;0.02001;-0.00046309734830357797;-7.90205839206119
115;5;Normal;0.00025;0.13771771309457617;0.00094;0.09275;0.00245;-0.0011756770170269267;-7.542142877826765
116;3;Normal;0.0020350000000000004;0.081177313949157;0.00069;0.04817;0.00865;-0.002103985604966051;-5.477938116897941
117;8;Unbalance;0.00089;0.27556826196062567;0.002735;0.16927;0.00859;-0.00032646271817977256;-6.823860379335193
118;8;Normal;0.004105;0.18445379502737264;0.0024749999999999998;0.10879;0.01982;-0.0001427400406317598;-5.4332471874821815
119;9;Unbalance;0.001825;0.4116436344703996;0.00344;0.24567;0.01991;-0.00011081492562609456;-6.339402132759571
120;1;Unbalance;0.00157;0.2911109281700019;0.001395;0.17056;0.00899;-0.0011370678779700646;-6.37292766352815
121;9;Normal;0.00297;0.15356083387374528;0.00155;0.09607;0.01119;0.0003127253785371347;-5.992861901016443
122;4;Normal;0.043344999999999995;0.21928215157645642;0.0057;0.12992;0.00929;-0.002587545594344295;-2.5278574166264454
123;6;Normal;0.00072;0.20298024559055003;0.001755;0.12078;0.00447;0.00023179355694288436;-7.262644884377018
124;4;Normal;0.02899;0.2365921013051788;0.00414;0.15795;0.01169;-0.00326981507457781;-2.731859310153358
125;4;Normal;0.00085;0.1899749699302516;0.005125;0.11237;0.00736;0.00014832498670773765;-7.239123671905554
126;3;Normal;0.0027549999999999996;0.17648627085413754;0.001715;0.1047;0.00149;-0.001462182079139275;-5.513904201210292
127;1;Faulty sensor;1.07733;0.18078351113970542;0.01423;0.05479;0.01233;-0.0036144453206301006;0.9749096984610373
128;10;Rubbing;0.00398;0.16831138731529724;0.00139;0.0009;0.00035;-0.0008636503268372491;-5.212606188642537
129;0;Normal;0.00042;0.17218179201065364;0.001065;0.10959;0.00793;0.0010617859239097098;-8.140224287403914
130;10;Normal;0.001905;0.125369497087609;0.001905;0.00239;0.00086;0.00012105082908802516;-6.139738955453729
131;8;Faulty sensor;0.00466;0.006942333901506036;0.00012;0.004;0.00211;-0.0032084591348217643;-4.552633726591829
132;8;Faulty sensor;0.006985;0.009123053216988268;0.00021;0.00423;0.00047;-0.003231350148202885;-4.218099996515114
133;5;Normal;0.000655;0.17127869890911712;0.00091;0.11363;0.00312;-0.0007039627960586365;-7.050132908010146
134;5;Normal;0.00074;0.14811111065683089;0.001;0.09886;0.00335;-0.0008303565279858852;-7.007378701133383
135;4;Normal;0.00367;0.07811297523459211;0.00116;0.05261;0.01474;-0.0010416492443801977;-5.470870445276442
136;5;Normal;0.000795;0.2132847577770151;0.001025;0.12206;0.00032;-0.00115631627148106;-7.145083795681584
137;7;Unbalance;0.000985;0.25997344133584105;0.002255;0.15872;0.01119;-0.0003016358701143383;-6.82298840768781
138;9;Normal;0.00437;0.08159283363139193;0.0048850000000000005;0.02682;0.00757;-0.0003947349238947382;-5.203677795909763
139;3;Normal;0.00413;0.11838522711892728;0.001215;0.068;0.00793;-0.0015124540357278676;-5.398125415014373
140;7;Normal;0.000995;0.1867251236443559;0.00204;0.11586;0.00385;-0.00010608305930501197;-6.538647151413993
141;1;Normal;0.00025;0.08546417904596051;0.001;0.04797;0.00686;-0.00042284213308364;-7.171574689382479
142;0;Unbalance;0.00043;0.28778765348777563;0.0025700000000000002;0.18532;0.0055;-0.0010124103558825945;-7.1597540472483185
143;5;Normal;0.00418;0.13743520982630325;0.00065;0.07842;0.00232;-0.003044393355104485;-4.7436098294333595
144;5;Normal;0.0006850000000000001;0.17942016692668636;0.000905;0.12228;0.00678;-0.000421631077048409;-7.194204358704813
145;9;Normal;0.002215;0.11672674029544387;0.001185;0.0659;0.00841;-0.0006703623400065336;-5.783406512021876
146;4;Faulty sensor;0.003155;1.8571824157039607;0.006705;0.02155;0.00077;-0.0023167942002545604;-5.033142651975972
147;4;Unbalance;0.000745;0.2600662448300432;0.00183;0.16503;0.00428;-0.000560346892601974;-7.068314753641612
148;8;Normal;0.0052049999999999996;0.1931637460808834;0.0023150000000000002;0.11629;0.01891;-0.0002038658765566665;-5.48647720578148
149;4;Normal;0.00112;0.13950386410418888;0.00213;0.093;0.01363;-0.0009911975404944945;-6.701596104004853
150;7;Normal;0.001435;0.04630814183272743;0.000655;0.0298;0.00218;-0.0012636133510821493;-5.949104094154997
151;7;Normal;0.0010400000000000001;0.2564752181010867;0.002725;0.16137;0.00527;0.0010676413491472504;-7.212452386700275
152;1;Normal;0.0008049999999999999;0.0638447116055825;0.000915;0.03966;0.00257;-0.0005458439116577972;-6.862592576617265
153;4;Normal;0.00149;0.17420183638526893;0.002935;0.10772;0.01793;-0.0013079386061961385;-6.088330614706224
154;4;Normal;0.021695;0.14941959911604635;0.0034;0.08446;0.01704;-0.0034262043727262452;-2.964596713451841
155;8;Normal;0.001905;0.18061939901350577;0.001795;0.11002;0.00518;-1.3564120560110426e-07;-6.614470394502518
156;5;Normal;0.0009;0.057139180078121535;0.00027;0.03599;0.00453;-0.001420161988432946;-6.805839386764372
157;1;Normal;0.0009;0.07635284932469778;0.00096;0.04732;0.00936;-0.00044278965316782686;-6.794923062012519
158;7;Normal;0.000835;0.2669520653600567;0.003765;0.16411;0.0097;-0.0002338024573338262;-6.477736018388421
159;5;Unbalance;0.004295;0.2915343782472318;0.0012;0.16649;0.00155;-0.0027610981866235634;-4.776415285897811
160;10;Normal;0.00384;0.09539332471404904;0.0018;0.00177;0.00054;-0.0011861661670132086;-4.97270043490816
161;5;Normal;0.00092;0.05454692750283924;0.00111;0.03386;0.00133;-0.0007589745051172521;-6.4859894730802985
162;5;Normal;0.00024;0.05147374282097622;0.00044;0.03366;0.00533;3.620421996336803e-05;-7.879098536876396
163;5;Normal;0.00098;0.1945283992120431;0.0010600000000000002;0.13163;0.00198;-0.0008115620866211525;-6.891367741453253
164;8;Faulty sensor;0.0057350000000000005;0.0035065510120344747;0.00014;0.00193;0.00054;-0.0031769274971886656;-4.360162889992553
165;6;Normal;0.000705;0.11739758046910508;0.00142;0.07108;0.00502;5.637470731102681e-05;-7.313979512019506
166;7;Normal;0.001435;0.269281981758899;0.001705;0.15104;0.00588;-0.0005250194608364549;-6.198526014158014
167;6;Normal;0.00108;0.03146997934540155;0.00098;0.01671;0.00812;0.0008223526184985572;-6.794498176147964
168;1;Normal;0.00129;0.05365814756400001;0.00043;0.03153;0.00065;-0.001346844242718481;-6.053984950404247
169;8;Normal;0.00172;0.11759633965391951;0.001365;0.07233;0.00498;0.0001215028234506632;-6.780325567574716
170;5;Rubbing;0.013285;0.026596101218035698;0.00057;0.01722;0.00132;-0.0029915952681677004;-3.6040210129071646
171;4;Normal;0.02669;0.12437839482804076;0.00325;0.08112;0.0233;-0.003479270458726157;-2.7440037972648184
172;5;Normal;0.00055;0.13291334771195856;0.000695;0.07802;0.00291;-0.0006407848076041697;-7.325601725274757
173;10;Normal;0.000405;0.03890950912052219;0.00084;0.00103;0.00051;-0.0001213947751392707;-7.122763174208991
174;4;Normal;0.00099;0.08135425434480976;0.00358;0.04446;0.01013;-0.00041643737177799497;-6.870793812760687
175;2;Normal;0.00066;0.1363724411308971;0.00107;0.08421;0.01036;0.00034072607722334525;-7.283974442324242
176;6;Normal;0.000775;0.208711429730142;0.00189;0.12439;0.01072;-0.00021139172721885784;-7.121724115644416
177;6;Normal;0.001695;0.13936767810364067;0.00148;0.08573;0.00937;0.00039381029577186926;-6.582954263240043
178;8;Unbalance;0.001785;0.31191696010316594;0.00276;0.19091;0.00773;-0.0011106853685542918;-6.2407670025237785
179;1;Normal;0.00345;0.10561193493161651;0.00066;0.06975;0.00398;-0.002257494139360218;-5.212789247538175
180;10;Normal;0.0007;0.14032828296533809;0.00115;0.00091;0.00091;-0.0007323433791415482;-6.752971563247373
181;7;Normal;0.000985;0.17314412233743312;0.00195;0.10245;0.0065;0.0007696441802738254;-6.8212532237646295
182;0;Normal;0.00091;0.21866601816468875;0.00181;0.14091;0.01867;-0.001272101876755304;-6.672332120699372
183;6;Normal;0.00178;0.2570683722280903;0.0023350000000000003;0.15831;0.005;0.001267485252388286;-6.871571935015536
184;6;Unbalance;0.038265;0.46245816362131614;0.004615;0.27854;0.00514;-0.002243240468677401;-2.6704250900765225
185;5;Normal;0.000875;0.17611531534764374;0.000855;0.10187;0.001;-0.0018712847285460236;-6.486256415891959
186;7;Normal;0.0013;0.01796912351785696;0.00048;0.00954;0.00638;-0.0015385419677093656;-6.990051995768547
187;1;Normal;0.00131;0.16775863941985225;0.00285;0.09886;0.01459;0.0012992227892770197;-6.92896428228051
188;5;Unbalance;0.000545;0.34142577963592613;0.0014399999999999999;0.19612;0.00507;-0.0009902395451135359;-7.155251042458112
189;2;Normal;0.00081;0.23983680409812003;0.0022050000000000004;0.15098;0.01044;-9.048144447509647e-05;-6.931431745292581
190;4;Normal;0.000655;0.07653932257343281;0.00268;0.04412;0.00709;0.00023517992985212013;-7.457977967758186
191;7;Normal;0.001185;0.1601186606863797;0.00149;0.09032;0.00294;-0.000358364334133061;-6.018116172998951
192;7;Normal;0.00078;0.18139406936281022;0.002005;0.11376;0.00042;5.495251791009378e-06;-6.694682345390056
193;1;Unbalance;0.001605;0.4284466006400331;0.00348;0.27245;0.00255;-0.002215334983300231;-5.486439713312569
194;10;Normal;0.000845;0.10448031393520983;0.00214;0.00146;0.00099;-0.0005820517031197796;-6.652450570216094
195;0;Unbalance;0.00033;0.28172672840893176;0.0014399999999999999;0.18986;0.01501;0.00043083050676264464;-7.850893630504042
196;9;Unbalance;0.00142;0.3971262264066678;0.00281;0.23801;0.03418;-0.0004888886445529345;-6.529004348685349
197;5;Faulty sensor;0.187145;0.055608648607927885;0.00483;0.00886;0.00156;-0.003093532204151616;-0.9733591714408147
198;7;Normal;0.00159;0.14442184045358236;0.00111;0.08333;0.00915;-0.0002023471413481591;-6.257268069910713
199;7;Normal;0.00082;0.1046540534332044;0.000695;0.0601;0.01077;-5.61704556327797e-05;-6.811065437009978
200;7;Normal;0.00113;0.25586933540383466;0.00226;0.14554;0.00713;0.00041441585618713503;-6.725815708251903
201;8;Normal;0.001955;0.23965626175837762;0.0020350000000000004;0.13496;0.01055;-0.0006374371490078639;-6.015195011184119
202;1;Normal;0.000795;0.16469725195035886;0.00125;0.09371;0.00186;-0.0005823051472980404;-6.818029210464299
203;8;Normal;0.000895;0.18618137661968234;0.002565;0.11446;0.00244;0.0006509089056418106;-7.091773468968409
204;7;Normal;0.00051;0.162832710165986;0.001635;0.07876;0.01776;0.00019759222262418904;-7.319670293200005
205;0;Unbalance;0.000405;0.3242104413802862;0.001635;0.2062;0.0116;0.0009337643037615196;-7.83667878321763
206;6;Normal;0.0037;0.09818051690635979;0.001145;0.05234;0.00336;-0.0012817029454324108;-5.208631600611543
207;9;Normal;0.001455;0.13947635462686858;0.001805;0.08563;0.00142;-0.0006325068245182766;-5.798913466744866
208;3;Rubbing;0.008545;0.06530344171634449;0.00102;0.041;0.00591;-0.0013392580430066935;-4.766739208366812
209;5;Normal;0.00424;0.06227207881546914;0.00042500000000000003;0.03855;0.00529;-0.002688361895473864;-4.889536850676048
210;2;Normal;0.00054;0.039828712005285836;0.0007;0.01848;0.00012;0.0002731043264967019;-7.47467562959865
211;2;Normal;0.0009350000000000001;0.06500999923088756;0.00043;0.03963;0.00504;-0.0011642545494963523;-6.410706623647842
212;10;Normal;0.00114;0.12767712050324442;0.00102;0.00097;0.00055;-0.0009195908384740924;-6.69344622485723
213;6;Normal;0.00287;0.17619662624465884;0.00251;0.09591;0.00808;-0.0001236051909195432;-5.790490163510151
214;6;Unbalance;0.0023;0.48802244210691786;0.00364;0.31202;0.01038;-8.86430182440181e-05;-6.4880130626702615
215;5;Normal;0.00064;0.21468869229654367;0.00089;0.12284;0.00706;-0.0004393435991495389;-7.221675487107639
216;8;Faulty sensor;0.00452;0.005927073476851794;0.00012;0.00338;0.00173;-0.0032318582117846126;-4.541627967911145
217;10;Normal;0.00172;0.041103370907992445;0.00102;0.00083;0.0002;-0.0015569358003016123;-5.801852528134607
218;7;Normal;0.00125;0.21260827100562196;0.0021650000000000003;0.12443;0.01193;-4.395667651730985e-05;-6.147282210158966
219;4;Faulty sensor;0.00464;0.008623827456529959;0.00061;0.00306;0.00025;-0.001949044406685314;-4.754284293038288
220;9;Unbalance;0.00101;0.35287735914903917;0.002635;0.21133;0.0085;-0.000822542511169013;-6.472585081809601
221;5;Rubbing;0.01251;0.15023024229495205;0.00075;0.08568;0.00444;-0.003404869522167543;-3.538016432352831
222;2;Normal;0.000505;0.23976564391088226;0.0016350000000000002;0.13841;0.00825;-9.890999913162251e-05;-7.257538267733855
223;8;Unbalance;0.00066;0.2848878453005673;0.00226;0.1699;0.00449;0.00042293834604062664;-6.843877011349259
224;6;Normal;0.001855;0.23896159063749137;0.00243;0.14702;0.01221;0.0002572375560091988;-6.229086454648562
225;6;Normal;0.001365;0.07319623897441727;0.00207;0.04039;0.0089;-0.0002657461514414731;-6.478275239985678
226;10;Normal;0.001375;0.11720035366840836;0.001425;0.00128;0.00048;-0.00072308838163159;-6.087797649319407
227;8;Unbalance;0.002275;0.3289831021496393;0.00268;0.19877;0.01679;-0.0007612892378443466;-5.846762160025988
228;8;Normal;0.0011;0.1284596703249701;0.00174;0.07469;0.00911;0.0009094654634331019;-6.8548338794581705
229;10;Rubbing;0.003405;0.06486521949396302;0.00099;0.00097;0.00032;-0.0004190617693250902;-5.691559057768259
230;10;Normal;0.00316;0.040326790102858424;0.00031;0.0002;0.00024;-0.0007747415252185961;-5.933021050806888
231;10;Normal;0.00084;0.1441696722615405;0.001555;0.00131;0.00094;-0.0005590832880168676;-6.544349685099176
232;1;Normal;0.00053;0.15660860257342188;0.00109;0.09016;0.00858;-0.00010235147441313224;-7.060576221323263
233;4;Normal;0.00069;0.12124574054374034;0.00084;0.07038;0.01811;-0.0005673183232245266;-6.980318986318437
234;1;Normal;0.00111;0.20421711363154654;0.00131;0.11826;0.01535;-0.0017567724643850829;-6.281791225740444
235;9;Misalignment;0.002985;0.28473957276781886;0.00282;0.16397;0.03561;-0.000563825219045724;-5.604253455930735
236;7;Normal;0.001045;0.0701385500277843;0.00042;0.04249;0.00585;3.356867749478157e-05;-6.885060330182948
237;10;Normal;0.00434;0.10288497266364997;0.00042;0.00039;0.00082;-0.0011881981655016362;-5.445869913355563
238;4;Normal;0.03019;0.13784979724323138;0.0030600000000000002;0.09105;0.01256;-0.0033282589054881343;-2.668752713016075
239;5;Normal;0.00084;0.17482255489495627;0.00125;0.11724;0.00141;-0.0021970469483875788;-6.431672384243452
240;7;Normal;0.000895;0.0636829859538637;0.0007;0.04233;0.02041;0.0009396201227476856;-7.5488393309304005
241;9;Normal;0.001025;0.26171268138934345;0.002425;0.15597;0.02696;-0.0007197834945602502;-6.570699598089798
242;5;Unbalance;0.0007650000000000001;0.2539292714517174;0.00129;0.16858;0.00158;-0.001039685890721285;-7.1755964720294365
243;4;Normal;0.001155;0.26736984197923297;0.00492;0.16289;0.01054;-0.0005608240998639081;-6.72902068186461
244;1;Normal;0.00613;0.11406319169653285;0.001685;0.07388;0.0042;-0.0018020630044804527;-4.722326883549511
245;10;Normal;0.003045;0.06868315805202903;0.00136;0.00118;0.00058;-0.001097579920001746;-5.717531228905303
246;1;Faulty sensor;0.2797;1.080057944047448;0.01092;0.01833;0.0032;-0.0032869672351557243;-0.512560566074922
247;6;Normal;0.00149;0.13978011661176992;0.0019;0.08634;0.02279;-0.0007490980629164413;-6.637117013598708
248;0;Normal;0.0005;0.19417248440497434;0.00109;0.11073;0.0025;-0.00033864789780386356;-7.332098183016577
249;1;Normal;0.00069;0.07029997724039462;0.00081;0.04356;0.003;-0.0018659459716240721;-6.529158361883541
250;3;Rubbing;0.00633;0.01382851040423371;0.00051;0.00697;0.00263;-0.001956833767361646;-4.903051874547842
251;1;Normal;0.000395;0.22697276378455633;0.0015;0.13145;0.01395;-0.0012029707679463047;-6.8437492650818115
252;10;Normal;0.00103;0.1398173844698863;0.001255;0.00109;0.00086;2.3745321239995973e-05;-6.585557550258606
253;6;Normal;0.000655;0.1824420694357527;0.0020350000000000004;0.11344;0.0081;0.0012380120734122918;-7.547811721101098
254;5;Normal;0.00049;0.026940740524343424;0.00013;0.01829;0.00264;-0.0014897014546993285;-7.34507600762148
255;7;Normal;0.00108;0.10471301781536048;0.00119;0.05934;0.01025;-5.092263455353037e-05;-6.36109199005005
256;10;Normal;0.00238;0.09456556825821966;0.0004;0.00035;0.00097;-0.001451153255691935;-5.79357208745423
257;10;Normal;0.0006950000000000001;0.18783504651688404;0.00092;0.00064;0.00023;-0.0013224075698759859;-5.939803089561553
258;10;Normal;0.00075;0.10955753967664664;0.00066;0.00044;0.00126;-0.0005138073686537709;-6.901827421639301
259;5;Normal;0.0007700000000000001;0.1651658557329571;0.00099;0.10667;0.004;-0.00046391938279592975;-7.015344630814172
260;3;Normal;0.001825;0.04558730305688196;0.0008500000000000001;0.02846;0.00712;0.00040582649886093;-6.625345181398041
261;5;Faulty sensor;0.58558;0.1291898215804945;0.011195;0.01922;0.00446;-0.0033006843563499902;0.2783148779749234
262;4;Normal;0.091385;0.09281244367001659;0.00161;0.06141;0.01512;-0.0036899586798544394;-1.4657287840792512
263;4;Normal;0.000925;0.09154504301162351;0.0039050000000000005;0.04757;0.00522;9.721841177754273e-05;-7.143538995110559
264;10;Normal;0.00051;0.07807079031238252;0.0009500000000000001;0.00077;0.00062;0.002090693738682641;-7.57837895423966
265;7;Normal;0.00085;0.25427784134682285;0.003215;0.15781;0.01179;0.000990820490474588;-7.272768721053446
266;6;Normal;0.0008799999999999999;0.04290859237961553;0.00162;0.0224;0.00651;0.00039114564533476086;-6.758562429231041
267;6;Unbalance;0.00076;0.3058578074857662;0.00239;0.18934;0.00111;0.00028682230164535794;-7.064132641811699
268;3;Normal;0.00099;0.061907652192600554;0.00055;0.03633;0.01344;-0.0010259120510251493;-6.314926007858682
269;10;Normal;0.001905;0.16773841748389068;0.0013050000000000002;0.00079;0.00067;-0.000501969517056965;-6.124537689828948
270;8;Unbalance;0.001105;0.3605419599713742;0.00369;0.22095;0.01359;-0.0009946699336554185;-6.149071461952605
271;8;Faulty sensor;0.00885;0.005575204032140887;0.00021;0.00343;0.0008;-0.003288044136722036;-3.9015483111397886
272;10;Rubbing;0.006234999999999999;0.03500834186304744;0.00025;0.00017;0.00063;-0.0011458517181096581;-5.03768412572226
273;10;Normal;0.00193;0.026761950601553692;0.000735;0.00063;0.00055;-0.0008848133427800162;-6.076528909137084
274;8;Normal;0.00239;0.11234939029652097;0.00182;0.05615;0.01935;0.0006607111952118105;-5.885324180421612
275;8;Faulty sensor;0.007485;0.005980535093116669;0.00017;0.00356;0.00256;-0.0032651501215950653;-4.088713386205279
276;3;Normal;0.00107;0.11046252350910692;0.000955;0.06369;0.01085;-0.0006743644232345623;-6.373634610614127
277;5;Normal;0.000585;0.14131126388225393;0.000715;0.0888;0.00264;-0.00027491726900952815;-7.374990720732337
278;4;Normal;0.00161;0.22616135368360352;0.00397;0.14049;0.0256;-0.0008679712136998493;-6.423675624275665
279;1;Normal;0.00221;0.21229167623814177;0.001655;0.14351;0.00771;-0.0009142541178960071;-5.925624733829684
280;5;Normal;0.00059;0.15234613615054368;0.00083;0.08743;0.00443;-0.0008282025284982565;-7.329579318195929
281;9;Normal;0.00257;0.2518033967205367;0.0020150000000000003;0.15591;0.0166;-0.0008427143431467212;-5.611952708476247
282;4;Normal;0.000945;0.11072970829908295;0.000995;0.07026;0.01284;-0.0007543709634204422;-6.699880235586549
283;1;Normal;0.000465;0.12024885695922437;0.0010400000000000001;0.06916;0.00119;0.00029261193012003716;-7.211452905205509
284;1;Rubbing;0.0027949999999999997;0.038676438564066364;0.001905;0.01489;0.00171;-0.0012257614881188202;-5.476535693862886
285;6;Normal;0.0020499999999999997;0.19164816670138013;0.00165;0.10898;0.01246;0.00011365580206000368;-6.2453144731736225
286;9;Normal;0.001865;0.24854763346288372;0.001395;0.14707;0.00902;-0.0009133094220589481;-5.887115839521563
287;5;Faulty sensor;0.105305;0.026540146947596203;0.0023150000000000002;0.00421;0.00039;-0.003176754517552226;-1.537045314270688
288;6;Unbalance;0.001975;0.400126358167017;0.004235;0.22565;0.01866;0.00044063555761331813;-6.072377325906696
289;7;Unbalance;0.000495;0.30729849625404937;0.001985;0.17719;0.00227;1.96249450981032e-05;-7.0765024929108105
290;7;Normal;0.00178;0.08403493380731611;0.00084;0.04967;0.00542;-0.0006788739280100685;-6.180950946693743
291;3;Normal;0.00213;0.18016965588022865;0.0013;0.11876;0.0165;-0.0011368469331433904;-5.74403533737377
292;8;Faulty sensor;0.00583;0.0033809318242165134;0.00014;0.00184;0.00034;-0.003158192478759822;-4.389540343558515
293;6;Normal;0.001555;0.15460931116850626;0.0020949999999999996;0.09175;0.00428;0.0005108426599539451;-6.415964373000896
294;10;Normal;0.00209;0.13716192110057368;0.0006850000000000001;0.00071;0.00025;-0.0006281148387140334;-6.325922376923597
295;6;Normal;0.00127;0.10904013343718909;0.00203;0.0635;0.0094;0.0002230632220348108;-6.833904358159077
296;7;Normal;0.00119;0.04608211692186026;0.00041;0.02778;0.00525;-0.0015101621803852267;-6.436667363596413
297;5;Normal;0.00079;0.21761462956336367;0.001085;0.12786;0.0004;-0.001049546556778363;-7.199004930300923
298;8;Normal;0.001545;0.20402207993254062;0.00161;0.11529;0.01896;-0.000594566669091169;-6.375987630403489
299;7;Unbalance;0.00067;0.40488817147454437;0.003345;0.25163;0.01396;4.1737408826830066e-05;-6.832421999926842
300;8;Normal;0.001015;0.04950796400580416;0.002425;0.02468;0.00186;0.0012680017136646516;-7.245396036605687
301;10;Rubbing;0.004365;0.11522368202761096;0.00044;0.00041;0.00071;-0.0008020768374145811;-5.207398787162608
302;8;Normal;0.001025;0.24288517554597686;0.002045;0.14059;0.01444;-0.0006231919246663166;-5.9768758457449955
303;10;Normal;0.00249;0.0766667189854894;0.0007750000000000001;0.00067;0.00054;-0.0009017824490888761;-6.186155927773523
304;1;Normal;0.00096;0.1900613769286122;0.00195;0.12038;0.00179;-0.0009193946339113144;-6.175708825796966
305;1;Normal;0.00028;0.17967377354527844;0.002155;0.10095;0.00531;0.0008769472495220559;-8.078364751020413
306;10;Normal;0.002785;0.10596380278189341;0.00081;0.00083;0.00035;-0.0016919524769361417;-5.857988291624328
307;7;Normal;0.00041;0.13504667341330553;0.00099;0.07994;0.00235;6.475161647635941e-05;-7.382477173982794
308;7;Normal;0.001485;0.14047804205640113;0.0011;0.08387;0.00323;3.959874613307472e-05;-6.304106508726133
309;7;Normal;0.00059;0.05297548584015064;0.000575;0.03132;0.00517;-3.4882402776157915e-05;-7.4327552476106025
310;0;Normal;0.00029;0.16991620405364521;0.001545;0.11051;0.00822;-0.00018184939026486265;-7.916852350234629
311;6;Normal;0.001155;0.09695300150072715;0.00154;0.05909;0.00777;0.0006340039830880959;-6.991520427148106
312;6;Unbalance;0.002045;0.683099122821864;0.00516;0.39491;0.00347;0.0002891158256487386;-5.986517601946095
313;5;Normal;0.000845;0.18837388274386657;0.00097;0.11744;0.00164;-0.00105340138431959;-7.158124945390007
314;7;Normal;0.0005;0.06583119093560438;0.00073;0.03934;0.00442;0.00018232984510999846;-6.876916563039463
315;4;Unbalance;0.009025;0.2725196059001994;0.00295;0.18436;0.0263;-0.0028667491422193162;-3.9493239317577284
316;9;Normal;0.00187;0.02184115381567558;0.00058;0.01314;0.0172;-0.000629427602200896;-5.961390651947696
317;10;Normal;0.00053;0.14342450697143777;0.0011;0.00095;0.00012;-0.0006132540245074754;-6.704965861919233
318;10;Normal;0.00096;0.079837307695087;0.00151;0.00099;0.0007;-0.0007573633403934998;-6.508354970429741
319;8;Normal;0.0014;0.07619242022668658;0.0020150000000000003;0.04136;0.008;0.0011259499291285493;-6.891237106351195
320;10;Normal;0.004;0.0880001011363055;0.001715;0.00115;0.00081;-0.0012390275798688647;-5.00350123968777
321;5;Normal;0.000415;0.07162779697854738;0.00047;0.04691;0.00408;0.00011787325506412623;-7.818392304120014
322;10;Normal;0.001395;0.040399407173868286;0.000855;0.00087;0.00043;-0.0017684676812814515;-5.8323492154559275
323;2;Normal;0.00111;0.18204353490305553;0.00186;0.11416;0.00656;-0.0006719593938711231;-6.566330768505347
324;10;Normal;0.00147;0.10771345227036408;0.00126;0.00126;0.00059;-0.0006453203675038026;-6.133420464812635
325;9;Normal;0.00173;0.0660704843330212;0.0013;0.0415;0.00919;-0.0002404388312559334;-6.238676055449783
326;3;Normal;0.0033949999999999996;0.08951872485687004;0.00115;0.05405;0.00175;-0.0019269264032675609;-5.264331379713447
327;10;Normal;0.004869999999999999;0.049209735825342535;0.00145;0.00164;0.0007;-0.0019465140493992168;-4.830649205321064
328;2;Normal;0.001455;0.06533711732239188;0.001015;0.03688;0.00253;-0.0014776508410634923;-6.086564974558432
329;1;Normal;0.00051;0.035891461380111005;0.00027;0.02432;0.00799;-0.00022739192068465717;-6.77338440514056
330;2;Normal;0.0004;0.12844649547574272;0.00135;0.07926;0.00616;-0.00020510400692205528;-7.233094170829811
331;4;Unbalance;0.000945;0.4001562967141714;0.0027099999999999997;0.25083;0.006;-0.0007456740129562793;-6.74931771351023
332;10;Normal;0.0019;0.06319114257552241;0.001165;0.00102;0.00032;-0.002049712591713868;-5.383186398289322
333;4;Normal;0.000995;0.20721462810332675;0.004280000000000001;0.12523;0.00262;-0.0010130559200414815;-6.533959757542039
334;2;Normal;0.00271;0.19999104554954453;0.001345;0.1205;0.00703;-0.0016046399774941008;-5.5459303347194835
335;7;Normal;0.00144;0.05101690602143568;0.00053;0.03052;0.0068;-5.898841282584071e-05;-6.672505755074198
336;4;Unbalance;0.00074;0.276348239183824;0.0020749999999999996;0.17288;0.01128;-0.0003551323871210735;-6.8012620485075015
337;5;Normal;0.00084;0.04215734929997378;0.000695;0.02405;0.0042;-0.00017614721413126898;-6.810679166481389
338;1;Normal;0.00176;0.04041139690730821;0.00049;0.02669;0.00236;-0.0012956671791900217;-5.963478713831774
339;3;Normal;0.001735;0.10233363034701738;0.00118;0.05953;0.00554;-0.0008189010666154869;-6.227342864118029
340;10;Normal;0.00229;0.10220726735413681;0.000925;0.00059;0.00034;-0.0007394760550458141;-5.696170983820069
341;0;Unbalance;0.00043;0.2748597469619733;0.0025050000000000003;0.16976;0.01271;-0.0004444799372604338;-7.382872201322016
342;10;Normal;0.001225;0.27904279850947594;0.00217;0.00274;0.00024;0.00012608452197670147;-6.307043036036361
343;1;Normal;0.0005200000000000001;0.08872686459015669;0.000745;0.05683;0.00349;-0.000623408857852785;-7.034639312586588
344;8;Normal;0.002215;0.11235353087464585;0.001415;0.06747;0.00545;0.0008099964579944914;-6.45600172954643
345;7;Normal;0.0008500000000000001;0.1584319342809397;0.00105;0.09426;0.00172;-3.5584246319881386e-05;-6.892443373084469
346;8;Normal;0.00095;0.2565306231232443;0.00224;0.15648;0.00759;0.0002391398966451115;-6.936155151083854
347;6;Normal;0.00074;0.0593695982806015;0.00086;0.03642;0.00545;0.0003387450423029187;-7.3038714020556075
348;8;Faulty sensor;0.00756;0.005975901605615675;0.00017500000000000003;0.00347;0.00096;-0.0034452499628541823;-3.9867271056110063
349;5;Normal;0.00049;0.2143353832198501;0.000955;0.12494;0.00539;-0.00045263311441211154;-7.613365482074487
350;4;Normal;0.00157;0.17649773143018013;0.005050000000000001;0.1095;0.02935;-0.0003863751548025808;-6.560832688572949
351;2;Normal;0.00059;0.06425157819073396;0.00062;0.03852;0.00449;-0.0005602946935351774;-6.99386566316512
352;8;Normal;0.00071;0.07261677285586299;0.0015049999999999998;0.04174;0.00264;0.0009283315640485193;-7.569080499052444
353;4;Normal;0.00064;0.031073905451359025;0.00034;0.02052;0.00861;-7.054454569140465e-05;-7.024078385184377
354;1;Normal;0.00167;0.18431987575950676;0.00105;0.11661;0.00131;-0.0010002950737144642;-6.350874347024598
355;10;Normal;0.00223;0.07345620736193777;0.00097;0.00073;0.00058;-0.0001326841596746796;-6.2353892076326325
356;8;Faulty sensor;0.0049099999999999994;0.0029755335655979416;0.00011;0.00161;0.00208;-0.003151611358508892;-4.493399814390166
357;6;Unbalance;0.00133;0.28796196658586704;0.002595;0.17426;0.01069;-6.609267305960232e-05;-6.865949993342922
358;5;Normal;0.000465;0.10394815053669788;0.00054;0.06501;0.00326;-0.00010056898308688524;-7.417658554934246
359;8;Normal;0.001475;0.22123125276506483;0.00218;0.12717;0.0081;1.9750406167143686e-05;-6.156533886579968
360;3;Normal;0.00151;0.21322627886824833;0.001735;0.14434;0.01051;-0.0009685052949434923;-6.469821038672691
361;7;Normal;0.00162;0.08290574226192056;0.000545;0.0554;0.01444;0.00019901409555463182;-6.995857872848689
362;0;Unbalance;0.00033;0.36700299344828236;0.00448;0.21874;0.00956;-0.00026957998621024605;-7.759338239788007
363;6;Normal;0.003875;0.08456712718308457;0.002065;0.04766;0.01855;-0.00028803870914615007;-5.842867196819029
364;9;Normal;0.0041600000000000005;0.11649343887103684;0.0028;0.05851;0.00696;-0.0005947852706337497;-5.258016308692477
365;3;Normal;0.00124;0.027163381600971558;0.00048;0.01546;0.01;-0.00017141697427818547;-6.821555889075662
366;4;Normal;0.00051;0.17750769757956975;0.00106;0.10314;0.00262;-0.0007617009378512409;-7.047868690463033
367;6;Normal;0.001275;0.19668419763671915;0.0022;0.12106;0.01026;-4.897423139954654e-05;-6.553112390035645
368;2;Normal;0.0007;0.12791324247317007;0.0011;0.07883;0.00952;0.0003033708857174624;-7.270904562290202
369;4;Normal;0.00738;0.11771253714027237;0.00382;0.07376;0.0019;-0.003149212615397843;-4.138766691111098
370;10;Normal;0.003885;0.09810504268384986;0.00077;0.00067;0.00051;-0.0004455571729478319;-5.787645371142611
371;4;Normal;0.00065;0.24441048259025225;0.00173;0.13902;0.0133;0.00028103608600835514;-7.435664944505897
372;4;Normal;0.001515;0.030804168549077898;0.000505;0.0202;0.00727;8.15116768505139e-05;-6.3342075015014645
373;4;Normal;0.001145;0.17486883684636323;0.00635;0.0992;0.00908;0.0002003587887667753;-6.872497490012244
374;6;Normal;0.00132;0.1440817125800495;0.002235;0.08222;0.01407;-0.00021622215929730705;-6.331941166734165
375;2;Faulty sensor;0.00277;0.005212178047611191;9e-05;0.00318;0.00011;-0.003021639751679216;-5.090400412704372
376;0;Unbalance;0.00046;0.30147788078066357;0.00229;0.17512;0.01306;0.00033568327405724774;-7.486351616428353
377;7;Normal;0.000955;0.23199390078189555;0.00144;0.1407;0.00357;-0.00028009594878942556;-6.397301704604735
378;4;Normal;0.00867;0.15021418375106924;0.00336;0.09848;0.00479;-0.0031328593168136695;-3.9854838948168636
379;4;Normal;0.00087;0.10445435606043438;0.00219;0.06872;0.01735;-0.0005309634279746534;-6.895381099112169
380;5;Faulty sensor;1.96085;0.4988712863053956;0.041935;0.07519;0.01098;-0.0030763727106951954;1.3784544593011996
381;10;Rubbing;0.0044399999999999995;0.13967740475825;0.001355;0.00129;0.00068;-0.0007923520162854324;-5.195638167107391
382;5;Normal;0.000745;0.05798957837404924;0.00039;0.0388;0.00114;-0.0015755903608080822;-6.722815972208129
383;7;Normal;0.001275;0.04167364154954544;0.001005;0.01733;0.00163;0.0014782536033353011;-7.018886311850808
384;7;Normal;0.001105;0.0396466581189386;0.00098;0.0248;0.00859;-0.0008673180558812708;-6.549342202106778
385;8;Normal;0.004215;0.22256902547299795;0.00223;0.13195;0.00901;-0.0005269114108569268;-5.180737515775606
386;1;Normal;0.001765;0.05988129424119021;0.00107;0.03828;0.00382;0.0007850881433858546;-6.9273809576504455
387;7;Normal;0.000955;0.22468594971648762;0.00178;0.13419;0.00309;-0.00026443771797459017;-6.81046052417299
388;8;Faulty sensor;0.007555;0.006005405898022215;0.00017;0.00344;0.00246;-0.0032508872834147652;-4.104387377831545
389;10;Normal;0.002175;0.04468732146817485;0.0008;0.00149;0.00055;-0.0008369746478206838;-5.707780732765749
390;3;Normal;0.00118;0.2592143616777434;0.0012850000000000001;0.15136;0.00589;-0.000790455499920735;-6.368144278973561
391;7;Normal;0.000785;0.015117360880788685;0.000365;0.00777;0.0016;0.00013835956540239646;-7.107872671353745
392;3;Rubbing;0.003735;0.07262296881841171;0.00108;0.04773;0.00321;-0.0015165073840461944;-5.232086626615384
393;3;Faulty sensor;0.010085;0.014897617259145839;0.000815;0.00446;0.00021;-0.002004467355661912;-4.054776060906216
394;3;Normal;0.00136;0.10577089202611463;0.00129;0.06276;0.00885;-0.0004965758672825111;-6.626864609255727
395;0;Unbalance;0.00055;0.3457275320248591;0.002085;0.20098;0.01634;0.00014650219527217976;-7.291792624980031
396;5;Normal;0.00091;0.1601453633421836;0.00077;0.10345;0.0039;-0.00044387235333657375;-6.880894939947325
397;4;Normal;0.001085;0.13711020676813232;0.00189;0.08731;0.0252;0.0003882418141407527;-7.074216319429054
398;6;Normal;0.001415;0.07743784217034977;0.0016099999999999999;0.0426;0.01215;0.0002628889139730021;-6.442735445884204
399;1;Normal;0.00049;0.1420195799881129;0.001365;0.08917;0.00068;-0.00047756516834167984;-6.905158843140391
400;8;Normal;0.00267;0.19319436818913746;0.0018549999999999999;0.11744;0.01893;-0.0006241512463107056;-5.899821470192773
401;4;Normal;0.00155;0.09675248627296357;0.00094;0.06468;0.02076;-0.002037189220797267;-5.856458345720853
402;10;Rubbing;0.004535;0.15382497001462409;0.001275;0.00135;0.00022;-0.0006339363346890009;-5.200095510954222
403;4;Unbalance;0.00081;0.43537706806858817;0.002575;0.25302;0.00825;-0.0005671922052350275;-6.981875075685377
404;0;Unbalance;0.00048;0.4075841491029797;0.003375;0.26454;0.00154;-0.0010152469324748899;-7.123532690897004
405;6;Unbalance;0.00098;0.2786495406420043;0.002555;0.1661;0.01241;0.00012225763836071216;-7.234981774121086
406;5;Normal;0.00059;0.16764178625867715;0.00122;0.11293;0.00266;-0.0027507731552173747;-6.534121254850376
407;1;Normal;0.0007;0.10160304670628731;0.001145;0.06045;0.0016;0.00022576860916112478;-7.419584933180356
408;6;Normal;0.00094;0.09374380512865903;0.00112;0.05353;0.00533;-0.0005730200842425943;-6.488706162381659
409;10;Normal;0.003785;0.07303150347623963;0.00057;0.00051;0.00078;-0.0006961775411604464;-5.680357002136731
410;1;Rubbing;0.02361;0.08674100645023666;0.00125;0.05284;0.00066;-0.0030249236756928056;-2.9922175879327373
411;5;Normal;0.0005200000000000001;0.17477169965414882;0.000825;0.10117;0.00441;-0.0005794044886846881;-7.173145506208097
412;1;Normal;0.00033;0.14312595431996253;0.00071;0.08151;0.00163;-9.770369337405297e-05;-7.503694789275852
413;7;Normal;0.001095;0.19806401111761826;0.00182;0.13186;0.00262;-0.0001576308561637679;-6.718025365842249
414;10;Normal;0.00319;0.17072430963398272;0.0021149999999999997;0.00174;0.00032;-0.0005637910825276804;-5.829647886306523
415;0;Normal;0.000855;0.05815824189227182;0.00074;0.03367;0.01561;-0.0005229220823917152;-6.800309167465404
416;4;Faulty sensor;0.000835;0.33200548308725264;0.0012850000000000001;0.00366;3e-05;-0.0027135502182765604;-6.468243494050056
417;7;Normal;0.00103;0.06534103840619615;0.00081;0.03821;0.00286;-0.000773411143860451;-6.818168693921758
418;0;Normal;0.00035;0.06015507459890645;0.00055;0.03905;0.00971;-0.0014241970603948186;-7.398882751306578
419;4;Normal;0.00047;0.0908293322666197;0.00127;0.05959;0.0191;-0.0003971772572738069;-7.190884430739815
420;4;Faulty sensor;0.00781;0.7349827039461541;0.00308;0.00865;9e-05;-0.0024147543571384315;-4.394822968619271
421;4;Normal;0.00081;0.16313332890614352;0.00186;0.10621;0.01388;-0.0004615312296611724;-6.924853664151964
422;5;Normal;0.001445;0.10047363932893046;0.00074;0.06709;0.00095;-0.0031527405123119565;-5.695151915785451
423;10;Normal;0.001905;0.1668813692417461;0.00124;0.00129;0.00098;-0.0009809155262371773;-5.7493393646057385
424;7;Normal;0.001485;0.0586198908221433;0.000655;0.03789;0.00355;-0.0011968062338387063;-5.946307423611472
425;6;Normal;0.0010400000000000001;0.11701911339606022;0.00237;0.06915;0.01137;-0.0003195222601088599;-6.818609884894344
426;7;Normal;0.00076;0.16298579355268975;0.001875;0.10183;0.01144;0.0005519809195018331;-7.068802110239648
427;5;Normal;0.000545;0.137536516605591;0.000825;0.08129;0.00568;-0.00035260037448758396;-7.031422655044211
428;4;Faulty sensor;0.007815;1.8300992143597024;0.00695;0.02078;0.00075;-0.0018950022126652177;-4.401366294338114
429;1;Normal;0.000815;0.1602627773377212;0.001535;0.09146;0.00147;-0.0008551573528193824;-6.497127849232996
430;10;Normal;0.0016849999999999999;0.08183258214183395;0.00083;0.00069;0.00012;-0.001309245329111034;-5.749098253346668
431;10;Normal;0.002155;0.09436132258505071;0.001455;0.00133;0.00027;-0.0008153193398585942;-5.759587563148746
432;3;Normal;0.00086;0.0642301673670558;0.00112;0.03649;0.01137;-0.00036792161972580567;-6.7804820388780165
433;5;Normal;0.000495;0.009436789708370108;0.00026000000000000003;0.00552;0.00196;-0.00035971107597215313;-7.264570806065909
434;10;Normal;0.0019;0.19905070434439562;0.00205;0.00139;0.00055;0.000667474999607163;-6.5472588013376205
435;4;Normal;0.00106;0.22199012793365383;0.00162;0.13907;0.01514;-0.0017149130422348497;-6.297437426819308
436;0;Normal;0.00211;0.12024553671550557;0.0013;0.07754;0.00331;-0.0028612416651891577;-5.6027474603278495
437;8;Unbalance;0.00403;0.32494517075962215;0.003645;0.19508;0.02083;-0.0005880753044367927;-5.443642420611514
438;6;Unbalance;0.001225;0.4655118496880611;0.0035900000000000003;0.28621;0.00475;-0.00034321024279182667;-6.733752703240416
439;1;Normal;0.0006000000000000001;0.08144186945300312;0.00092;0.05498;0.01081;-0.0007866771059561344;-6.735028697973256
440;1;Normal;0.00021500000000000002;0.02807966702081775;0.00066;0.01576;0.00974;-0.00039627659962119453;-7.208098646438455
441;9;Normal;0.00425;0.15249579404036034;0.00221;0.08646;0.02888;-0.0004555034618736853;-5.5529846165208685
442;6;Normal;0.0008849999999999999;0.1564541913788186;0.0016;0.09615;0.00986;0.0019461546611687973;-7.331117342398202
443;8;Normal;0.003895;0.19657594435739079;0.00182;0.12284;0.00888;-0.0003453136039251692;-5.558435529244716
444;5;Normal;0.00078;0.08633668108052335;0.000695;0.05061;0.00422;-0.00020245977031977335;-7.006101695208474
445;5;Normal;0.00082;0.06035186989646634;0.00055;0.0354;0.00384;-6.590072900525818e-05;-7.046525713277643
446;1;Normal;0.00106;0.08902921093663585;0.001245;0.04985;0.00108;-0.0010936980865456428;-6.289493531758647
447;0;Unbalance;0.00042;0.2834457297261682;0.00254;0.17691;0.0113;-0.0007285243173508156;-7.367386599830093
448;5;Normal;0.000825;0.12919896555313437;0.00069;0.08107;0.00275;-7.573736510611724e-06;-7.139112378053966
449;10;Normal;0.00308;0.052913911214348915;0.001335;0.00117;0.00055;-0.0016965285907030185;-5.519738782446845
450;7;Unbalance;0.0012950000000000001;0.312761076062863;0.00356;0.19169;0.01832;0.0012384557621780599;-6.988224096493792
451;5;Faulty sensor;0.22277000000000002;0.05785547251557107;0.00485;0.00909;0.00183;-0.0033264069012377893;-0.6475049647320097
452;10;Normal;0.00185;0.16536045930028134;0.00139;0.00123;0.00145;5.2658006643606804e-05;-6.092397835950436
453;1;Normal;0.000635;0.005952024865539458;0.00036;0.00255;0.00337;-0.00038541334617137746;-6.664385639350768
454;2;Normal;0.000715;0.05925964731585904;0.00059;0.03635;0.00683;-0.000787404361821183;-6.884186465370117
455;3;Normal;0.000835;0.11176435299325095;0.001225;0.06768;0.00299;-0.0003008353374808729;-6.888614333693934
456;5;Normal;0.00119;0.0874763688089532;0.001095;0.05555;0.00548;-0.0010442119802359358;-6.233864132933893
457;7;Normal;0.00097;0.3216256703063361;0.002145;0.1909;0.00421;-0.0004605348821404409;-6.516687774164302
458;6;Unbalance;0.001905;0.4350019849380001;0.00494;0.25777;0.01414;0.00012259399084208608;-5.9678933233480524
459;1;Normal;0.00106;0.22113013295342632;0.00133;0.12744;0.0123;-0.0019659027959114707;-6.332624137541991
460;5;Normal;0.00051;0.1526098630495421;0.00078;0.0876;0.00096;-0.00043767537936130127;-7.724538029354351
461;1;Normal;0.00079;0.018497821493354293;0.001435;0.00218;0.00733;-0.001414581808402438;-6.426283479774944
462;10;Rubbing;0.001105;0.12648743415849656;0.0015;0.00109;0.00032;0.00014340531879944844;-6.3322810724979774
463;1;Normal;0.001975;0.12253228554140334;0.0028650000000000004;0.06598;0.00721;-0.00033859880631907484;-6.000598257957492
464;1;Normal;0.0009350000000000001;0.07968219688236514;0.000695;0.0528;0.00201;-0.0006563271501434982;-6.970149678287187
465;9;Unbalance;0.00298;0.3555698586775881;0.0034549999999999997;0.20264;0.02856;-4.837088289987254e-05;-5.937548961620158
466;4;Normal;0.0009350000000000001;0.14653479450287565;0.0017;0.09895;0.02818;-0.0007677135445497841;-6.558625228952607
467;7;Normal;0.00133;0.14946090826701142;0.00241;0.09201;0.01279;0.0003864844363317007;-6.626783934695471
468;10;Normal;0.0024850000000000002;0.11622213816653006;0.002295;0.00196;0.00025;0.0001509217665203018;-6.031929977329694
469;1;Normal;0.001695;0.08999410314015024;0.001105;0.0536;0.00329;-0.0009456798437324661;-6.009588991064073
470;7;Normal;0.001255;0.21182635695304775;0.00228;0.13433;0.01491;0.0006608709487325663;-6.543099473121125
471;7;Normal;0.00029;0.03759608889233027;0.00049;0.0211;0.00601;0.00027727196158408617;-7.437516938639841
472;5;Normal;0.00078;0.11466821224733557;0.00163;0.07642;0.00388;-0.0006209405267849586;-6.74641039800076
473;10;Normal;0.00135;0.10846714756090896;0.00069;0.00055;0.00059;-0.001446421508941558;-6.230774825831396
474;9;Normal;0.0049700000000000005;0.21517637137938728;0.00192;0.12271;0.01088;-0.0008783290802920837;-5.252276542777845
475;9;Normal;0.001585;0.062121740155922874;0.000655;0.03517;0.0064;-0.0015585686070752538;-5.837524082348045
476;6;Normal;0.00119;0.054045652924171426;0.001415;0.02914;0.00144;0.0002967133789654258;-6.612242617203959
477;0;Normal;0.00037;0.18568559098648446;0.00206;0.11304;0.00784;-0.00024072156234568136;-7.555111196662532
478;10;Normal;0.00282;0.04818581222725212;0.00105;0.00117;0.00069;-0.001593971138381134;-5.5928402404033
479;1;Normal;0.00355;0.07640331799077839;0.00072;0.04777;0.00207;-0.0038032645301291235;-4.619758807260415
480;6;Normal;0.00212;0.08111839125623733;0.00228;0.04402;0.00213;-0.00010531035592858961;-6.138864350036862
481;3;Normal;0.00084;0.16650227415864327;0.00135;0.10999;0.00699;-0.000526177036462843;-6.622222414898446
482;9;Normal;0.00313;0.2311227585072487;0.00206;0.12975;0.00725;-0.0010621499781099332;-5.822389096499362
483;7;Unbalance;0.002085;0.3723477946758917;0.003225;0.21079;0.01104;6.46734227375648e-05;-6.289288204908729
484;5;Normal;0.00038;0.14869125125574806;0.00103;0.09974;0.00429;-0.0011406519205528177;-7.297959928846577
485;4;Normal;0.00091;0.221341745949561;0.0020150000000000003;0.14954;0.01708;-0.0008122595893090604;-6.7462053401285855
486;10;Normal;0.00204;0.14129473627846156;0.001555;0.00119;0.00079;0.0007390927846918289;-6.547385633192241
487;6;Normal;0.00285;0.16648574083085912;0.00322;0.08482;0.01123;-0.0002359713143609838;-5.878876422699867
488;8;Faulty sensor;0.00394;0.007698382947087005;0.00011;0.0042;0.00162;-0.0031276976404689106;-4.668056201849626
489;4;Faulty sensor;0.00736;1.6562478666854188;0.008375;0.02603;0.00083;-0.001874858477850472;-4.379477919514527
490;0;Normal;0.000355;0.259532769414577;0.001375;0.14807;0.01497;3.1570266460620744e-05;-8.012714075003734
491;7;Normal;0.0018800000000000002;0.09114124148814301;0.00098;0.05477;0.0058;0.0010662588332338082;-7.011197385919467
492;9;Normal;0.00175;0.0340762028401053;0.00233;0.0148;0.00199;0.0004345680891758696;-6.276577784236183
493;9;Unbalance;0.005625;0.47859438066070104;0.00295;0.27206;0.02652;-0.0007287398353933148;-5.16386410792171
494;4;Normal;0.00087;0.20123022113986755;0.00245;0.13615;0.02379;-0.0002427932579557418;-6.744487996478764
495;0;Normal;0.00172;0.11115017543845804;0.00095;0.0645;0.01546;-0.0018208239031973457;-5.769637145550101
496;4;Normal;0.001875;0.04070705589943836;0.00065;0.02555;0.0064;-0.00023381911687037074;-5.867501080829462
497;10;Normal;0.001145;0.06687968151838046;0.0008849999999999999;0.00077;0.00031;-0.0010633177645243829;-6.190548692155536
498;8;Normal;0.001915;0.17338128359197252;0.0019399999999999999;0.10373;0.01397;0.0005318448284107216;-6.410282325822649
499;4;Faulty sensor;0.0028250000000000003;0.003975625736912367;0.000245;0.00106;0.00012;-0.0027058104066126306;-5.20994902874032
500;10;Normal;0.00149;0.12490416726434712;0.0015;0.00119;0.0005;-0.0006730999222794336;-6.006800840099508
501;4;Normal;0.0008;0.2156011161844947;0.00245;0.14331;0.01686;0.00010777420106137288;-7.0379279464919104
502;4;Normal;0.00084;0.17999704692022034;0.001505;0.1123;0.00756;-0.0007388640791084081;-6.517517623261745
503;9;Normal;0.00259;0.10834639311024617;0.000725;0.06406;0.01034;-0.0006499132888703424;-6.187838484406804
504;4;Unbalance;0.0019;0.29529598558056963;0.002735;0.20056;0.01857;-0.001770492521672382;-5.839057985086042
505;5;Normal;0.000835;0.16309361483516147;0.00083;0.10893;0.00351;-0.0008867040166649846;-6.947070826221018
506;1;Normal;0.00084;0.038911557409078354;0.00094;0.02526;0.007;0.0004707370446234416;-7.38346722494638
507;10;Rubbing;0.00598;0.04256783644960124;0.0006000000000000001;0.00051;0.00053;-0.0010330408775453583;-5.073006213696147
508;7;Normal;0.00059;0.2450324651959409;0.0021650000000000003;0.15389;0.00731;0.0006117996916695962;-7.141059174635393
509;4;Unbalance;0.000775;0.26874262594534576;0.0018449999999999999;0.1705;0.0055;-0.0007715162810231787;-6.931384125236352
510;8;Normal;0.00126;0.08919009418091227;0.001295;0.05966;0.00818;0.00086867940887966;-6.758837384450574
511;9;Normal;0.00129;0.11042499762282092;0.001185;0.07016;0.01888;0.0005515488396961731;-6.772247080705986
512;0;Normal;0.00022;0.1761450555650087;0.0013050000000000002;0.10553;0.00656;-0.0003673343944051504;-7.802209750788398
513;6;Unbalance;0.001655;0.3884888393506305;0.00312;0.23899;0.00925;-0.00013319721562950624;-6.485283255009455
514;5;Normal;0.00071;0.08275142899068269;0.0009450000000000001;0.05548;0.00194;-6.0847867162852825e-05;-7.1837404783816075
515;1;Normal;0.000625;0.19724780607144912;0.0013700000000000001;0.11367;0.0106;0.0003344363403458538;-7.137080979436428
516;5;Unbalance;0.00096;0.3289926455105038;0.00154;0.19161;0.00272;-0.0017569695792821322;-6.50670098801796
517;9;Normal;0.00151;0.18066743148669603;0.001795;0.10254;0.01841;-0.0008558246321969908;-6.112847607416755
518;8;Faulty sensor;0.00356;0.006889796803970347;0.00012;0.00423;0.00166;-0.003114970289557901;-4.747718949837855
519;7;Normal;0.0009;0.15170685383330576;0.00171;0.09226;0.00471;-2.5368357249584026e-05;-6.733191515764422
520;3;Normal;0.00142;0.10985870379719578;0.00082;0.06557;0.00572;-0.00032359758936116443;-6.401772113282554
521;9;Normal;0.003835;0.20213003858902315;0.0017699999999999999;0.12126;0.00574;-0.00011977641566346323;-5.669343098087375
522;0;Normal;0.00018;0.1124093781674821;0.00062;0.07574;0.00476;0.00026565005497239716;-8.122510355211038
523;1;Normal;0.00079;0.0875940334726059;0.00114;0.05457;0.00221;-0.0007381447058582693;-6.720993645747759
524;5;Normal;0.00101;0.23760125609937333;0.00132;0.14915;0.004;-0.000517276495431276;-6.5851360458529635
525;10;Normal;0.0019;0.05403473882605523;0.00066;0.00071;0.00068;-0.0007546389197735328;-5.72574989557145
526;6;Unbalance;0.001405;0.3003036336776497;0.00287;0.19389;0.00424;5.06913282588758e-05;-6.5016146036574165
527;9;Normal;0.00314;0.1418308781612805;0.00118;0.08758;0.00847;0.0004855803571797935;-5.813335395500165
528;10;Normal;0.00114;0.2031094259260264;0.001445;0.00103;0.00097;-7.385928462393172e-05;-6.611161140649721
529;4;Normal;0.00155;0.13709506774497762;0.00194;0.09014;0.01009;-0.0013877632560447316;-6.351838524537535
530;7;Normal;0.00103;0.07733269166400455;0.001475;0.04685;0.00681;-0.0005872951672331705;-7.022001020936271
531;1;Normal;0.00042;0.03455093341720307;0.00027;0.02343;0.00748;4.883465887171996e-05;-7.0350124754350825
532;4;Faulty sensor;0.00351;0.21419450343087706;0.00132;0.00265;0.00025;-0.0015919860598494267;-5.125646901144284
533;4;Faulty sensor;0.007485;1.9047234829759412;0.00807;0.02098;0.00074;-0.0017464650833465408;-4.424550810968048
534;8;Normal;0.00186;0.056053875869559636;0.0017;0.03107;0.00081;0.0004552885991780974;-6.569458308675932
535;10;Normal;0.001495;0.24312147663256736;0.00142;0.00129;0.00098;-0.0001827910112574472;-6.336386609135654
536;1;Normal;0.00055;0.16047580721093133;0.002245;0.10209;0.00191;-4.295770179406842e-06;-6.6503610488421225
537;10;Normal;0.00089;0.22748845003647988;0.001;0.0007;0.00073;-0.0015139072776675568;-6.017164582084415
538;8;Normal;0.0027749999999999997;0.28267936252935055;0.003325;0.15398;0.00593;-0.0010025566428097073;-5.615459204178621
539;6;Unbalance;0.00263;0.29076666521456684;0.0033350000000000003;0.16352;0.01709;-0.0003692808572891364;-5.411986474685359
540;10;Normal;0.001465;0.09519272503715819;0.00177;0.00239;0.00081;-0.0006671583225222736;-5.902459124607945
541;10;Normal;0.00111;0.03254976497611004;0.00092;0.00089;0.00387;0.0003597357428816571;-5.930730590022144
542;5;Normal;0.00039;0.05510787239587462;0.00042;0.03478;0.00162;-0.000787701893354413;-7.486186120452905
543;9;Unbalance;0.0047550000000000005;0.44032804055612895;0.0042;0.27052;0.02504;-0.0005229019313552357;-5.2463201572196905
544;3;Normal;0.001845;0.1141004307616759;0.000745;0.0678;0.00224;-0.0009681625679175926;-6.202112944499543
545;1;Normal;0.00063;0.1048950632775442;0.00092;0.0602;0.00412;-0.00016668629108528655;-6.931782726568029
546;7;Normal;0.00106;0.23223987491384854;0.001695;0.13836;0.00443;-0.00035276076206219566;-6.6393717265059955
547;4;Normal;0.0011;0.1799609607664951;0.00141;0.11251;0.00408;-0.0009153192813827935;-6.665199883822955
548;4;Normal;0.034140000000000004;0.15006885153155533;0.003745;0.09832;0.01779;-0.0034418086114313988;-2.508937719588334
549;7;Normal;0.0016099999999999999;0.06224873813982095;0.00199;0.03137;0.0261;0.0007533950782958272;-6.893427009934727
550;5;Normal;0.00055;0.18641037712530922;0.000865;0.11772;0.00095;0.00014610672725523025;-7.778219856987003
551;2;Normal;0.001075;0.10880328901278673;0.00111;0.06524;0.00519;-0.0005170290575365469;-6.700921325362662
552;4;Faulty sensor;0.024195;0.6430388169465355;0.003465;0.00846;0.00079;-0.002134452748017508;-3.2909407697228197
553;4;Unbalance;0.0329;0.2977950526788516;0.003175;0.20183;0.0204;-0.0035603476984000875;-2.49960546882337
554;5;Unbalance;0.00045;0.31982299948565296;0.001305;0.18639;0.00531;-0.0009478334383221372;-7.255287509276628
555;6;Normal;0.00339;0.3013949523465846;0.00285;0.18339;0.01409;-6.273528717821865e-05;-5.6972009539407145
556;7;Unbalance;0.00087;0.37892399989971604;0.0024749999999999998;0.22644;0.00464;-5.928644339740681e-05;-6.751027073778119
557;2;Faulty sensor;0.0055;0.005158003489723519;0.00042;0.0011;0.00059;-0.0030867169592058365;-4.416447211087681
558;3;Normal;0.00294;0.20432758232798626;0.00133;0.13492;0.00249;-0.0012014091458582856;-5.84076404505039
559;6;Normal;0.0023550000000000003;0.1341528069031729;0.00249;0.07092;0.01159;-0.00014654756973107904;-6.053990022162165
560;5;Normal;0.00051;0.10449017896434096;0.00066;0.06519;0.00091;-0.00044651148890693715;-7.31685253384461
561;2;Normal;0.00083;0.05826465480889765;0.00078;0.02949;0.01203;-5.105675485513616e-05;-6.9733598333950155
562;8;Normal;0.00221;0.1408841989010833;0.002155;0.07896;0.01243;-0.0008931558078347887;-5.7372513226887385
563;10;Normal;0.0019450000000000001;0.20579303802607124;0.00264;0.00159;0.00188;-8.987006586658751e-05;-6.110832400426085
564;5;Normal;0.00035;0.17736116401286953;0.000745;0.10427;0.00515;-0.00028483636796122286;-7.7563730530238555
565;2;Normal;0.00071;0.10857441457360016;0.00089;0.0673;0.00466;-0.0006455228593166791;-6.875182247619026
566;1;Normal;0.00041;0.1697139027893708;0.00211;0.09518;0.00158;-0.00044363284824748534;-7.346951091740021
567;1;Normal;0.00066;0.10375751442666696;0.001235;0.06741;0.00411;0.0003534887082903993;-7.657759538162093
568;5;Faulty sensor;0.02137;0.007952427302402707;0.00042;0.00239;0.00019;-0.0032814061767758567;-3.046560274002097
569;4;Faulty sensor;0.0111;1.9575843591017985;0.007145;0.02148;0.00083;-0.0021339270765220394;-3.942039272037791
570;4;Misalignment;0.00092;0.17371475728906857;0.0023350000000000003;0.11683;0.03352;-0.00014384017399318423;-6.7541777346182945
571;9;Normal;0.0017;0.16544149116832815;0.00134;0.09807;0.02499;-0.00021259214648115801;-6.330215480211845
572;4;Unbalance;0.001425;0.3305741161978657;0.00288;0.18779;0.02952;-0.0009263115162266389;-6.383384140896307
573;8;Normal;0.00378;0.03638934047217674;0.00074;0.02177;0.00893;-0.0005082861017716509;-5.513274674107968
574;7;Normal;0.00134;0.23910415220150402;0.00149;0.1341;0.00513;-0.0003901247576652037;-6.229708909181066
575;0;Normal;0.00032;0.13098919497424205;0.001565;0.0832;0.00188;-0.0001843738259482628;-7.622716818062592
576;6;Normal;0.0028650000000000004;0.1836692295949433;0.001925;0.11182;0.0247;-0.00029500457267869437;-5.999340308560447
577;8;Normal;0.00239;0.029332522905471326;0.00059;0.01742;0.01128;-0.0005250150835537471;-6.070731289299089
578;5;Normal;0.00076;0.16958033376544582;0.00084;0.11478;0.00633;-0.001029240965885868;-6.748970199858575
579;9;Normal;0.00229;0.1528297045734238;0.00133;0.08947;0.0019;-0.0005433743643971289;-6.10169635190307
580;10;Normal;0.00217;0.23542084147330716;0.001735;0.00138;0.0009;-0.0006306505056187715;-6.014565807646756
581;1;Faulty sensor;0.017735;0.009965896848753755;0.000405;0.00555;0.00097;-0.0034616227980506374;-3.298251337504818
582;8;Normal;0.00181;0.1062736910058176;0.00123;0.06274;0.00413;0.0009907646908304873;-6.983319925492128
583;8;Normal;0.00131;0.2756997522668455;0.00294;0.16543;0.00548;0.00012997347821158692;-6.483099158139644
584;10;Normal;0.00173;0.09131537658028904;0.00091;0.00083;0.00093;-0.0005530281488324251;-5.928653102037917
585;5;Normal;0.00063;0.11154004034426382;0.000635;0.06651;0.00471;-0.0013069175468078428;-6.731855043176317
586;8;Normal;0.00477;0.1382028700859718;0.0021850000000000003;0.08533;0.01248;-7.43947182626288e-05;-5.573297162779918
587;5;Normal;0.000655;0.12546645288681751;0.00078;0.08488;0.00204;-0.0005230689545393416;-7.126018315190043
588;8;Normal;0.00154;0.029570921527744112;0.00055;0.01929;0.00748;-0.001086904966333332;-6.178059876474605
589;1;Normal;0.00022;0.13656722849937317;0.001555;0.08155;0.00621;0.0006287407693721265;-7.76782569162266
590;1;Normal;0.00038;0.10486471570552224;0.00082;0.06521;0.0049;-0.0013133326479086598;-7.098880953591235
591;3;Rubbing;0.112995;0.1849005832873439;0.01219;0.06907;0.00634;-0.0018146863704181647;-1.7316760673878655
592;3;Normal;0.00168;0.16430951798359092;0.00109;0.10826;0.0099;-0.0006565176965778848;-6.00582283918661
593;9;Normal;0.004455000000000001;0.217862260155356;0.002405;0.12504;0.02332;-0.00041916681679723494;-5.535096562905445
594;9;Unbalance;0.00135;0.35273185467150536;0.00245;0.22098;0.01179;-2.389112415746512e-06;-6.840108672274064
595;0;Normal;0.00039;0.12046935004390119;0.00117;0.07641;0.00933;0.0007495110235305873;-7.899374604772088
596;9;Normal;0.00524;0.23741213258803773;0.0021149999999999997;0.14528;0.01626;-0.0010364522454376862;-5.303968204101192
597;6;Normal;0.00051;0.12898168823519096;0.00129;0.07678;0.00701;2.4000199634149003e-07;-7.463400844754507
598;6;Unbalance;0.00084;0.32511411688820896;0.00253;0.20114;0.00641;0.0004204062093532774;-7.219293896960004
599;8;Unbalance;0.001135;0.28592250523524726;0.00331;0.1696;0.00872;-0.00016155715404783758;-6.477236262349599
600;9;Normal;0.003125;0.16424945692452075;0.00149;0.09342;0.01912;-0.0007341569984096014;-5.633536163285916
601;3;Normal;0.001575;0.07809815426756256;0.00103;0.04507;0.01042;-0.0004129893643609006;-6.42174115833967
602;4;Unbalance;0.001535;0.3043887775526555;0.0028850000000000004;0.20691;0.02258;-0.0014127493701098018;-6.249764876122051
603;5;Normal;0.00116;0.1520227104744551;0.00249;0.10143;0.00327;-0.0005151494422685906;-6.6029123860784384
604;7;Normal;0.00084;0.11976708562873188;0.000905;0.07906;0.0034;-0.00035716986442610097;-6.6153653710627855
605;5;Unbalance;0.00507;0.27625028434374505;0.001315;0.18824;0.00571;-0.0032216607145352264;-4.476199245522107
606;4;Normal;0.000775;0.18566009237313227;0.002215;0.12551;0.02054;-0.00010651244898831735;-7.037517354162566
607;6;Normal;0.00067;0.13788297139240943;0.00186;0.0819;0.00496;0.0007436116283695378;-7.60485309607456
608;8;Normal;0.0023049999999999998;0.07930762762811658;0.001505;0.04885;0.00348;0.0007687032818792106;-6.155912401413483
609;6;Normal;0.00207;0.17036293258804863;0.001665;0.09805;0.00623;-0.0006488572018734185;-5.831099933159512
610;0;Normal;0.0002;0.17911133548717678;0.001275;0.10745;0.01185;-0.0002504115077335655;-7.978610098942737
611;10;Normal;0.0005;0.19680046697099068;0.00067;0.00059;0.00065;-0.0013697744447570372;-6.6704991407516765
612;0;Unbalance;0.00034;0.29875861159136485;0.0038;0.17164;0.01304;-0.0007314147204441503;-7.581729776998353
613;9;Normal;0.00252;0.24018729525101867;0.00246;0.14617;0.0315;-0.0006487018235566316;-5.76075928887207
614;10;Normal;0.00058;0.12785602136778698;0.001235;0.00118;0.00077;-0.0008267829170875306;-6.728268416395456
615;4;Unbalance;0.00155;0.3127380307861517;0.00297;0.21126;0.02291;-0.0013626627924186684;-6.336077533027493
616;0;Normal;0.00038;0.05152436996218391;0.000665;0.02972;0.00261;-0.0005469803867612552;-7.40325962696105
617;3;Normal;0.00126;0.2284428978979211;0.00139;0.13343;0.00549;-0.0005853115690810714;-6.473378053010105
618;7;Normal;0.0009400000000000001;0.19356768170332567;0.001235;0.11028;0.00919;-0.0001402167484623027;-6.606515892827776
619;8;Normal;0.00263;0.2362220237403786;0.0025700000000000002;0.12869;0.01745;3.9046047563795884e-05;-5.872156785917304
620;10;Normal;0.001865;0.11316894008516647;0.00129;0.00125;0.00012;-0.000471624727925579;-6.090027074297304
621;5;Rubbing;0.07856;0.24176581292647645;0.001485;0.13799;0.00613;-0.003679219583516676;-1.6255160197829661
622;8;Unbalance;0.001385;0.4580732611711799;0.00308;0.26101;0.02321;-0.0006222639636619201;-6.050428662412474
623;6;Unbalance;0.001935;0.358598198127096;0.00457;0.21442;0.00641;3.7701904585878056e-05;-5.937395839251267
624;10;Normal;0.00123;0.08564410545974545;0.00091;0.00071;0.00032;-0.0005311849369908436;-6.403164250871162
625;6;Normal;0.001785;0.08528332134714267;0.00189;0.05159;0.00745;0.00010526580404663738;-6.280958914109873
626;1;Normal;0.00073;0.04391428583046752;0.000785;0.02689;0.01594;-8.815175991895952e-05;-7.032786345506861
627;5;Normal;0.00046;0.07064300743881166;0.00042;0.04814;0.0043;0.0001500291698899325;-7.7895564355507645
628;5;Normal;0.00077;0.10633502386325965;0.00056;0.06859;0.00314;-0.0009837039110550873;-7.016324052462632
629;6;Normal;0.00522;0.007192982691484806;0.00062;0.00143;0.00962;0.00017046126483326684;-5.158963188475953
630;7;Normal;0.000865;0.16888025313813335;0.00185;0.10663;0.00805;-8.531699996283769e-05;-6.740679163424143
631;4;Normal;0.003875;0.06551941620619035;0.001575;0.03957;0.01504;-0.00095255253337923;-5.381873509884382
632;7;Normal;0.0011;0.1406836767361445;0.00115;0.09348;0.00601;-0.00041975330366200557;-6.334499193340647
633;1;Normal;0.00048;0.19568291443046326;0.00103;0.13017;0.00363;-0.0014377698293406062;-6.598869253074625
634;1;Normal;0.0004;0.06907996163866914;0.0019450000000000001;0.04048;0.00757;0.00019496109059026354;-7.582276632708484
635;4;Normal;0.013614999999999999;0.07769840152795937;0.0020749999999999996;0.05035;0.01497;-0.0031025008096801994;-3.559122182760489
636;3;Normal;0.00055;0.09463725904737522;0.00099;0.05487;0.01116;-0.0002822583500059358;-6.95396151774625
637;1;Normal;0.00065;0.16836847002927835;0.001315;0.0973;0.00341;-0.0003297812907086918;-6.845381808809382
638;8;Unbalance;0.00224;0.3450271389325773;0.003475;0.20997;0.01273;-0.0005331165986168974;-6.146711019406876
639;4;Normal;0.001335;0.15433665993535042;0.00204;0.10393;0.01181;-0.0011439015784399174;-6.473562358541002
640;5;Normal;0.000535;0.1326048931978002;0.000745;0.0851;0.00197;-0.0006632255032588356;-7.369961896351949
641;7;Normal;0.0008;0.1246670606054382;0.00121;0.07013;0.00536;-0.00017775931743509602;-6.629031799546633
642;8;Faulty sensor;0.008969999999999999;0.005536966678606617;0.00021;0.00339;0.00077;-0.0032931968924543717;-3.894228776552054
643;6;Faulty sensor;0.001445;0.01563439477562211;0.0011949999999999999;0.00511;0.00471;-0.0002743663480330113;-6.352985145366689
644;6;Unbalance;0.001915;0.31919582437745014;0.0023049999999999998;0.18513;0.0043;-5.159568073933089e-05;-6.471767123585339
645;1;Normal;0.00229;0.2181150439561655;0.00232;0.1383;0.0027;-0.0030931603688777527;-4.973205522556899
646;4;Unbalance;0.00114;0.262005094988628;0.00132;0.16999;0.02159;-0.0013225663402117898;-6.396560285211201
647;1;Normal;0.00037;0.10153850057982931;0.000655;0.06848;0.00312;-0.0010998695636070621;-7.2155295003585564
648;5;Normal;0.00073;0.12371680969051861;0.00106;0.08309;0.00326;-0.00032984684200459854;-6.772338385068874
649;6;Unbalance;0.00099;0.41351426239006556;0.00296;0.23772;0.00612;0.0007192128190307511;-6.869405770671166
650;7;Normal;0.00091;0.12754101693180903;0.00149;0.08011;0.00941;-0.000370013848722072;-6.691282479514941
651;9;Normal;0.00087;0.10715479830600214;0.001015;0.06171;0.02196;6.7674986075167e-05;-6.741042021247535
652;5;Normal;0.00045;0.14291754091083433;0.00065;0.08176;0.007;-0.0006952330180709658;-7.36164572695501
653;4;Normal;0.001165;0.19374661622851636;0.00421;0.11786;0.00462;-0.0014908211945310506;-6.146099640300113
654;6;Unbalance;0.0017;0.36249540603985586;0.003945000000000001;0.22306;0.00852;-0.00034633978386652847;-6.438249865933477
655;4;Faulty sensor;0.0008;0.3418289995012126;0.00122;0.00386;4e-05;-0.002758668343504569;-6.459465694061894
656;7;Normal;0.0013;0.20754942808882904;0.00167;0.12859;0.0185;-0.0007231189969059186;-6.519533940931955
657;6;Unbalance;0.034775;0.381858749146854;0.004725;0.23017;0.00698;-0.002347137008389489;-2.6822108221796817
658;1;Normal;0.00074;0.1054198591347949;0.0009350000000000001;0.06757;0.0054;-0.0003149740034762086;-7.013234700422546
659;2;Normal;0.0008849999999999999;0.17531712951106632;0.00182;0.10076;0.00193;-0.00034853499173350343;-6.981233403639331
660;5;Normal;0.000785;0.07793810877869696;0.000675;0.05252;0.00283;0.0005235670220578992;-7.258296432616187
661;8;Normal;0.00246;0.22490990951934509;0.00213;0.12588;0.0126;0.00012846064131725578;-6.000351189262655
662;0;Normal;0.00032;0.2039446424890833;0.0021400000000000004;0.12675;0.00192;-0.0013475445021209934;-7.34340215737828
663;3;Rubbing;0.005900000000000001;0.06450867771083206;0.001005;0.03703;0.00425;-0.0014521191555268824;-4.8858120014701205
664;8;Faulty sensor;0.004235;0.007971191880766641;0.00012;0.00417;0.00165;-0.0031839285726490947;-4.642353213702225
665;4;Misalignment;0.00146;0.2825940317841125;0.00274;0.19181;0.0306;-0.0007036341092876502;-6.504804550191179
666;8;Normal;0.0021650000000000003;0.18293985487039177;0.001925;0.10627;0.00989;0.0003971518598049276;-6.332477498130522
667;0;Normal;0.000915;0.13396076067266863;0.000925;0.09002;0.00616;-0.0005543640875048631;-6.5397298286507795
668;10;Normal;0.00051;0.06329533553114321;0.00088;0.00051;0.0004;0.001579273880912529;-7.5790963075281965
669;1;Normal;0.00047;0.035184502270175715;0.001185;0.02242;0.0076;0.0005260090190508363;-7.7106191596063764
670;5;Normal;0.00078;0.26831088405057296;0.00141;0.15393;0.00156;-0.0002823673871596249;-7.200845937189934
671;5;Normal;0.0008849999999999999;0.1254266865543374;0.00074;0.08047;0.00301;-0.0009525643807187932;-7.095253234046375
672;3;Normal;0.001115;0.14304778781931582;0.001275;0.08635;0.00663;-0.00024432258885017657;-6.4934898041622615
673;8;Unbalance;0.001585;0.2980466176624053;0.002175;0.16835;0.01669;-0.0006492644335191303;-6.2058447617346975
674;5;Normal;0.0009350000000000001;0.19904187222793096;0.00111;0.11772;0.00604;-0.0003853584465845973;-6.955981152786317
675;7;Normal;0.0007;0.08921729596888711;0.00095;0.04988;0.00844;-4.8522974815509794e-05;-6.937974156887608
676;5;Normal;0.000375;0.028622733971443045;0.00035;0.01866;0.00592;-0.0006817529357832885;-7.339173705377453
677;4;Normal;0.00113;0.13475910210445896;0.00185;0.09086;0.00974;-0.0010724192455449024;-6.7312058413985225
678;6;Normal;0.00188;0.11186176782082428;0.00197;0.0668;0.00061;0.0005569255893784288;-6.8505009589639405
679;3;Rubbing;0.00554;0.028856787763020333;0.00079;0.01874;0.00659;-0.001449246706489846;-4.940351073475687
680;10;Normal;0.002215;0.05001387007620985;0.002695;0.00165;0.00033;-0.0009669500866867144;-6.014232567296609
681;8;Normal;0.001605;0.05216689563315034;0.00191;0.02638;0.00464;0.0010448711590553645;-6.340574041928956
682;1;Rubbing;0.03673;0.0882931747079014;0.0031;0.05135;0.01486;-0.002073224386339922;-2.782204519006286
683;2;Normal;0.00078;0.18575260482695793;0.00141;0.10492;0.00963;-0.0010752216178469016;-6.682975862854965
684;3;Normal;0.00076;0.10175909983878592;0.000745;0.06615;0.01156;-0.0006291318796517821;-6.5783624436785715
685;9;Normal;0.00178;0.24330981813317765;0.0020550000000000004;0.14861;0.01718;0.0003117125915657848;-6.38971198172513
686;5;Normal;0.000465;0.17219140454738152;0.0007750000000000001;0.10125;0.00488;9.305061404743749e-06;-7.878117295318051
687;8;Normal;0.00298;0.23839303618184823;0.003835;0.1446;0.01481;-0.0005690755355407897;-5.448646826687917
688;4;Normal;0.000625;0.18130065636946824;0.001895;0.10416;0.01458;-0.0002766927393337153;-7.180322380376524
689;6;Unbalance;0.001325;0.30221007676780065;0.00324;0.17303;0.01612;0.00014770119560839686;-6.027795629202808
690;0;Normal;0.00101;0.16993793425836387;0.001275;0.10768;0.02589;-9.478341005182799e-05;-6.640093319219097
691;7;Normal;0.00099;0.020266635142519345;0.000535;0.01293;0.00551;-0.00097569634546716;-6.124745011296427
692;5;Normal;0.004055;0.1573000746980115;0.0007199999999999999;0.08979;0.0054;-0.0029435553680081483;-4.750186765585433
693;7;Normal;0.001085;0.055611645363179106;0.00088;0.0367;0.00929;-0.0006265782724339683;-6.778684037815309
694;7;Normal;0.002025;0.03255830308845963;0.000825;0.01678;0.00036;0.0003580512286410292;-6.375964758339011
695;1;Normal;0.00021;0.09466852961781966;0.00075;0.05424;0.00694;5.285155294897256e-06;-7.885349182973147
696;9;Normal;0.003355;0.05233623887900237;0.000545;0.02914;0.01064;-0.0002167282371944379;-5.6924866168198704
697;10;Normal;0.001935;0.1467188447337287;0.001455;0.00097;0.00049;-0.00029174153673752144;-6.518861241131031
698;4;Normal;0.00084;0.05180525938551026;0.00309;0.02285;0.00752;-0.00023539769140729877;-7.026418487354843
699;4;Normal;0.000505;0.08198345808759228;0.00077;0.05209;0.00963;-0.0018264477590553471;-6.951425123409513
700;2;Normal;0.001085;0.0747396160011543;0.0007650000000000001;0.04472;0.00407;-0.0005697974219058497;-6.784675595119716
701;1;Normal;0.000725;0.10831075523695696;0.0008849999999999999;0.06091;0.00155;2.890996241099168e-05;-7.248837877267045
702;1;Rubbing;0.0111;0.20557247772987508;0.00148;0.13697;0.00239;-0.0026223597905433915;-3.7745609004812226
703;0;Normal;0.00045;0.026192439748904648;0.0004;0.01644;0.00429;-0.0005431714590200229;-7.506514018224664
704;10;Normal;0.00123;0.024601825135546346;0.00045;0.00037;0.00018;-0.0004328287222521184;-5.717285400710943
705;6;Normal;0.00186;0.20857120942258545;0.00208;0.12847;0.01441;0.00017839301414954216;-6.424589622961293
706;4;Normal;0.00125;0.10563918307143426;0.00083;0.06703;0.00125;-0.0003119491037320792;-6.492873352739957
707;2;Rubbing;0.01898;0.04192642126392378;0.0017950000000000002;0.02314;0.00942;-0.0007884697176620387;-3.7559961136414075
708;8;Normal;0.00154;0.16743098846987672;0.001865;0.10188;0.00459;0.0002455200967898038;-6.386888873556892
709;4;Normal;0.037015000000000006;0.14695239127009807;0.001675;0.0995;0.02158;-0.003556548152471412;-2.406216921270173
710;8;Normal;0.00095;0.04906680955595136;0.00133;0.02572;0.0016;0.0012922668113591257;-7.430834535150634
711;4;Rubbing;0.00328;0.07677349933408012;0.000645;0.04811;0.0073;-0.0005431557461071789;-5.4729093295144455
712;5;Normal;0.000415;0.1910205897279139;0.000895;0.11122;0.0053;-0.0007140415778408512;-7.405862598755497
713;5;Normal;0.00055;0.11446344088834652;0.00084;0.06895;0.00245;-0.0007261859044202636;-7.1358529582219905
714;5;Normal;0.00092;0.04439002703310734;0.00028;0.02623;0.00612;-0.0009344384682174263;-6.611320248437048
715;3;Normal;0.00265;0.03459099015639766;0.00048499999999999997;0.02181;0.00608;-0.0022274100397814602;-5.320072432512216
716;8;Normal;0.00473;0.15318098641802777;0.00338;0.09055;0.01274;-0.0004819395416311392;-5.178696437182127
717;5;Rubbing;0.01482;0.06804637536268923;0.00087;0.0399;0.00283;-0.002851560524988076;-3.54125459619766
718;6;Normal;0.00074;0.11185686568110159;0.00151;0.06859;0.0039;0.00016545991199432095;-7.027217428100224
719;0;Normal;0.00034;0.09777849661351927;0.001015;0.06269;0.01108;-0.0011357839827628416;-7.560838468693223
720;8;Unbalance;0.00177;0.328399366625455;0.003575;0.20022;0.00553;-0.0007148828791125913;-6.211783615210431
721;8;Normal;0.00102;0.21869865134472138;0.00166;0.13332;0.01601;-0.0003162866083007708;-6.651613552822018
722;10;Normal;0.0021000000000000003;0.1744630771825374;0.00142;0.00142;0.00049;8.68730253713333e-06;-5.953545862317417
723;7;Unbalance;0.001;0.35352188319819755;0.003615;0.21613;0.00375;0.0011167964693977927;-6.878511310644993
724;1;Normal;0.00404;0.05875547719149254;0.001605;0.02561;0.00133;-0.0015712008395336978;-5.6160523884797815
725;7;Normal;0.000585;0.0992860951996804;0.0012100000000000001;0.06533;0.00995;-0.00040589478908723746;-6.953377620022917
726;5;Normal;0.00065;0.09050204970054546;0.00117;0.05771;0.00098;-0.0002657995399621303;-6.889667907428766
727;3;Normal;0.00131;0.08735088894796662;0.001115;0.05001;0.01797;-0.0008802083153232769;-6.217732545117557
728;4;Normal;0.00071;0.25054401589341546;0.00213;0.15936;0.004;-0.0007895861652849719;-6.963115298803445
729;10;Normal;0.00106;0.15527215043271603;0.00076;0.00061;0.00055;-0.0010069907959121287;-6.039999637979
730;1;Normal;0.001235;0.19222235249835018;0.00094;0.12196;0.00308;-0.0008531481357639474;-6.401393044673583
731;4;Misalignment;0.00069;0.18302734795652809;0.0022250000000000004;0.12257;0.03474;-3.493055120271483e-05;-6.978633785838651
732;5;Normal;0.0016;0.22830614512097566;0.00109;0.14244;0.00187;-0.002048849422989151;-5.922397627483642
733;5;Normal;0.000405;0.050943690482728086;0.00049;0.03363;0.00346;-0.0005280824195123905;-7.443854208542351
734;7;Normal;0.0008049999999999999;0.11196617346323845;0.001275;0.07208;0.00656;0.00020584697259196287;-6.676221983412217
735;3;Normal;0.001585;0.14159061550823207;0.00168;0.08205;0.00284;-0.0024840503294354947;-5.544572089543446
736;2;Normal;0.000715;0.19584930252620253;0.00171;0.12114;0.01156;-0.0005855012332435787;-6.707707874896203
737;9;Normal;0.00251;0.11844208035998018;0.0018;0.07328;0.01279;-9.240023006245419e-05;-6.387332361060269
738;7;Normal;0.001065;0.05344466297021621;0.000625;0.0325;0.00541;-0.0019596029450488495;-7.080287360472885
739;3;Rubbing;0.00628;0.07452676566174062;0.00141;0.04704;0.00233;-0.00031224500310881415;-4.809103771315271
740;8;Normal;0.0027;0.20518947219582198;0.00216;0.12027;0.00292;-0.00043098752266639847;-5.6938566323628335
741;9;Unbalance;0.004735;0.2924975928106076;0.00183;0.16627;0.01706;-0.0008470627214708944;-5.0893036703634404
742;4;Unbalance;0.018000000000000002;0.3069699584649938;0.005625;0.19566;0.01634;-0.0027832655318372813;-3.072211298189208
743;6;Normal;0.0015;0.10418378904608913;0.001575;0.06365;0.01247;0.0005195564975014538;-6.673086351522219
744;1;Normal;0.001495;0.35487945263145343;0.0025;0.21139;0.00229;-0.00014835431721341272;-6.120762281774914
745;9;Normal;0.0024850000000000002;0.0265217985815442;0.00088;0.0149;0.00312;0.0011263826517546173;-6.271902787480498
746;3;Normal;0.00166;0.13978666567308914;0.00159;0.0887;0.00425;-0.0001973161207276675;-6.100685720059404
747;2;Normal;0.00111;0.17185737255061243;0.001;0.10355;0.00312;-0.0004695857564447284;-7.066020174603873
748;1;Normal;0.001375;0.18664843985418147;0.001475;0.1127;0.00937;-0.0014311586231601093;-6.105043168972381
749;5;Normal;0.00059;0.20463639510116474;0.0009450000000000001;0.13411;0.00533;-0.0011312892126833156;-7.0130709451535855
750;6;Normal;0.00172;0.17907958817241007;0.00133;0.11;0.00287;-0.0003333525940536404;-6.492329416424792
751;1;Normal;0.0005200000000000001;0.04015588997893086;0.000755;0.02522;0.00331;0.0002783871961928133;-7.724181624330447
752;7;Normal;0.00085;0.07368988668738743;0.00051;0.04334;0.00093;0.00010624244291034324;-7.1788523872059
753;7;Normal;0.00157;0.0889258331420066;0.00087;0.05318;0.00216;-2.0327321922749112e-05;-6.228331418148977
754;1;Normal;0.00067;0.26552106620756105;0.0019450000000000001;0.15529;0.00037;0.0003329908642521204;-6.983715591096349
755;1;Normal;0.00178;0.12619226917683982;0.00126;0.08492;0.00844;-0.0003655305119549561;-6.408494774168624
756;5;Normal;0.000625;0.24231128327009452;0.0010400000000000001;0.14242;0.00169;-0.0009882494209232622;-7.002881322500592
757;0;Normal;0.00055;0.031440262403485124;0.00029;0.01785;0.00255;-0.0014738533483355891;-7.095395423049791
758;10;Normal;0.001875;0.06907083031207892;0.00089;0.00119;0.00078;-3.941808050443365e-05;-6.43658804729462
759;4;Normal;0.001545;0.07456330196551116;0.001105;0.04052;0.01553;-0.0014199888599208121;-6.0512304842798965
760;4;Misalignment;0.00073;0.17656913971586316;0.00279;0.1188;0.03277;2.3946706232869807e-05;-6.883597024702062
761;4;Misalignment;0.01251;0.16450118783765666;0.001935;0.10318;0.03773;-0.0017643846367848893;-3.8904794419440942
762;4;Normal;0.001505;0.11224729261768412;0.001455;0.07312;0.02324;-0.0014380229043842983;-6.000250539373443
763;7;Unbalance;0.00075;0.3720013581964453;0.00324;0.23507;0.01799;0.0009201859445274637;-7.139908324652712
764;7;Normal;0.0005;0.1496074887831488;0.0017300000000000002;0.09888;0.00963;0.00020742543407710663;-7.150734391148668
765;0;Normal;0.00036;0.05138689521658222;0.00047000000000000004;0.03266;0.00638;-0.0002712593692462393;-7.8068761844385035
766;5;Normal;0.00119;0.041335758127800194;0.00025;0.02585;0.00118;-0.0010869441205162518;-6.359519184676267
767;10;Normal;0.0048649999999999995;0.0697993753553712;0.00118;0.00137;0.00023;-0.0021894609773685987;-4.83390376321838
768;10;Normal;0.0047150000000000004;0.09594537925298957;0.000815;0.00047;0.00058;-0.00244762066864428;-4.645565926034464
769;8;Unbalance;0.000945;0.36296980618227737;0.0027099999999999997;0.2184;0.00297;0.00024198222990827592;-6.547388326491466
770;3;Normal;0.00079;0.08469461021812427;0.0006000000000000001;0.05032;0.00707;-0.0003640225665165178;-6.797476060273498
771;5;Normal;0.0011250000000000001;0.15200273352805205;0.00124;0.08886;0.00219;-7.588593241949616e-05;-6.7392066639037385
772;7;Normal;0.00042500000000000003;0.0769411911787178;0.00045;0.04451;0.00453;6.448902937556899e-05;-7.70312408695543
773;10;Normal;0.00206;0.11384407406624202;0.001885;0.0019;0.00024;-0.00037417187755039603;-6.224515801876996
774;7;Normal;0.001555;0.20151862097582943;0.00142;0.11828;0.0061;-0.00013109368599941538;-6.274571892200093
775;2;Normal;0.00038;0.07873548564656219;0.000755;0.04833;0.00343;0.0002565057833485539;-7.360670201574155
776;9;Normal;0.00372;0.08008212971693497;0.001315;0.04448;0.00956;-0.0009307593735884024;-5.620790842139526
777;10;Normal;0.00206;0.07476301023902128;0.00072;0.00055;0.00042;-0.0009191760772076219;-5.867153865513856
778;3;Normal;0.00732;0.1449649485220479;0.001875;0.09252;0.01219;-0.0014584483749733356;-5.277694192663466
779;5;Normal;0.004955;0.2500558073710747;0.00127;0.1428;0.00197;-0.0027731466934825806;-4.563496715737628
780;3;Normal;0.001015;0.06141579519960643;0.00078;0.03986;0.00771;-0.00023584487561434237;-6.822574850012225
781;10;Normal;0.00277;0.06423241860618359;0.001295;0.00127;0.00066;-0.0008941483555489568;-5.829888453019967
782;4;Normal;0.00113;0.06845673524204904;0.001165;0.0447;0.01381;-0.0009764149842769756;-6.430924851719915
783;7;Normal;0.0018;0.10126158699131671;0.00186;0.06304;0.00253;0.000266074688410517;-6.327188992198838
784;5;Normal;0.000465;0.06315666473144382;0.00032;0.0382;0.00612;-0.0013133683577240807;-6.972427733578588
785;4;Normal;0.00077;0.06769011892440432;0.00111;0.03547;0.02682;-5.552602954273529e-05;-7.270205284688787
786;8;Normal;0.00135;0.05419947139963636;0.00071;0.03385;0.00267;0.0006804045498248553;-7.074324208494945
787;7;Normal;0.000915;0.09035149307012032;0.00083;0.05231;0.00332;0.0007220896329909276;-6.906538913071309
788;1;Normal;0.00666;0.06759000221926316;0.00212;0.03522;0.00111;-0.0016527238064923042;-5.084619366604923
789;1;Normal;0.00059;0.08837685839630192;0.00074;0.05657;0.00774;-0.001543037432066932;-6.768335068673693
790;4;Normal;0.00113;0.09450945402445196;0.00227;0.06082;0.00438;-0.0007440564714631555;-6.7482370441042026
791;10;Normal;0.00071;0.044827886410135374;0.00119;0.00136;0.00069;6.639997931804091e-05;-6.639282286698459
792;9;Normal;0.00083;0.06506833177514235;0.00087;0.04114;0.04236;0.00024019991701938783;-6.7037529605212045
793;4;Normal;0.00156;0.1418262003298403;0.0034850000000000003;0.09365;0.00914;-0.0008984112597070998;-6.2106031822987795
794;1;Normal;0.00033;0.2024259417663655;0.00193;0.12206;0.00275;0.00023400127085870882;-7.63670500297663
795;9;Normal;0.002295;0.10819128060985322;0.001265;0.06185;0.00975;-0.0006439382502735183;-6.078640298553861
796;4;Normal;0.00223;0.12141328181051693;0.00366;0.07074;0.00253;-0.001845516209807403;-5.863316506490323
797;1;Normal;0.00048;0.07210641510989158;0.000405;0.04868;0.00563;7.543026373316897e-05;-7.342816914074798
798;1;Faulty sensor;1.3466749999999998;0.6839181379375752;0.059414999999999996;0.10264;0.01516;-0.0029767756013779744;0.9356461591547952
799;3;Normal;0.00113;0.09560265425185642;0.00073;0.05647;0.00277;-0.0008210507551230929;-6.323692829199588
800;8;Normal;0.0013;0.15096614024343338;0.0014;0.09303;0.00084;0.0005020902703944618;-6.690567004658943
801;1;Normal;0.00049;0.03121715874322966;0.001165;0.01887;0.00646;-0.0003646227671651607;-6.884260084703323
802;0;Normal;0.00032;0.2023890916032779;0.00106;0.13649;0.01341;0.0007071827271111084;-8.007670010404675
803;7;Normal;0.0010400000000000001;0.16649980300288647;0.00127;0.10996;0.00474;-0.0003184930293317244;-6.00009038030472
804;4;Normal;0.0008;0.20709987276674025;0.00156;0.13152;0.00153;-0.0006478812872101166;-6.956787313065946
805;8;Normal;0.001295;0.16721999372084667;0.002375;0.10248;0.00477;0.0010306271293192856;-6.810271867833008
806;1;Normal;0.0012;0.18421606498891457;0.0018;0.12016;0.00833;0.0006578723938742278;-6.941457936240948
807;7;Unbalance;0.00089;0.3468381337165796;0.002985;0.21599;0.00969;-0.0006814206651050784;-6.591432523569091
808;5;Normal;0.00135;0.16385441770059175;0.000985;0.09597;0.00038;-0.0009526886255637509;-6.223335141516581
809;10;Normal;0.002125;0.14778807123716042;0.00164;0.0013;0.00563;-0.0010242864566295856;-5.4146585547058645
810;8;Faulty sensor;0.007725;0.00933844205421868;0.00022;0.00425;0.00014;-0.0032455471814947703;-4.043734024577343
811;8;Faulty sensor;0.004195;0.006789270947605494;0.00011;0.0035;0.00133;-0.0031826638038044155;-4.65536222388635
812;7;Normal;0.00099;0.06294511418688507;0.00106;0.03663;0.00995;0.0007790455788225543;-6.834442440118457
813;9;Normal;0.002125;0.22647417866061467;0.001875;0.14413;0.02224;0.0001572265594326395;-6.362407374812326
814;5;Rubbing;0.02041;0.018401206482184802;0.001;0.00929;0.00073;-0.0029759333973547594;-3.1755167813808036
815;10;Normal;0.001295;0.22400980514254284;0.001665;0.00223;0.00054;0.0005149983955895387;-6.634288491416971
816;1;Rubbing;0.054035;0.045320020962042816;0.00146;0.02732;0.00148;-0.003805863280901651;-1.5427277764737104
817;1;Unbalance;0.00102;0.2921071929959959;0.00159;0.17297;0.00656;0.0005600770839310821;-6.905228329626468
818;5;Normal;0.00143;0.10749143779855212;0.000585;0.06166;0.00595;-0.002122578448872879;-5.967397423480019
819;5;Normal;0.00244;0.21609586622608032;0.00131;0.1444;0.00152;-0.0019479105169551941;-5.594812924661206
820;6;Unbalance;0.00106;0.32976718620869483;0.00238;0.19035;0.00954;-1.0357480147672199e-05;-6.240125617656814
821;7;Normal;0.00055;0.03129706376003985;0.000465;0.01995;0.00538;0.00015345070059462543;-7.070606095715801
822;7;Normal;0.001575;0.21068044546184161;0.00159;0.13929;0.00371;-0.0005775522721322296;-6.050693852123751
823;10;Normal;0.00103;0.10633498436544765;0.0006100000000000001;0.0005;0.00119;-0.001050078512917601;-6.637711498103728
824;3;Normal;0.00302;0.23058573828404913;0.0021;0.14664;0.03182;-0.0011715823827469468;-5.542825575417777
825;7;Normal;0.00167;0.07842763352288529;0.00032;0.04469;0.01851;-0.00017971354813299705;-7.074134990128856
826;9;Normal;0.003515;0.1242888977342707;0.00103;0.07321;0.02007;-0.00034491027956332093;-5.794778780651252
827;4;Normal;0.027520000000000003;0.18916279311746267;0.0032199999999999998;0.12649;0.01297;-0.003515875284225704;-2.695215559238003
828;8;Normal;0.000735;0.2107506581247138;0.00264;0.12247;0.00303;0.000839867593704794;-6.999981017442504
829;7;Normal;0.000985;0.020179821604761523;0.00114;0.00847;0.00738;0.00014565352722114745;-6.965706937235838
830;7;Normal;0.00081;0.05072651673434713;0.0008799999999999999;0.0287;0.0148;0.0011105010396237716;-7.1919898608302795
831;8;Normal;0.00298;0.10739430059365349;0.001325;0.05615;0.01236;-0.0004995654398567643;-5.579857026912596
832;4;Normal;0.00146;0.15769578751507599;0.0011749999999999998;0.1064;0.00527;-0.0018713524419325508;-5.8514216683107705
833;5;Rubbing;0.01186;0.06417029375030163;0.000675;0.0422;0.00239;-0.0027293676468188362;-3.6796964896140354
834;10;Normal;0.00457;0.056064953402281535;0.000905;0.00114;0.0005;-0.0013974904192600233;-5.150018055912335
835;7;Normal;0.00072;0.16974193913114105;0.001355;0.11311;0.0064;-0.0005497195291724885;-6.888465251523207
836;5;Normal;0.00032;0.1764957342260713;0.00075;0.10281;0.00511;-0.00020877618146306257;-7.782130742105654
837;5;Normal;0.00036;0.21666524917485036;0.00096;0.12627;0.00464;-0.00016447141054177643;-7.892898944716937
838;4;Normal;0.00192;0.0900082029595081;0.00228;0.05733;0.00753;-0.0011333350579763226;-6.3016108442457135
839;7;Normal;0.00091;0.17003682953995586;0.00189;0.11098;0.01365;0.000384673524095942;-6.679931489590781
840;10;Unbalance;0.0006900000000000001;0.25303853105801893;0.001055;0.00067;0.00029;-0.0016498967628821623;-6.101463497078492
841;7;Normal;0.00076;0.09880004402833027;0.00123;0.06521;0.00255;0.0008197915953201287;-7.14757575171266
842;10;Normal;0.00229;0.16339546535935442;0.000745;0.00076;0.00022;-0.00022249265002324012;-6.084838633798174
843;6;Normal;0.00109;0.21614767937685567;0.00184;0.13519;0.00771;0.0003284939948440101;-6.859846328264779
844;7;Normal;0.00096;0.04356267783320947;0.000735;0.02442;0.00257;-0.0011704710247851236;-6.574658032373719
845;4;Misalignment;0.177865;0.307806167254654;0.016105;0.16982;0.04626;-0.0014804117961729076;-1.4207553613570751
846;4;Normal;0.00096;0.09430949474999853;0.00277;0.05665;0.01899;-0.000981678638921287;-6.486618788453676
847;1;Normal;0.00075;0.09103759443219049;0.001415;0.06093;0.00687;-0.0008294267538032211;-6.706447861578155
848;4;Normal;0.0014399999999999999;0.23536660468299236;0.0037549999999999997;0.1499;0.01644;-0.0008927146524317191;-6.263437031749958
849;10;Normal;0.0013;0.03970445944727116;0.00054;0.00025;0.00064;-0.0003272739240306538;-6.1129394775887755
850;1;Normal;0.003965;0.06697465640076102;0.00092;0.03746;0.00101;-0.0017426928321186027;-5.073046604122727
851;5;Normal;0.000645;0.03486162790232264;0.00108;0.02229;0.00147;-0.00035505429497519;-6.947011480110717
852;6;Normal;0.0016;0.08834185701013988;0.00165;0.05355;0.02038;-0.0006351539983646579;-6.39387593656931
853;7;Normal;0.000845;0.1696797082741481;0.001185;0.09654;0.00653;-0.0007121065885997026;-6.587357455161866
854;8;Normal;0.00273;0.11209465375297789;0.0019399999999999999;0.06933;0.00844;0.0007890315368338258;-6.301918609177545
855;10;Normal;0.0010400000000000001;0.047151608668209825;0.00098;0.0008;0.00027;-0.0005672002020452287;-6.557518075547918
856;9;Normal;0.00247;0.06015597642794936;0.00111;0.03592;0.00505;-0.0017385451261080365;-5.566108184795499
857;1;Normal;0.00024;0.043865229966341214;0.00059;0.02657;0.00586;-0.0009251576077675046;-7.925515437644846
858;7;Normal;0.00106;0.22465788457118527;0.001265;0.12784;0.00432;-0.0005009304398232138;-6.6151407952664805
859;1;Normal;0.00035;0.09310565718580155;0.000975;0.06118;0.00162;0.000279301365130347;-7.561167574036766
860;7;Normal;0.00102;0.1706606978773965;0.002215;0.10584;0.00899;0.0008433828733355724;-6.897771657483924
861;6;Normal;0.00054;0.09419545105789344;0.00138;0.0581;0.00337;-6.733284781870261e-05;-7.3177471940619565
862;10;Normal;0.003575;0.10715708609326777;0.00093;0.00065;0.00023;-0.0005542691272002714;-5.9172913682612975
863;10;Rubbing;0.01185;0.08758425315089466;0.000955;0.00057;0.00045;-0.0022209290985274145;-3.7743604581239927
864;4;Normal;0.000875;0.17721026296464887;0.0033699999999999997;0.10865;0.00931;-0.00022068874923512007;-7.01109770166976
865;7;Normal;0.00108;0.035060342268722934;0.00054;0.02061;0.00529;9.079308074365781e-05;-6.798624552369757
866;4;Faulty sensor;0.00728;1.8524112651082643;0.0060750000000000005;0.01549;0.00051;-0.0018205306952761948;-4.48542672755788
867;7;Normal;0.0020150000000000003;0.045387758261451944;0.00107;0.02615;0.00317;8.745515026928253e-05;-6.237811507330016
868;3;Normal;0.00136;0.015650603822217213;0.00051;0.00847;0.00893;-0.0005940884828883084;-6.442307009848347
869;5;Normal;0.00038500000000000003;0.035440493788885044;0.000335;0.02035;0.0029;-9.240857203841479e-05;-7.5310057651444495
870;7;Normal;0.00068;0.1321404480089272;0.000985;0.07457;0.00657;0.00027927381853050707;-6.834071373074913
871;1;Normal;0.00248;0.1837589611420352;0.00161;0.12013;0.00702;-0.0012143451967834345;-5.667064651718366
872;4;Normal;0.000845;0.18863971188485207;0.00131;0.12223;0.00398;-0.0006532511500420918;-6.851985249660912
873;8;Faulty sensor;0.00592;0.003556824426366868;0.00014;0.00201;0.00038;-0.0031319827898983114;-4.357339068253561
874;8;Faulty sensor;0.00489;0.006786877043235717;0.00012;0.00394;0.0021;-0.0031883139427626257;-4.5422832542560645
875;4;Normal;0.00054;0.2170492888723665;0.00183;0.14767;0.01737;0.00047679536223148994;-7.5014815183021355
876;2;Rubbing;0.01029;0.28599396269851574;0.0020350000000000004;0.16297;0.00303;-0.0020056317139825128;-4.022531358304349
877;9;Normal;0.00132;0.1010845561893606;0.00113;0.05665;0.016;-0.0006987931164540686;-6.372503336808035
878;2;Normal;0.003125;0.1377910247439941;0.0015400000000000001;0.08426;0.00098;-0.0015854438248019877;-5.373366632591193
879;2;Normal;0.00075;0.04920080792019578;0.00071;0.02628;0.00629;-7.401707858631726e-05;-7.098735463275815
880;1;Normal;0.00128;0.11645623126308012;0.00074;0.07278;0.00748;-0.0008369487025527639;-6.591758919065358
881;10;Normal;0.0029449999999999997;0.1346996829988846;0.00143;0.00118;0.00033;-0.0011440642895869586;-5.785717229393951
882;4;Normal;0.01573;0.07651272965984156;0.00128;0.05121;0.0167;-0.003153534157475744;-3.3437256114941833
883;10;Normal;0.003855;0.08250076908732426;0.000715;0.00055;0.00059;-0.00037784785724174005;-5.905394324423662
884;7;Normal;0.000775;0.13093795859108234;0.00136;0.07852;0.00257;0.0005277926182027657;-6.8522000658711955
885;5;Normal;0.00048499999999999997;0.1689616006671338;0.0008;0.09705;0.00427;-0.00011321538944959386;-7.711118509711361
886;8;Normal;0.000905;0.18523451163322668;0.00151;0.10477;0.01978;-0.00038041531584712894;-6.674201099111617
887;9;Normal;0.00541;0.20986058967800508;0.00184;0.11826;0.01281;-0.0009480542477866041;-5.348695726557976
888;8;Normal;0.001565;0.06273010361859767;0.0006050000000000001;0.0354;0.00729;-0.0009593767264779214;-6.179034831811272
889;0;Normal;0.000315;0.15617456515066722;0.001435;0.10005;0.00837;-0.0009706813440461565;-7.607426183737747
890;10;Normal;0.001055;0.04569081745821583;0.001715;0.00289;0.00074;-0.0008231726571572911;-6.224420998775765
891;4;Misalignment;0.000955;0.221212703975156;0.00233;0.12335;0.0337;-0.00028078090958015117;-6.70412081782014
892;7;Normal;0.00081;0.12981704009874823;0.00129;0.08451;0.00406;-0.00010075230057209635;-6.686251970205129
893;6;Normal;0.04779;0.408798911079763;0.005050000000000001;0.04338;0.01676;-0.002529664697141369;-2.4820453104986475
894;7;Normal;0.00087;0.08285772746099183;0.00098;0.0487;0.00215;-9.003755035824988e-05;-6.844023207025688
895;10;Normal;0.001475;0.057736413120317756;0.00095;0.00063;0.00065;-0.0014590877951431863;-5.943919497937767
896;1;Normal;0.0006000000000000001;0.058232340670799076;0.00186;0.03526;0.00619;-7.320512349971381e-06;-6.720981512617925
897;6;Unbalance;0.05169;0.4525716646013093;0.004265;0.25989;0.00545;-0.0025874829820377756;-2.464518079662029
898;7;Normal;0.001165;0.15203182331341028;0.001;0.08696;0.01691;-0.00012070389408268077;-6.588515183249406
899;4;Normal;0.001875;0.1144071811557299;0.00229;0.06057;0.00766;-0.0012096878305739313;-6.297513361928371
900;5;Rubbing;0.00623;0.10080191168822146;0.0008;0.05885;0.00449;-0.0024860527307537256;-4.582808500375446
901;10;Normal;0.00201;0.18639172084617922;0.0019950000000000002;0.00198;0.00034;-0.00044884637892407113;-5.9455513278874195
902;3;Normal;0.001535;0.11638114752828312;0.00115;0.07851;0.00408;-0.0024443387210260105;-5.619837467890851
903;4;Normal;0.000455;0.09594255885684934;0.00098;0.06343;0.01529;-0.0008462730417127887;-7.284804330796373
904;4;Normal;0.000655;0.14251788168507137;0.00208;0.09486;0.02103;8.64189428277178e-05;-7.5317516340008135
905;3;Normal;0.00181;0.2232544624414034;0.00139;0.1363;0.00358;-0.0002116337726634131;-6.454655761228538
906;5;Normal;0.0008049999999999999;0.2463642936790963;0.001115;0.15545;0.00154;-0.0008215939006278679;-7.168802753935612
907;1;Normal;0.00047;0.14603474757741733;0.0008500000000000001;0.09641;0.00345;-0.0010381901994744513;-6.883634105661584
908;0;Normal;0.00025;0.1954860002660037;0.00132;0.11282;0.0224;-7.604654918277446e-05;-7.885029331206619
909;7;Normal;0.00102;0.1908097809337876;0.00149;0.11394;0.00111;0.00019422576593134934;-6.646943321437955
910;8;Normal;0.00118;0.14138201123198096;0.0016250000000000001;0.09136;0.00406;0.0001910438832909461;-6.771085837019698
911;5;Unbalance;0.00056;0.365976090612488;0.001555;0.21327;0.0041;-0.0013001937324707534;-7.08782853471693
912;5;Rubbing;0.00352;0.1145614983316821;0.000625;0.07173;0.00343;-0.002688137641179363;-4.984025607482183
913;7;Normal;0.00072;0.01593650526307446;0.00095;0.00568;0.0095;-7.762351748287968e-05;-7.348346146897023
914;5;Normal;0.0007;0.08025629819521955;0.000695;0.04652;0.00493;-0.000308713340744387;-7.0464416812654695
915;5;Normal;0.00057;0.0931775997759118;0.00107;0.0625;0.00289;-0.0008716902622959477;-6.709494994449984
916;5;Normal;0.00055;0.11898485701970651;0.00062;0.06811;0.00321;-0.00024367592665130777;-7.613169212740755
917;4;Normal;0.001;0.14245863153912436;0.004225;0.08373;0.00993;-0.0012585714068758928;-6.28757042042907
918;7;Normal;0.00094;0.04850391118250156;0.000665;0.02691;0.00383;-0.0002991038671582108;-6.733364394569296
919;9;Normal;0.005365;0.0861978625025006;0.00078;0.04851;0.00734;-0.0006908259620626027;-5.156655006390002
920;3;Normal;0.001785;0.18499093923757456;0.001115;0.10795;0.00604;-0.0007006080092635818;-6.276905952863683
921;1;Normal;0.00025;0.06804021898847769;0.000915;0.0419;0.00826;-0.0003698375290037409;-7.784844166794009
922;5;Normal;0.0012;0.19314641389370915;0.00108;0.11351;0.00312;-0.0004447698322229051;-6.638504071209391
923;8;Normal;0.00137;0.14276997233312053;0.001565;0.09045;0.00167;0.0011294899806978246;-6.783331983782162
924;5;Faulty sensor;1e-05;3.0000000000000004e-05;0.0;2e-05;0.0;-0.011085912188318059;-14.301873033366153
925;7;Normal;0.000665;0.196040027290347;0.00111;0.11686;0.00396;-2.2097776918167172e-05;-6.754061274398253
926;6;Normal;0.00167;0.11909198209787257;0.001665;0.06219;0.00534;0.00014068018973001443;-6.476107228307861
927;10;Normal;0.00096;0.17118127292434765;0.00132;0.00098;0.00059;0.00013287505615165287;-6.805479077946913
928;5;Normal;0.000495;0.034279528876575885;0.00029;0.01931;0.00899;-0.00024265494172804065;-7.6078480145152705
929;10;Normal;0.00181;0.13254727496255816;0.001375;0.00103;0.00029;-0.0007317308380922312;-6.217026996125349
930;8;Faulty sensor;0.00852;0.00535072892230582;0.00022;0.00329;0.00077;-0.0032738521937272554;-3.9632039738305864
931;10;Normal;0.001055;0.1030219403816488;0.00084;0.00096;0.00146;-0.0005396452081023003;-6.324487756195051
932;7;Normal;0.00048;0.15265389644552152;0.00132;0.10154;0.01026;0.0003273670295019101;-7.267953572670076
933;4;Normal;0.000835;0.15644155841719296;0.00418;0.09302;0.01449;-0.00044437764370267924;-6.846214850071949
934;3;Rubbing;0.016575;0.05542923867418711;0.00254;0.02611;0.00734;-0.0009971783611060297;-3.875831262878826
935;5;Normal;0.000615;0.19045587809253878;0.000925;0.11094;0.0033;-0.0009854915481605428;-6.967912239705248
936;1;Normal;0.00222;0.09672412935767372;0.00267;0.03914;0.00511;-0.0007764030766308324;-5.934083739196894
937;10;Normal;0.00055;0.08236869490285736;0.00096;0.00071;0.00025;0.0022784606664564265;-7.574651628771402
938;5;Normal;0.00025;0.11192009917794032;0.00081;0.07556;0.001;-0.0005879063104489324;-7.7748920571263325
939;7;Normal;0.0012;0.03958369108610262;0.00051;0.02347;0.00277;-0.0017527203592466736;-6.5585968186810595
940;5;Faulty sensor;0.128735;0.038700746762821;0.002665;0.01189;0.00112;-0.002942510615809079;-1.4311477932192316
941;10;Normal;0.00298;0.18113997239703883;0.00122;0.00069;0.00055;-0.0008320513013400338;-5.563851073937591
942;9;Unbalance;0.003995;0.32808730591109436;0.00196;0.18922;0.00754;-0.000637736683660983;-5.625324532806633
943;10;Normal;0.001495;0.15673012409871945;0.000825;0.00055;0.00069;-0.0010747420975947403;-6.282548660817181
944;8;Normal;0.00341;0.026941440199068793;0.000755;0.01615;0.00605;-0.0004344014010105189;-5.556736375371507
945;0;Normal;0.00033;0.26440214144367286;0.0025050000000000003;0.16856;0.00963;-0.0008086256636199787;-7.643340648291967
946;1;Normal;0.00048;0.17386892131718076;0.00089;0.10164;0.00317;-0.0015094805966947835;-6.530176290529749
947;2;Normal;0.000915;0.12703385965954114;0.001395;0.07321;0.00936;-0.0002837999802029508;-6.8242747138089435
948;10;Normal;0.00251;0.08516979687659235;0.00158;0.00148;0.00051;-0.00021519345802638396;-6.127745451262047
949;10;Rubbing;0.01116;0.09967899377501761;0.00076;0.00043;0.00029;-0.00235589153326681;-3.792513488227738
950;8;Normal;0.0009;0.21164139316305777;0.00205;0.1238;0.00637;-5.844832002529318e-05;-7.067288133624535
951;7;Normal;0.00136;0.27114158884243483;0.00168;0.15677;0.00809;-0.0012352705277579997;-6.031477295456068
952;5;Normal;0.005425;0.223442409134882;0.00144;0.15223;0.00177;-0.0029426468643925234;-4.467554642232113
953;7;Normal;0.0007650000000000001;0.08056847708626495;0.00103;0.05148;0.00652;0.0008332988936306567;-7.14222699093892
954;10;Rubbing;0.00331;0.1469405696191491;0.002465;0.00153;0.00071;-0.00036475329573522716;-5.505990396108131
955;7;Unbalance;0.00057;0.394845393666939;0.00314;0.24557;0.00169;-0.00019191806868977708;-6.900931567612691
956;5;Normal;0.000615;0.2538723513894335;0.001105;0.14785;0.00157;-0.0010874504479620327;-7.161915022247376
957;4;Rubbing;0.00928;0.23756224784253918;0.0017699999999999999;0.15074;0.00861;-0.0026970630199749787;-4.089795957229411
958;10;Normal;0.00345;0.037530829993486683;0.00021500000000000002;0.00019;0.00051;-0.000592541332180682;-5.940752234831816
959;4;Normal;0.0010400000000000001;0.16488591328551994;0.0033;0.10174;0.02097;-0.0002583579675572285;-6.742679000839401
960;9;Normal;0.00122;0.07317444294287452;0.001235;0.0443;0.00116;0.001378793449521694;-6.870931108406345
961;8;Unbalance;0.00193;0.4229746108219736;0.00358;0.25755;0.02032;-0.0006971633845823446;-5.543757689687519
962;5;Normal;0.00072;0.065389139006413;0.000635;0.0385;0.00223;-0.00014210290335211237;-7.061613104504036
963;5;Normal;0.00021500000000000002;0.08492314113361563;0.0005;0.04977;0.00459;0.0001701899380376867;-8.023520918911478
964;3;Normal;0.00145;0.02942993543995637;0.00042;0.01728;0.00524;-0.0010186780030065508;-5.8977498475180585
965;4;Normal;0.00062;0.15809210100444615;0.00143;0.10053;0.02242;-0.0005590109218662006;-6.954214891404653
966;4;Normal;0.001025;0.1698012862142098;0.00135;0.10776;0.02037;-0.0015271148897107862;-6.3523731259944105
967;5;Normal;0.0013;0.11078041523662926;0.00077;0.06938;0.00367;-0.0011170170148146912;-6.146854350569953
968;6;Normal;0.00053;0.15874287921037591;0.00222;0.09397;0.00304;0.0014088854566511164;-7.5928982505832
969;5;Rubbing;0.10077;0.09524823200458891;0.00152;0.06394;0.00558;-0.0037257067530347826;-1.3579339008052607
970;5;Normal;0.003765;0.09275358321919429;0.000455;0.05304;0.00388;-0.002971344879594793;-4.857978573222827
971;3;Normal;0.00097;0.07204124860106188;0.000905;0.04135;0.01126;-0.0004848666586380855;-6.827577181448052
972;9;Misalignment;0.000775;0.12731309398486867;0.00106;0.08104;0.0391;0.001361435039513578;-7.001139221092104
973;4;Normal;0.001805;0.11014817156902788;0.0021;0.06192;0.02968;-0.001563042232644027;-5.719585588293942
974;8;Normal;0.001755;0.1163961330972812;0.001715;0.0762;0.00175;0.0002589945094541084;-6.440454684239263
975;1;Normal;0.00184;0.08609813644905447;0.000735;0.05567;0.00283;-0.0026765392353783656;-5.80789944401771
976;7;Unbalance;0.0016150000000000001;0.2774998450450018;0.0015;0.15677;0.00215;-0.0009331067797760427;-5.682425882374969
977;1;Normal;0.00151;0.21618957398542604;0.001165;0.13691;0.00232;-0.0007359657344037035;-6.362985855831129
978;5;Rubbing;0.087045;0.14539255551781186;0.00143;0.08269;0.00218;-0.0037127381994344045;-1.5130878659184877
979;8;Normal;0.0025849999999999996;0.24473380538863038;0.00216;0.13873;0.01169;-0.00012621266668201526;-6.104855304041038
980;2;Normal;0.00055;0.09377997760716304;0.0013;0.05882;0.00504;-0.0004165619303542965;-6.6869948198497005
981;4;Normal;0.008485;0.04501962238846523;0.001085;0.02714;0.00222;-0.0020814556235220325;-4.2998786766567525
982;4;Normal;0.004059999999999999;0.20936336976653772;0.00257;0.14181;0.01963;-0.0023695007833321327;-4.910579078664798
983;6;Unbalance;0.001735;0.670800263863991;0.00579;0.41223;0.00937;-0.0001322738527045428;-6.276838524673464
984;5;Rubbing;0.00572;0.07614701504327007;0.00057;0.04532;0.00319;-0.003038738793607245;-4.416361111539482
985;2;Normal;0.00075;0.09962119904919835;0.000825;0.06152;0.0046;-0.00051336371372711;-6.716423198538418
986;3;Normal;0.00135;0.23914814279019603;0.0014;0.13979;0.01114;-0.0007014955877528314;-6.418742036164169
987;7;Normal;0.0018700000000000001;0.11317863137536167;0.00181;0.06504;0.02202;-0.000336406430914412;-6.3350526877922775
988;3;Normal;0.00119;0.07198898596313189;0.00117;0.04143;0.00695;-0.00035207145824378046;-6.7333537545167745
989;7;Normal;0.00166;0.0521652710143444;0.00076;0.03148;0.00364;-0.001024147127076317;-6.032247185480207
990;6;Normal;0.004525;0.18768587853112445;0.00286;0.10555;0.00966;-0.00026721594707857475;-5.388318652510191
991;10;Normal;0.0027949999999999997;0.14556874492829838;0.001805;0.00191;0.0007;-0.0002539131837395015;-5.914978956849221
992;5;Rubbing;0.008965;0.034923659602052015;0.00178;0.01544;0.0007;-0.0022688625081053303;-4.192218814954106
993;8;Faulty sensor;0.009555000000000001;0.005352391988634614;0.00021;0.00325;0.00072;-0.00333866557214322;-3.8516090424915697
994;2;Normal;0.000775;0.190718159334658;0.002045;0.10959;0.00942;-4.532106121531359e-05;-6.759408229588168
995;4;Normal;0.000845;0.15388484200856173;0.0045000000000000005;0.09014;0.00606;-0.0005194145902440183;-6.988212286324226
996;10;Normal;0.00057;0.10600619557365504;0.001185;0.00108;0.00022;-0.00033706796829556523;-6.450957322556755
997;4;Normal;0.041055;0.06998393101276894;0.00094;0.0466;0.00967;-0.003634532197630825;-2.2727357906235297
998;3;Normal;0.001695;0.19757804964114814;0.00113;0.11542;0.00504;-0.0004595657437979067;-6.4269754705913655
999;4;Normal;0.002175;0.21083041621170315;0.0024;0.14242;0.02075;-0.0017579786589431584;-5.573287960117315
1000;7;Normal;0.00064;0.22784419720501992;0.001705;0.1391;0.00858;-0.0009252408865580569;-6.804877248228172
1001;10;Normal;0.00172;0.08070529908252616;0.0008849999999999999;0.00115;0.00017;-0.0012469002112192502;-5.76604925218401
1002;1;Normal;0.00074;0.09176810121169555;0.002;0.05759;0.00616;1.9210874783030235e-05;-6.624385558342081
1003;0;Normal;0.00029;0.24444265442021365;0.00317;0.14526;0.00724;-0.0008592656664312834;-7.6609841262170715
1004;5;Normal;0.000775;0.17131141555658222;0.000955;0.10123;0.00498;-0.0014177270679478346;-6.9128196539203115
1005;5;Normal;0.00037;0.177171024719055;0.00092;0.10672;0.00417;-0.0007471443534207071;-7.305048921730586
1006;9;Normal;0.00115;0.08130437565100661;0.00115;0.05147;0.01704;0.0007206248932344917;-6.947555202038669
1007;8;Normal;0.001435;0.0719236831648658;0.003615;0.03694;0.00064;0.0006465144516567479;-6.475341584779723
1008;5;Normal;0.00053;0.24499099820197479;0.001265;0.16375;0.00335;-0.000708972536151983;-7.339737411798583
1009;7;Normal;0.00086;0.11102390373248457;0.0007949999999999999;0.06503;0.00356;0.0003365812888720439;-6.764238409806097
1010;5;Normal;0.000615;0.20892745343779023;0.00085;0.12285;0.00657;-0.0003626056727938062;-7.280251085814684
1011;1;Normal;0.0013700000000000001;0.0733617706983685;0.000635;0.04474;0.00358;-0.0006895969743317767;-6.380261087215887
1012;10;Normal;0.00202;0.18140185859025812;0.0027749999999999997;0.00269;0.00045;-2.557825415095396e-05;-6.083237431428097
1013;2;Normal;0.00103;0.17714195578687733;0.001475;0.10094;0.00476;-0.0011582127372592704;-6.526016915597296
1014;0;Normal;0.00037;0.25122422872804284;0.001745;0.15058;0.00637;-0.0002260930025316372;-7.689264658335354
1015;4;Normal;0.00111;0.1339082857779906;0.002105;0.09006;0.014;-0.00111690442513833;-6.581538807314151
1016;1;Normal;0.000955;0.3414523042827505;0.00245;0.20372;0.00241;-0.0004700573070856932;-6.4748372614368535
1017;10;Normal;0.001475;0.0934378922065347;0.00107;0.00109;0.00124;-0.0009675655659725122;-6.078806043177908
1018;1;Normal;0.004685;0.10092382820721774;0.002295;0.05045;0.00092;-0.001615544783866637;-5.319522593234827
1019;8;Normal;0.001005;0.15723808857907173;0.0016150000000000001;0.09926;0.00135;0.0005774067022702903;-6.848983803043768
1020;1;Rubbing;0.045515;0.0831963659062101;0.0037;0.04083;0.0019;-0.0021444393216935847;-2.4903897668914228
1021;1;Normal;0.00027;0.1548342969112464;0.000855;0.0882;0.00127;4.529824804572407e-05;-7.694212232561264
1022;3;Normal;0.00122;0.07315477154635916;0.00093;0.04223;0.00793;-0.000258137866428894;-6.65170950794264
1023;5;Normal;0.000445;0.1290916682051944;0.000735;0.08287;0.00073;-0.00037353672402209764;-7.714432492875975
1024;10;Normal;0.00203;0.046745396564795545;0.00096;0.00111;0.00065;-0.0014485184189480358;-5.88028373964017
1025;2;Rubbing;0.01214;0.12093278670402001;0.00155;0.07394;0.00636;-0.0017618904177706494;-3.8634381835308673
1026;1;Normal;0.00037;0.14950351266776307;0.0012799999999999999;0.09763;0.00259;-0.00020637327961019067;-7.193829819799753
1027;6;Unbalance;0.00131;0.5058852549738923;0.00424;0.31124;0.00265;-0.00039867172427319005;-6.710381380854305
1028;4;Normal;0.052915000000000004;0.17490103687514263;0.001645;0.11743;0.01695;-0.0036333004893482233;-2.0233466229227073
1029;1;Normal;0.00027;0.11801771858496504;0.001425;0.06618;0.00331;0.00024244757070182634;-7.636244391249708
1030;8;Normal;0.0022649999999999997;0.1350978108630928;0.00165;0.07611;0.01099;-0.0005777394445304967;-6.057125941131592
1031;6;Normal;0.000915;0.1822422050459223;0.00126;0.10518;0.00395;-0.00023382746901879468;-6.739782860248923
1032;1;Normal;0.00049;0.08536608811466061;0.000695;0.05066;0.00195;0.0011560101843899587;-7.742246052800967
1033;4;Normal;0.00111;0.12752124254413458;0.00284;0.07654;0.01323;-0.0006845017407796375;-6.641960176064149
1034;4;Normal;0.000735;0.1664780405939474;0.00202;0.11252;0.02866;-0.0005103232511658678;-6.726655809732654
1035;1;Normal;0.00058;0.033397413073470224;0.00038500000000000003;0.02089;0.00246;-0.0005192053229877604;-7.047779657581025
1036;8;Normal;0.004425;0.07419321330148736;0.0016250000000000001;0.03905;0.00102;0.00029103304749423186;-5.525749455187995
1037;6;Normal;0.0032050000000000004;0.18840197265421613;0.001535;0.11414;0.01389;-4.394569465136041e-05;-5.490075499710078
1038;5;Normal;0.00067;0.19873405898335594;0.00108;0.11706;0.00069;-0.000596861568045814;-6.676457113459603
1039;10;Normal;0.0016;0.30989693480252434;0.00248;0.0037;0.00043;0.0004410584170106462;-6.364149254546946
1040;8;Normal;0.001925;0.10856463052025737;0.001175;0.06043;0.00292;0.0006426659403947545;-6.617763296244798
1041;10;Normal;0.001575;0.12110718847368228;0.00129;0.00162;0.00076;-0.0005722206051632594;-5.92469644745534
1042;5;Normal;0.001;0.18180548341565497;0.00103;0.11339;0.00116;-0.0014931940422325206;-6.438335401762041
1043;0;Normal;0.00027;0.11946663090587262;0.001255;0.07536;0.0081;7.186803582597043e-05;-8.009053942962826
1044;10;Normal;0.0026;0.028396498023523956;0.001175;0.00118;0.00049;-0.0010010394295252485;-5.7789173708468216
1045;10;Normal;0.00185;0.08803964675076792;0.0021349999999999997;0.00179;0.00061;-0.00043314102939120855;-6.138920629118991
1046;4;Normal;0.000705;0.122048097486196;0.00221;0.08171;0.03107;-0.00014811517921805849;-7.106390863192354
1047;7;Normal;0.000625;0.08056969219253601;0.00055;0.04853;0.0053;0.00044324864432633673;-7.053244378064686
1048;4;Misalignment;0.04048;0.09985162692715627;0.00323;0.05656;0.03329;-0.0014091155202898894;-2.722916341092322
1049;9;Normal;0.000785;0.11693191737075041;0.0009350000000000001;0.06723;0.0088;-0.00014781798075486272;-6.451236157583241
1050;10;Normal;0.00111;0.07918478452329084;0.000955;0.00076;0.00051;0.00010203029686589684;-6.758698403153453
1051;9;Normal;0.00123;0.1332786862180146;0.0011;0.08173;0.0072;-0.000646376525583733;-6.655969240201713
1052;10;Normal;0.001695;0.26117382353520807;0.00215;0.00193;0.00022;-0.00010470901765929828;-6.20217882225702
1053;4;Normal;0.00231;0.15036054502428486;0.00313;0.09517;0.01373;-0.0008083611051856115;-5.848372788678954
1054;1;Normal;0.000745;0.08902298074093004;0.00225;0.05617;0.00848;-0.00019350627949561863;-6.783355542102223
1055;2;Normal;0.00074;0.09252355808117196;0.00119;0.05562;0.00336;0.00034500421768601564;-7.214851607189792
1056;4;Normal;0.0030949999999999997;0.0901770225722717;0.0025050000000000003;0.05677;0.02857;-0.001552941930888233;-5.277273438604142
1057;1;Rubbing;0.051699999999999996;0.12942177251142867;0.001425;0.08692;0.00916;-0.0022811720226383007;-2.4218467443523064
1058;8;Faulty sensor;0.004895;0.00579269367393098;0.00012;0.00335;0.00174;-0.0032316868870483116;-4.516210188333552
1059;4;Normal;0.002005;0.1894702631021554;0.002855;0.12484;0.0305;-0.0012421156892243677;-6.167742975722317
1060;7;Normal;0.00058;0.2065324935694139;0.001105;0.12332;0.00427;0.00026952111632196405;-7.268114993692558
1061;8;Unbalance;0.001345;0.3918536742203651;0.00279;0.23946;0.01765;-0.0006162734446463912;-6.088387127902424
1062;8;Normal;0.00376;0.22776059250888858;0.00221;0.12613;0.00379;-0.0001854833291755271;-5.751052753812868
1063;5;Normal;0.0008849999999999999;0.1254266865543374;0.00074;0.08047;0.00301;-0.0009525643807187932;-7.095253234046375
1064;0;Normal;0.00025;0.09540727435578485;0.00093;0.0614;0.00283;-4.7456899036326506e-05;-7.90199503213126
1065;4;Normal;0.00072;0.11111378762331883;0.00215;0.06339;0.01075;-0.0004391658228296724;-7.096409597420879
1066;4;Normal;0.00103;0.03823677156873995;0.000355;0.02421;0.01115;-0.0005114164747925233;-6.475178745079469
1067;1;Normal;0.001325;0.150587237175001;0.001705;0.08522;0.00158;0.00027348093376770594;-6.77229618366678
1068;10;Normal;0.00162;0.11336918496663898;0.00202;0.00265;0.00047;7.818557146806498e-05;-6.448578728366015
1069;8;Unbalance;0.00119;0.3418523946091354;0.00281;0.19975;0.00872;-0.0005475712480411943;-6.322262694021163
1070;5;Normal;0.000895;0.12805343259749033;0.00293;0.08053;0.00341;-0.00024705453319178524;-6.637049613582526
1071;5;Normal;0.006319999999999999;0.05204507373421619;0.000545;0.0349;0.0027;-0.003381507692390987;-4.3510643627305665
1072;5;Normal;0.000955;0.14956042892423116;0.0008799999999999999;0.08764;0.00181;-0.0008218984432363459;-6.474963315308997
1073;6;Normal;0.0029449999999999997;0.07614486982062547;0.00074;0.04337;0.02098;0.00064502259133666;-5.689543790812159
1074;1;Normal;0.00079;0.1870973864061174;0.00145;0.11707;0.00692;-0.0003515626683584857;-6.735459989976492
1075;10;Normal;0.00087;0.04830244507268757;0.00128;0.00084;0.00268;0.00043975471088909774;-6.408652522441105
1076;7;Unbalance;0.0012;0.45622544087325956;0.0037;0.28562;0.01434;-0.00041135917652739354;-6.29422804798658
1077;9;Normal;0.00376;0.12228171490455962;0.00424;0.06547;0.01181;-0.00025798354501221357;-5.79195645200839
1078;5;Normal;0.000405;0.2090700337207607;0.00098;0.13433;0.00462;-0.00013882024277926908;-7.807719772601957
1079;6;Normal;0.00091;0.07501235431580587;0.00219;0.04251;0.01786;0.0013113203053682718;-7.320588961296725
1080;2;Normal;0.000615;0.18891138795742304;0.00126;0.10688;0.00892;-0.0007773877465789196;-6.907288361552734
1081;5;Rubbing;0.098335;0.12900263059333325;0.001645;0.08733;0.00046;-0.0037293155479128414;-1.3814676679516933
1082;6;Normal;0.026105;0.49693491525550904;0.00386;0.28571;0.00738;-0.0022410995801928017;-3.0352784412433222
1083;5;Normal;0.00074;0.16687764020383317;0.00085;0.1093;0.00593;-0.001042047898633164;-6.806959146213375
1084;5;Normal;0.00038;0.050961536476052206;0.00049;0.029;0.00318;-0.0005445578017058463;-7.44360225448639
1085;6;Normal;0.0009;0.03868926853792922;0.001255;0.02143;0.00392;0.0019915536723278692;-7.295396821939329
1086;2;Normal;0.00097;0.18770226956539443;0.00093;0.10644;0.00941;-0.0006251079970386117;-6.998659584008552
1087;4;Normal;0.09020500000000001;0.3256790427706394;0.026180000000000002;0.06125;0.00965;-0.0016638270247195358;-1.9350745309377149
1088;6;Unbalance;0.03264;0.5121161922845245;0.00408;0.28958;0.00508;-0.0023131363846153347;-2.796447423080083
1089;8;Normal;0.001065;0.13434991328616477;0.001305;0.08256;0.00579;0.0010035142205667626;-7.196318160779666
1090;5;Normal;0.0011;0.1520813880788836;0.00138;0.09776;0.00301;-0.0021678164091388724;-6.1364774143005825
1091;8;Normal;0.00174;0.03291610548044832;0.00059;0.0212;0.00707;-0.0012218504984822709;-6.00631933158942
1092;5;Normal;0.00072;0.027645420958994277;0.000455;0.01695;0.00186;0.0003331896640604587;-7.560984391073745
1093;4;Faulty sensor;0.0102;1.5704378293329537;0.00788;0.06395;0.00212;-0.0015234633469801684;-4.281995169533958
1094;5;Normal;0.00055;0.14821346632475743;0.00077;0.10098;0.00379;-0.0003040479453419806;-7.358552196254596
1095;7;Normal;0.001765;0.2279394208995013;0.00163;0.15107;0.0075;-0.000878705418875521;-5.768229261138716
1096;1;Normal;0.00034;0.07416735670090988;0.00121;0.04093;0.00282;-0.0006603797704383505;-6.969082796086307
1097;1;Normal;0.00016;0.07377470840335461;0.00077;0.04557;0.00141;-1.6338407607427603e-05;-8.093796474414564
1098;10;Normal;0.00228;0.22276059458530814;0.001975;0.00202;0.00111;-0.0005067302085956098;-5.980553536768009
1099;7;Normal;0.00132;0.07724700770903686;0.0007700000000000001;0.04611;0.00254;-0.0005508098441550706;-6.254855121361947
1100;8;Faulty sensor;0.00384;0.0075443820157783635;0.00012;0.00428;0.00179;-0.0031025165362097433;-4.797639627327271
1101;2;Normal;0.0009;0.0734088713984897;0.00078;0.04391;0.00526;-0.0010402330013774882;-6.615594755284387
1102;3;Normal;0.00118;0.032264878738343335;0.00089;0.01799;0.00541;-0.000854703391689521;-6.442291594438366
1103;7;Normal;0.0017100000000000001;0.0975984641272597;0.001345;0.05701;0.00292;0.00011732916013427829;-6.344618317363553
1104;1;Rubbing;0.020465;0.07269482443750724;0.000975;0.04251;0.00927;-0.003044668345412393;-3.0988372813676905
1105;1;Normal;0.00036;0.28962578390053606;0.003265;0.16227;0.00298;-0.0001444185300932138;-7.185861240613016
1106;5;Normal;0.00061;0.08268799489647817;0.000535;0.05162;0.0016;0.00011681594169538776;-7.400121497577939
1107;10;Normal;0.00138;0.10094488545736233;0.00115;0.00149;0.00086;-0.0009074631559600262;-6.187153688940705
1108;10;Normal;0.00168;0.12600894650777777;0.00129;0.00087;0.00059;-0.0015302585614316412;-5.764110276407411
1109;7;Normal;0.00083;0.028498408727506173;0.000355;0.0166;0.0081;0.0012198598870913578;-6.986550091604701
1110;1;Normal;0.001845;0.04430053047086457;0.000795;0.02844;0.00451;-0.0005007397925354503;-6.313437980711234
1111;1;Normal;0.00086;0.055276118713238176;0.00203;0.03317;0.00784;-0.000944011202603705;-6.109203911064749
1112;9;Normal;0.002895;0.23460854566703235;0.00178;0.1451;0.00847;-2.4863885061274875e-05;-5.893390239169319
1113;2;Normal;0.00051;0.09487196161142658;0.00084;0.05806;0.00434;0.0007211812010653624;-7.542091064376562
1114;4;Normal;0.000815;0.12398560440631809;0.00216;0.08274;0.01112;-0.00030899522138632524;-7.108105959630749
1115;7;Normal;0.00118;0.06323903857586705;0.000445;0.03568;0.01013;-0.0017194469590720157;-6.401521114386905
1116;7;Normal;0.00115;0.22424852909216597;0.00133;0.1358;0.00208;-0.0011272087775143736;-6.179764732263804
1117;7;Normal;0.001275;0.05629945381617836;0.00185;0.02412;0.02486;0.0005313572029665884;-6.507059987883203
1118;0;Normal;0.00053;0.16879879679665966;0.001185;0.09732;0.02741;-0.00028928698109139555;-7.260832596670013
1119;8;Normal;0.00147;0.20902199836380855;0.00358;0.13619;0.0015;0.001298052621464321;-6.635880842189041
1120;1;Normal;0.00023;0.04401501675564829;0.00076;0.02635;0.00084;-0.00023004739267990047;-7.742169227123306
1121;10;Normal;0.000925;0.10985389660817681;0.0011;0.00124;0.00033;-0.0011604116769790907;-6.241024860714238
1122;5;Normal;0.000415;0.03369793762235309;0.00016;0.02233;0.00337;-0.0013724659097218346;-7.480126951691105
1123;6;Normal;0.00145;0.18090322827412447;0.00301;0.10335;0.00942;-0.00017622591238935703;-6.320643176585148
1124;4;Unbalance;0.041874999999999996;0.25475194739196794;0.001895;0.15955;0.00548;-0.0022031080841925766;-2.58509107446765
1125;5;Normal;0.000505;0.025396214284810245;0.00041;0.01554;0.00181;-6.637667102939124e-05;-7.312729294946882
1126;5;Normal;0.000785;0.07299788421591409;0.0009699999999999999;0.04886;0.00318;-0.0007826500535333229;-6.668846682287086
1127;10;Normal;0.00397;0.019077130287336198;0.00033;0.00044;0.00025;-0.0006607457855191365;-5.700773155218334
1128;8;Normal;0.001115;0.05902933846825661;0.001715;0.03219;0.00352;0.0005642361962422415;-6.709927384713474
1129;1;Normal;0.013685;0.2669711540597598;0.00315;0.1499;0.00173;-0.002919167327736343;-3.583799684746967
1130;5;Rubbing;0.088365;0.14015516544173462;0.001515;0.09497;0.00157;-0.0037233469677304164;-1.4915040804937623
1131;10;Normal;0.00255;0.10037314581101861;0.00039;0.00029;0.00049;-0.0017830965922021812;-5.66637104319932
1132;10;Normal;0.000965;0.1337875337989306;0.001065;0.00105;0.00029;0.00019125303470799416;-6.630840816782444
1133;1;Normal;0.00148;0.060542284396940295;0.00049;0.03953;0.00398;-0.0009094908472516733;-6.007774724066616
1134;10;Normal;0.000985;0.04748801322439169;0.00084;0.00101;0.00079;0.00025843431431496423;-6.4996163625744705
1135;1;Normal;0.00179;0.18771094560520438;0.000865;0.11058;0.00111;-0.0009981565216760947;-6.248898723386345
1136;10;Normal;0.002025;0.17641034776905803;0.002145;0.00243;0.0008;-0.0005055358245571675;-5.810420346325554
1137;10;Normal;0.00234;0.07504578002792694;0.0008;0.00077;0.0008;-0.0004717778104535458;-5.776304452489667
1138;10;Normal;0.00091;0.03691807958169006;0.0011;0.00139;0.00072;-0.0003424646854731054;-6.336279299964394
1139;5;Normal;0.00029;0.1087074997412782;0.000635;0.06763;0.00075;-0.00018040040604638347;-7.5614722233539835
1140;10;Normal;0.0027099999999999997;0.08284397805513687;0.001555;0.00117;0.00025;-0.0010254526285069828;-5.877520216533799
1141;5;Normal;0.000415;0.04217067583048676;0.00047;0.02445;0.00375;-0.0006637233061665495;-7.346005026463224
1142;7;Normal;0.00143;0.104692955827983;0.00112;0.06231;0.00841;0.00025587494959000706;-6.751148176696724
1143;4;Normal;0.00114;0.06623480731458348;0.00123;0.04317;0.00933;-0.0011004524981171188;-6.315993689429486
1144;5;Normal;0.00071;0.17380126179058655;0.00101;0.11158;0.00379;-0.0008274608877192383;-6.9916598775267484
1145;4;Normal;0.00075;0.1670252759315188;0.00141;0.10607;0.00318;-0.0010860600415161167;-6.558389955630526
1146;6;Unbalance;0.0026;0.35700471425458796;0.00377;0.20264;0.01873;2.192391316525861e-05;-5.841249694872116
1147;2;Normal;0.000925;0.11388468685473038;0.00114;0.07067;0.00631;-0.000929816255735347;-6.578080752944974
1148;7;Normal;0.00067;0.18353389959350833;0.00135;0.10909;0.00575;-0.0005435127481096017;-7.00300632154211
1149;9;Normal;0.00216;0.26597522835783033;0.00331;0.15104;0.01608;-0.0001604826494910767;-5.924637030015845
1150;3;Normal;0.001145;0.13151693275012158;0.00106;0.07602;0.00398;-0.00020765499678835258;-6.4017362391890895
1151;9;Normal;0.00345;0.10362976213424403;0.0011849999999999999;0.06103;0.01461;-0.0009855230081371085;-5.448538039783881
1152;7;Normal;0.00051;0.1325184538092714;0.00129;0.07453;0.0083;-0.0002587000497064638;-7.216443343882643
1153;5;Normal;0.000745;0.16078723923247143;0.001005;0.10523;0.00429;-0.0003915430305062359;-7.075622665940142
1154;2;Normal;0.0009;0.08017269298208711;0.000715;0.04947;0.00417;-0.0003721944778853912;-6.709594526294083
1155;6;Normal;0.001115;0.1906870803174667;0.0017;0.11943;0.01586;-0.0002771201068530779;-6.746117198927631
1156;8;Normal;0.00071;0.1433925667529527;0.0015400000000000001;0.09075;0.00322;0.0005950506323868879;-7.034055218867462
1157;4;Normal;0.001885;0.13178657708583222;0.00199;0.08553;0.01575;-0.0012838950305291887;-6.242985098341764
1158;9;Normal;0.00419;0.4376698175565686;0.00361;0.25278;0.04179;-0.00024674546824226726;-5.49265572200321
1159;10;Normal;0.00261;0.06419700460301866;0.000905;0.00081;0.00045;-0.0009594056242644162;-6.168342314061587
1160;5;Unbalance;0.00061;0.32262156437535294;0.00145;0.18528;0.00119;-0.0011157561726670812;-6.948168699699597
1161;2;Normal;0.00027;0.07951080178189628;0.000635;0.04852;0.0143;0.001094749440510534;-8.200476602868696
1162;4;Unbalance;0.00841;0.28105624330372025;0.00492;0.17485;0.01523;-0.0019341188755772401;-4.3115104512945575
1163;10;Normal;0.001425;0.1858743333545544;0.001715;0.00179;0.00055;-0.0008369365555062648;-6.2798035873359686
1164;1;Normal;0.00051;0.13137851308338055;0.00087;0.07573;0.01312;0.00035004205106719437;-7.393799885607506
1165;1;Normal;0.00048;0.06798564701464567;0.000435;0.04506;0.00627;0.0003624132459653455;-7.290924637890746
1166;10;Normal;0.00169;0.1262431582304562;0.000735;0.00073;0.00022;-0.0012102235313898775;-5.888953438267509
1167;1;Normal;0.000465;0.052889006419103775;0.00118;0.03478;0.0059;0.00045830824266867014;-7.687721367461465
1168;5;Normal;0.00105;0.23640758215421095;0.00119;0.1486;0.00276;-0.0011875369967181762;-6.426297036852406
1169;5;Faulty sensor;0.07119;0.019554452178468205;0.00162;0.00331;0.00051;-0.0030013687794424038;-1.9574408327089483
1170;5;Normal;0.00074;0.06478402503704135;0.00102;0.04092;0.00061;-0.00025907725238746154;-6.78065094435985
1171;9;Normal;0.00342;0.11510682169185281;0.00181;0.07025;0.01225;-0.0005594544066613238;-5.808302271366186
1172;2;Normal;0.000825;0.03730005361926441;0.00076;0.02163;0.00145;-0.0003864089343831711;-6.936360952359012
1173;1;Normal;0.00035999999999999997;0.022067630140094337;0.00074;0.0136;0.00377;-0.00014214504766517103;-7.477955956251397
1174;3;Normal;0.001095;0.20981159643832842;0.001255;0.12531;0.00415;-0.0005839393468149757;-6.499217803857762
1175;10;Normal;0.001885;0.12478216459093826;0.001415;0.00143;0.00022;-0.0006532622627497299;-6.4174962149110515
1176;6;Normal;0.003385;0.22815110299974445;0.00279;0.13971;0.00457;0.00032202190811953364;-5.80981469002355
1177;1;Normal;0.0019;0.22084192197135036;0.00109;0.12985;0.00136;-4.662929272479536e-05;-6.5136631487331895
1178;4;Normal;0.0887;0.22038937950817866;0.005685;0.14315;0.01935;-0.001991536152804077;-2.091763233028359
1179;8;Faulty sensor;0.00675;0.008516096523642743;0.00019;0.00382;0.00034;-0.003372247297133778;-4.125427565215708
1180;3;Normal;0.00308;0.02659979887142006;0.000545;0.01473;0.00458;-0.0024519647556422858;-5.11039847660024
1181;7;Normal;0.001065;0.2242177167397795;0.0022649999999999997;0.14055;0.00736;0.0009198822059230814;-6.7685270447461665
1182;4;Misalignment;0.147575;0.40994394702202885;0.014745;0.2476;0.03805;-0.0015360387535827886;-1.5809536306321474
1183;7;Normal;0.00108;0.03499429953578154;0.00061;0.02087;0.00491;-0.0001442193665029072;-6.187276690591332
1184;4;Normal;0.00073;0.2203588802385781;0.002375;0.14496;0.0178;0.0002518164356945608;-7.115574310238763
1185;6;Normal;0.0034349999999999997;0.22474248819482268;0.004745;0.00946;0.00101;-0.00029037314081857546;-5.51388695223169
1186;8;Normal;0.00241;0.0939413918355482;0.0012000000000000001;0.05065;0.00629;-0.0003718575272862189;-6.197565911590797
1187;4;Misalignment;0.001245;0.08884639553746679;0.001335;0.05933;0.04018;-0.0006333005066093576;-6.595519010108425
1188;9;Normal;0.0019;0.27698518119206306;0.00169;0.15928;0.0047;-0.0006329321199408632;-5.946306981726896
1189;7;Normal;0.0012;0.07590848108083839;0.000715;0.04278;0.00348;-0.001231381718807504;-5.982110866224514
1190;7;Normal;0.00076;0.13853192844972598;0.00081;0.07875;0.00429;0.00017163496577107652;-7.134972467883573
1191;1;Normal;0.0005250000000000001;0.09999777947534635;0.00081;0.05687;0.00286;-0.0008702509313236883;-7.115263457464237
1192;7;Normal;0.00079;0.20210379857884905;0.00195;0.12448;0.01379;0.0014923392209331141;-7.774417284715378
1193;5;Normal;0.00101;0.24076248441150463;0.00105;0.13925;0.00043;-0.0017284408500247697;-6.434530566066145
1194;5;Rubbing;0.031200000000000002;0.09138298528719667;0.003225;0.04915;0.0014;-0.0021581770347874267;-2.9665460110540094
1195;9;Normal;0.00166;0.10063684663183758;0.001055;0.06171;0.01725;0.0008318674976040067;-6.590298480511892
1196;8;Faulty sensor;0.009389999999999999;0.005413344622319921;0.00022;0.00333;0.00078;-0.0033316110178224943;-3.8662519835373277
1197;4;Faulty sensor;0.0025849999999999996;1.7747489952666546;0.00743;0.06784;0.00074;-0.001907821338044673;-5.470758411314819
1198;7;Normal;0.00076;0.18015300663602593;0.0012;0.10725;0.00529;-1.1698021842229276e-05;-7.082580941601857
1199;3;Normal;0.00117;0.09299442563938982;0.00138;0.05249;0.00889;-0.0006824410814745612;-6.327792691258432
1200;0;Normal;0.00039;0.0676791046040061;0.0006850000000000001;0.04295;0.01147;-1.8838800050854167e-05;-7.687721719974385
1201;6;Normal;0.002145;0.23048147821462792;0.002295;0.13625;0.01397;0.0003105536138609629;-6.227603057010006
1202;1;Normal;0.0013;0.18591923111932235;0.00082;0.10904;0.00259;-0.0008442501666717094;-6.354092648880789
1203;4;Normal;0.00171;0.09059620797803847;0.00235;0.05661;0.00753;-0.0012925724007671758;-6.20731409150673
1204;7;Normal;0.00067;0.07576619958794291;0.00073;0.04687;0.0078;0.00014658632337524703;-6.853138065623949
1205;10;Normal;0.001915;0.2459380718798942;0.00223;0.00148;0.00038;0.00016359755932524806;-6.165609587657514
1206;5;Normal;0.00057;0.051609605695064176;0.00044;0.03302;0.00159;-9.363460929826552e-05;-7.263971783079198
1207;4;Normal;0.02502;0.18623332274327278;0.003535;0.12329;0.01101;-0.002538921770510901;-3.1805596375748717
1208;4;Normal;0.0006000000000000001;0.22701065745907176;0.0012799999999999999;0.14713;0.01301;-0.00041311488347381734;-7.1054398947344675
1209;7;Normal;0.000835;0.16798693461099884;0.0020949999999999996;0.10659;0.01065;-0.0003456320621634991;-6.730669731448254
1210;5;Faulty sensor;0.029585;0.3843801468598502;0.00329;0.00677;0.0004;-0.0030572763651950307;-2.792579130047412
1211;10;Normal;0.001405;0.1602254539703352;0.00068;0.00068;0.00039;-0.001267923699486964;-6.243529844225932
1212;10;Normal;0.00119;0.03806960730031241;0.00064;0.00051;0.00091;0.00031374795046342326;-6.876636224216245
1213;2;Normal;0.00041;0.16991560375668857;0.00103;0.09626;0.00334;-0.0007274515700412413;-6.880445022111628
1214;8;Normal;0.00199;0.24839175851867548;0.00291;0.14467;0.00327;0.00044405480118262755;-6.272942945293985
1215;8;Normal;0.00346;0.039088491912582145;0.001605;0.02057;0.0011;0.000496774220073878;-6.128383216747516
1216;8;Normal;0.00077;0.19706764397028753;0.0029950000000000003;0.12033;0.0025;0.0010198041058100981;-7.2708631195533355
1217;0;Normal;0.000415;0.13347299164999638;0.00079;0.09004;0.00648;-0.00103680534361038;-7.172106235744745
1218;7;Normal;0.00092;0.13181244668088063;0.001165;0.07822;0.00707;0.0005319867862714799;-6.731175605411208
1219;5;Rubbing;0.13802;0.11183227217579012;0.00209;0.07484;0.00087;-0.0035946622671924745;-1.0967284555117958
1220;9;Normal;0.00299;0.14272523638095683;0.00108;0.08203;0.02443;-0.0004840740480068945;-5.769796039555313
1221;1;Normal;0.00048;0.051716274034388825;0.000645;0.0324;0.0084;-0.0005212930729442757;-7.036005366478653
1222;5;Unbalance;0.00079;0.2830027877954561;0.0015;0.18176;0.00141;-0.0010583941957365722;-7.126186404446629
1223;1;Rubbing;0.00767;0.01974916707104378;0.000855;0.01029;0.00637;-0.0025605993715329184;-4.142093283861975
1224;1;Normal;0.0042699999999999995;0.2194713858342358;0.001315;0.14571;0.00372;-0.0018648015641759413;-4.977421724281094
1225;0;Normal;0.00025;0.24019014030555044;0.00215;0.15426;0.00753;-0.0005383985044112884;-7.908656639010737
1226;9;Normal;0.00101;0.22492289923438208;0.00238;0.13799;0.02484;0.0003549306495691496;-6.71032545665896
1227;2;Normal;0.00105;0.07435283652961736;0.0008500000000000001;0.04227;0.0034;-0.0011748463678511129;-6.382692847618362
1228;4;Normal;0.00155;0.08722500157638291;0.00218;0.05733;0.02647;-0.0015940082153620269;-5.8798972377898115
1229;10;Normal;0.0039700000000000004;0.026019561871791764;0.000435;0.01061;0.0034;-0.0008513701346665974;-5.524991800917221
1230;8;Normal;0.00154;0.15467081560527182;0.001855;0.09276;0.00952;-9.701117531732505e-05;-6.254706976145172
1231;3;Normal;0.00184;0.06486531045173528;0.0007;0.03747;0.00444;-0.0011346354491614417;-5.809001610084598
1232;4;Normal;0.000855;0.11869659641287109;0.001895;0.07784;0.02649;-0.0003183977405181503;-6.953336468463121
1233;3;Normal;0.001225;0.017309300967976726;0.00025;0.01016;0.01578;-0.0009720406518435395;-6.630727387166978
1234;4;Misalignment;0.00241;0.3413926560428622;0.00327;0.22677;0.0241;-0.0015981639505421817;-5.89846224891083
1235;10;Normal;0.0031149999999999997;0.09145877213258442;0.00123;0.00097;0.00041;-0.0009566722534572489;-5.312031492768399
1236;2;Normal;0.0007800000000000001;0.12394302844452366;0.00132;0.07592;0.01368;0.00045187515815962214;-7.267668629514115
1237;4;Normal;0.001445;0.10657652978024758;0.0013700000000000001;0.06927;0.02343;-0.00151224819211581;-5.953887029336621
1238;1;Normal;0.00046;0.08084206825657048;0.0007750000000000001;0.05079;0.00685;-8.409633953827417e-05;-7.173268411695988
1239;9;Unbalance;0.0023550000000000003;0.2807080052296336;0.00226;0.17295;0.0131;-0.0007957745619028711;-5.864293377926008
1240;4;Misalignment;0.001385;0.10807810925437214;0.00131;0.06186;0.03844;-0.0009703503185258091;-6.3348199852532945
1241;2;Normal;0.0005;0.1372357865135767;0.00116;0.0848;0.01297;-0.00026098830761623037;-7.01163557487314
1242;2;Normal;0.00043;0.14592768174681595;0.00111;0.09016;0.01912;0.0008404833538127017;-7.729819979121095
1243;10;Normal;0.00147;0.15066891285198813;0.00117;0.00097;0.00046;-0.0006523123519672583;-6.20782729596575
1244;0;Normal;0.003085;0.051857843186927856;0.0009699999999999999;0.02601;0.00814;-0.003031441502823884;-5.176362738795358
1245;4;Unbalance;0.0068000000000000005;0.3074930047984832;0.0047;0.1916;0.02723;-0.002731499701195545;-4.525580742253376
1246;0;Normal;0.0002;0.08036792643834978;0.000955;0.04942;0.00413;-8.602872131531195e-05;-8.076144553057754
1247;3;Normal;0.001485;0.03643013587677103;0.00057;0.02152;0.00391;-0.0003157939438876797;-6.435392094395836
1248;1;Normal;0.00029;0.16028101509536305;0.00111;0.10637;0.00218;-8.846008421867541e-05;-7.592689782356587
1249;6;Normal;0.00232;0.12124596611846516;0.0023;0.07097;0.01861;-0.0006887541398056883;-6.1965139024797775
1250;7;Normal;0.00071;0.19159383810550898;0.00201;0.11796;0.01292;0.0005457034242727591;-7.340405661004565
1251;9;Normal;0.002255;0.1237190353179332;0.00101;0.07124;0.01583;-0.0009228986662261821;-5.8681750912651705
1252;8;Faulty sensor;0.00413;0.007495005003333887;0.00011;0.00417;0.00167;-0.003176487184689723;-4.649455301084556
1253;5;Faulty sensor;0.729925;0.22392414675510097;0.01813;0.03673;0.00575;-0.003301534044563956;0.6097700787164799
1254;9;Normal;0.003205;0.25056274084548164;0.002025;0.15343;0.00675;-0.0007088621097689899;-5.678573692443633
1255;1;Normal;0.002565;0.08748604002925267;0.000925;0.058;0.00281;-0.0036035887951447396;-5.09010266042702
1256;5;Rubbing;0.09144;0.14321657899838272;0.00141;0.08137;0.00189;-0.0037090796213637926;-1.4609556666276853
1257;10;Normal;0.001105;0.13903251849837145;0.0014;0.00148;0.00092;6.152202370074133e-05;-6.327228131890678
1258;8;Normal;0.004375;0.06681911777328402;0.001365;0.03246;0.01737;0.00046851764382453194;-5.602467789083343
1259;6;Normal;0.0036550000000000003;0.17687310677432;0.0020949999999999996;0.09705;0.01476;0.00012876592180708168;-5.716125415203826
1260;1;Unbalance;0.00141;0.2636066698700926;0.001565;0.1668;0.00835;-0.0012822616090908162;-6.353292545730902
1261;6;Normal;0.001815;0.14191426461071488;0.00211;0.07607;0.00298;-0.0012508162039350003;-5.745783627286226
1262;7;Normal;0.00116;0.1187382941598876;0.00147;0.07475;0.02009;0.0008725370401713543;-7.066099975339455
1263;4;Normal;0.0021;0.07397408262357837;0.00086;0.04271;0.01196;-0.0022232800770834115;-5.436553858507396
1264;2;Normal;0.001185;0.11856012440951638;0.00154;0.06813;0.00847;-0.0002105940628526964;-6.611401473378276
1265;9;Normal;0.0021650000000000003;0.17908870009020672;0.000965;0.10316;0.01273;-0.0006831771881327362;-6.082892676199532
1266;1;Normal;0.00030000000000000003;0.2770272208646652;0.00172;0.15964;0.01091;-0.0010251812619192077;-7.1666977113147
1267;8;Faulty sensor;0.00413;0.005563712789136406;0.00011;0.00334;0.00132;-0.003084559149606993;-4.752328521334761
1268;0;Normal;0.00034;0.24943260011474042;0.00122;0.1421;0.02152;2.750004308119158e-05;-7.863341666414498
1269;2;Normal;0.000845;0.0566616228147412;0.00066;0.03424;0.00929;-0.0009199533686657775;-6.646366582443296
1270;8;Normal;0.00295;0.14029463211399074;0.00242;0.07076;0.00787;-0.0003498475792303629;-5.458037113967255
1271;4;Faulty sensor;0.003925;0.6249385228164447;0.002985;0.00905;8e-05;-0.0027040788360239887;-4.875844668679636
1272;10;Normal;0.0010400000000000001;0.12469126031923809;0.001485;0.00211;0.00256;-0.0011962235902790773;-6.154549164647255
1273;10;Normal;0.001175;0.04631206214367916;0.00119;0.00109;0.00023;-0.001002634119397577;-6.461769706366737
1274;1;Normal;0.00164;0.1780815568777407;0.001085;0.1125;0.00317;-0.00018055526889721506;-6.602873997013536
1275;3;Unbalance;0.001095;0.30378361953864463;0.001775;0.20642;0.00355;-0.0012776676302737008;-6.210543821407948
1276;1;Rubbing;0.192695;0.12063285207604106;0.0064150000000000006;0.06029;0.00519;-0.002730434237049154;-0.9313639160111673
1277;1;Normal;0.00316;0.12029525260790634;0.0018449999999999999;0.08006;0.00368;-0.0035851044676149793;-4.702828656952564
1278;1;Normal;0.0007199999999999999;0.028502638474358827;0.0005200000000000001;0.01595;0.00338;-2.669002360223483e-05;-6.975475519256255
1279;9;Normal;0.00183;0.08306754841693596;0.00108;0.05495;0.00066;0.001097038236300831;-6.386250930255101
1280;8;Faulty sensor;0.00364;0.007912363742902623;0.00012;0.00429;0.0018;-0.003027657280763502;-4.824819378202742
1281;4;Normal;0.001415;0.14127372367145988;0.0007700000000000001;0.09133;0.00808;-0.0007772590098670215;-6.461245689679749
1282;5;Normal;0.000545;0.130931800568082;0.00069;0.08452;0.00473;-0.0003887152296452645;-7.274348785841441
1283;9;Normal;0.00266;0.20932820856253465;0.00167;0.1269;0.0029;-0.0008067302099739524;-5.75499961119583
1284;2;Normal;0.0008;0.0519827682987353;0.000815;0.03094;0.00796;-0.00012068132544115243;-6.9294472466038695
1285;8;Normal;0.004105;0.16230922493807923;0.00301;0.09462;0.01938;-0.0006169723004571514;-5.11559082631767
1286;0;Normal;0.001735;0.15902405038232426;0.00114;0.09167;0.01103;-0.0021273543481949474;-5.716005282817377
1287;9;Normal;0.00187;0.21273694178491892;0.00228;0.13521;0.00817;-0.0002539334847792254;-6.021622365874228
1288;3;Normal;0.001455;0.1781460291446318;0.0013700000000000001;0.11342;0.00933;-0.00036964244311400127;-6.4340887307068195
1289;4;Normal;0.011009999999999999;0.22091056063484155;0.001475;0.14018;0.01189;-0.003292479875352648;-3.7373276056638716
1290;4;Normal;0.00228;0.12683763400505388;0.00153;0.08356;0.00963;-0.0022541173656206257;-5.474695292782463
1291;5;Normal;0.00091;0.1829639653046468;0.00244;0.12232;0.0008;2.5810222273314793e-05;-6.805721193567947
1292;4;Unbalance;0.000795;0.28859955647921565;0.0023;0.1836;0.0033;-0.0005758950617668216;-6.7299804769532034
1293;7;Normal;0.00109;0.2788918157637474;0.001505;0.15884;0.00227;3.7335033964791165e-06;-6.947838463737366
1294;2;Rubbing;0.00244;0.12988393549627297;0.00146;0.08154;0.00445;-0.0016614706868999162;-5.429438320127009
1295;10;Normal;0.00149;0.09193440433265448;0.00092;0.0007;0.00045;-0.0008735919662053509;-6.152358014505932
1296;1;Normal;0.001;0.10139777709595017;0.000825;0.06748;0.00481;-0.0010758427887062048;-6.620116269627253
1297;1;Normal;0.0006850000000000001;0.24953466532728472;0.00269;0.13977;0.00136;-0.00040324415005100827;-6.649690147979303
1298;1;Normal;0.000545;0.2624323800524623;0.00182;0.15644;0.00166;3.3651996072283594e-05;-6.7911534380112855
1299;4;Normal;0.00081;0.2164268072582507;0.003125;0.13494;0.01514;8.502652915384202e-05;-7.022369829044676
1300;7;Unbalance;0.00152;0.3085107176420294;0.00188;0.17408;0.00337;-0.0003952572618900976;-6.258971056645385
1301;4;Normal;0.00148;0.11493364085419029;0.0016150000000000001;0.07724;0.02387;-0.0014343742693449946;-5.995607098723889
1302;6;Normal;0.00234;0.11157756360487532;0.001295;0.06388;0.00961;0.0003350247900733349;-5.840633082083993
1303;0;Normal;0.0004;0.0530984237054171;0.000615;0.03264;0.00392;-0.0014957837157533258;-7.3202992292191995
1304;0;Unbalance;0.00099;0.6393392143455617;0.0063750000000000005;0.3681;0.0191;-0.001205922702759144;-6.536010462872153
1305;4;Normal;0.000895;0.1355398247748609;0.0017100000000000001;0.07636;0.02796;-0.0004485667090991098;-6.913666573457247
1306;8;Normal;0.00219;0.09422170715923163;0.00241;0.05488;0.00305;0.0006972624454390079;-6.585558343875943
1307;4;Unbalance;0.00072;0.31356705008658037;0.00179;0.18221;0.01439;-0.0005584114032229558;-6.75509272544144
1308;2;Normal;0.00079;0.13874408275670716;0.0009350000000000001;0.08351;0.00487;-0.0009440340585775154;-6.623147214301572
1309;3;Normal;0.00145;0.04533834469849997;0.000675;0.02713;0.0055;-0.0009019587650966212;-5.975970163180224
1310;0;Normal;0.000465;0.1127547630922969;0.00136;0.07174;0.00604;-0.0013176285499133442;-7.298728773975706
1311;0;Normal;0.00021;0.06185160628471989;0.00103;0.03876;0.00851;0.0005543419784799135;-7.880639165535037
1312;5;Normal;0.00091;0.23346983680981148;0.00117;0.14595;0.0008;-0.0016150903366397595;-6.541153146634582
1313;3;Normal;0.001015;0.11257525127664607;0.0012200000000000002;0.07197;0.00718;0.0003444911258835816;-6.769962300384504
1314;10;Normal;0.000475;0.028257968787582733;0.0008500000000000001;0.00117;0.00046;-0.00048294653760790025;-6.817736954978885
1315;4;Faulty sensor;0.00598;0.8642726520028272;0.0041849999999999995;0.14836;0.00417;-0.001874282925988633;-4.637255561841095
1316;9;Normal;0.00364;0.08817936946928119;0.0009;0.04956;0.02124;-0.0012100567515812592;-5.48374204328444
1317;2;Normal;0.00035;0.1641534565581852;0.00103;0.09308;0.00651;-0.0007737711507189857;-7.191896319483364
1318;2;Normal;0.0011949999999999999;0.06323276128716822;0.0011;0.03939;0.00023;-0.0007182079164822593;-6.6960745935273245
1319;10;Normal;0.00081;0.1180644734880057;0.00125;0.00217;0.00025;-0.0001422492998927422;-6.490613232512532
1320;7;Normal;0.0025250000000000003;0.028882894591782175;0.00046;0.01866;0.00656;-0.0014693452259293732;-6.3995956939978855
1321;9;Normal;0.001245;0.0318233122097622;0.000915;0.01899;0.013;0.00029487492610753537;-6.806932641512435
1322;4;Normal;0.00071;0.20979673710522764;0.00451;0.12625;0.00061;-2.047172095216105e-05;-7.1697928169610385
1323;7;Normal;0.00091;0.16275947530021098;0.001705;0.1059;0.00937;0.0011146828854220743;-7.062762291665406
1324;4;Normal;0.06079;0.21135707440253804;0.0024549999999999997;0.14338;0.01781;-0.003645245967462694;-1.8807972231150707
1325;3;Normal;0.001275;0.22187853614083541;0.00148;0.12913;0.00725;-0.0008961865894898863;-6.197714471107008
1326;6;Normal;0.00093;0.10476182272182934;0.001465;0.06482;0.0089;-0.0003132624378023663;-6.914371802885819
1327;4;Normal;0.00217;0.09978021447160755;0.001705;0.0669;0.02357;-0.0017145919643839652;-5.590132955456037
1328;4;Normal;0.00268;0.12187158938817529;0.00074;0.07893;0.00952;-0.002963067984015397;-5.088138460330685
1329;8;Faulty sensor;0.00378;0.005667036262456771;0.00012;0.00343;0.00131;-0.003120422453664347;-4.704572742832351
1330;2;Normal;0.00055;0.14259032120028342;0.0011;0.08675;0.00265;-0.0006691118522131913;-6.911402596844153
1331;7;Normal;0.0010400000000000001;0.22140472149437102;0.00193;0.11983;0.01801;-0.0001526708865729085;-6.6276663147876365
1332;3;Normal;0.00162;0.10962000136836343;0.00107;0.07134;0.00865;-0.00042295200170413844;-6.023656838942353
1333;1;Normal;0.00141;0.20321125042674187;0.00195;0.11588;0.00285;-0.0010532542037558685;-6.220057361279247
1334;10;Normal;0.003365;0.09373571304470883;0.00145;0.00139;0.00826;-0.0012018732051014603;-5.5463351558297775
1335;0;Normal;0.00071;0.1860529139787926;0.00119;0.1178;0.01401;0.0003368849487795168;-7.132403632683867
1336;1;Faulty sensor;0.012695;0.23122405778811167;0.00164;0.00288;0.00031;-0.0021983573746182134;-3.9559158797941967
1337;4;Normal;0.021304999999999998;0.13234099893834866;0.00134;0.08558;0.01187;-0.003570783766171404;-2.962700472706776
1338;8;Normal;0.001865;0.11585294644505162;0.00118;0.06569;0.00545;0.0014991796255082565;-6.711843445812057
1339;4;Faulty sensor;0.28678000000000003;0.4735672637545801;0.041010000000000005;0.07301;0.00641;-0.0015917248011279859;-0.8846371666342545
1340;1;Normal;0.0045249999999999995;0.1403446026749871;0.0006950000000000001;0.07994;0.00354;-0.0028668709992087375;-4.527201018061305
1341;10;Normal;0.00158;0.16438241815960733;0.00138;0.00123;0.00093;-0.0003649413604486418;-6.386812882790176
1342;5;Normal;0.00041;0.17060114272770857;0.001;0.1023;0.00206;-0.0008718389111361667;-7.26063338005882
1343;9;Unbalance;0.00346;0.3519087233928707;0.002495;0.21709;0.01815;-0.000529691628283359;-5.695817259698698
1344;9;Normal;0.00096;0.08682393103286674;0.000875;0.04931;0.00462;-0.0002920252455297788;-6.421881532490996
1345;7;Normal;0.00092;0.06742582739573909;0.000825;0.04462;0.00187;-0.00033412435592597466;-6.878027708820281
1346;10;Normal;0.00132;0.045429591677671945;0.00063;0.00061;0.00167;-0.0011052968546968476;-5.947559379350801
1347;7;Normal;0.000865;0.15258709086944414;0.00099;0.09105;0.00857;-0.0005651358610565837;-6.901701159782353
1348;0;Unbalance;0.00086;0.33714503481439556;0.00308;0.21062;0.00709;-0.0018099542963930745;-6.523142520385628
1349;5;Normal;0.00072;0.19989925262491604;0.000915;0.11568;0.00159;-0.0006678365623676896;-6.769284201889244
1350;10;Rubbing;0.005665;0.10379171739594638;0.001865;0.00156;0.00034;-0.0011635032702398593;-4.832218566979914
1351;1;Normal;0.001625;0.2365502175014853;0.00129;0.14909;0.00109;-4.957123129406229e-05;-6.553229013880012
1352;1;Rubbing;0.010544999999999999;0.07455472017250148;0.00107;0.04172;0.00306;-0.0023063955772922133;-3.8846729231766726
1353;6;Normal;0.054114999999999996;0.11963323911020717;0.0043549999999999995;0.06265;0.01833;-0.0023210453378165515;-2.38043629814758
1354;1;Normal;0.000435;0.08924558700574499;0.00083;0.05018;0.00227;0.0006464051210127788;-7.658616961647011
1355;4;Unbalance;0.00259;0.2923956892637099;0.0030949999999999997;0.19798;0.03266;-0.001558258877197608;-5.616938127383364
1356;4;Normal;0.0006850000000000001;0.12716852519393312;0.0021149999999999997;0.0855;0.02993;-0.000165155323319837;-7.105424848342035
1357;7;Normal;0.00051;0.027178278091152135;0.000475;0.01463;0.00459;-7.774517501119367e-05;-6.791720432355123
1358;8;Normal;0.0024749999999999998;0.2445708707103117;0.00232;0.15326;0.00925;-0.0003327462492154342;-5.876338595529048
1359;10;Normal;0.002215;0.12274961873667878;0.001275;0.00131;0.00054;0.0008167941727752777;-6.555726133998613
1360;2;Normal;0.00084;0.10686735235795822;0.0008749999999999999;0.06616;0.00423;-0.0008543873136685887;-6.606761084932475
1361;7;Normal;0.00044;0.07438478070143112;0.0016;0.03855;0.01028;-0.000124721710983259;-7.271709547378961
1362;9;Normal;0.002725;0.1705703960246326;0.0012850000000000001;0.10585;0.00306;0.0004091112877944617;-5.960337658417846
1363;4;Unbalance;0.00111;0.27467611235780953;0.00215;0.18693;0.02211;-0.0012059348596065648;-6.33854215675713
1364;4;Normal;0.00733;0.24855436065376119;0.00164;0.15781;0.00695;-0.0033915847752396936;-3.977578597061256
1365;5;Rubbing;0.100915;0.1896527081272503;0.001765;0.12874;0.00569;-0.0037252373741622383;-1.3578359107433946
1366;10;Normal;0.00111;0.14203914495659284;0.00241;0.0014;0.00097;-0.0010081920048157337;-6.458808703474727
1367;9;Normal;0.0032700000000000003;0.1715680512216654;0.00184;0.10115;0.01182;-0.0004777346606228909;-5.686718974657688
1368;9;Normal;0.0042;0.3259458254066157;0.00342;0.1863;0.01949;-0.0001419985596224854;-5.536781132414562
1369;2;Normal;0.000705;0.11821116317844099;0.00115;0.07305;0.00168;-0.00016736706934015707;-6.931294759983234
1370;9;Normal;0.00518;0.20896750058322466;0.00284;0.12853;0.01257;-0.0007338564624028808;-5.233263372290855
1371;7;Unbalance;0.00055;0.2717847411095774;0.00185;0.16484;0.00223;-0.00010925147413272894;-6.965106187347889
1372;2;Normal;0.0005;0.09085328722726546;0.0006850000000000001;0.05191;0.00152;-0.0010033360687564197;-6.734484800103745
1373;3;Normal;0.00227;0.18605373981729043;0.001655;0.10716;0.01409;-0.0007716203382339361;-5.91107790664755
1374;10;Normal;0.00212;0.16083597887288775;0.00159;0.00107;0.00111;0.0005897935913885733;-6.4258344725897825
1375;1;Normal;0.00041;0.07772679074810693;0.001395;0.04839;0.00857;-6.837260525333258e-05;-6.952016386765205
1376;1;Normal;0.001185;0.07579475509558692;0.00059;0.04485;0.00275;-0.0012769974612425533;-6.435323714225078
1377;6;Normal;0.00149;0.1587061514245746;0.00246;0.091;0.01067;-1.2273105663668385e-05;-5.975918439774803
1378;2;Normal;0.00043;0.11860134737851843;0.00098;0.07328;0.00217;0.0008039154762178606;-7.557134601362448
1379;4;Normal;0.001575;0.07450616081908933;0.00291;0.04273;0.0137;-0.00033367599332219806;-6.614863711273105
1380;1;Normal;0.00016;0.050656626417478694;0.00068;0.03397;0.00603;-0.0001192238054335536;-7.688854642867757
1381;8;Normal;0.00324;0.22298977442923254;0.00235;0.12526;0.01702;-0.000340973607398714;-5.71702730112844
1382;3;Normal;0.00101;0.054425354385617;0.000715;0.03215;0.00858;-0.00035324122066611327;-6.666425706597113
1383;8;Normal;0.002005;0.15936612532153752;0.002025;0.09996;0.00494;0.0006514839369776586;-6.371486361525266
1384;1;Normal;0.00109;0.13147955316322002;0.00149;0.08592;0.0091;-0.0005252501469134065;-6.511359917780184
1385;4;Normal;0.03932;0.11945836555051303;0.00206;0.07985;0.02939;-0.0035847967026790693;-2.338487373901797
1386;0;Normal;0.00025;0.12232012998685048;0.0015249999999999999;0.07017;0.00307;-0.0012271788093237365;-7.589564982990738
1387;9;Normal;0.00181;0.06505562696646618;0.000905;0.04306;0.00558;0.00013031565446477582;-6.367571634496003
1388;4;Normal;0.000745;0.18785725564906988;0.00206;0.12353;0.01918;-0.0001866635278706395;-6.9953872028070405
1389;7;Normal;0.00102;0.05596514450977501;0.00046;0.03716;0.01118;-0.001747304415883744;-6.457527711794442
1390;4;Unbalance;0.00093;0.29505568118577213;0.0019299999999999999;0.18742;0.00976;-0.0007161862907058481;-6.44019412176453
1391;0;Normal;0.0004;0.11680157490376575;0.00098;0.06775;0.00875;-0.00033010272106548773;-7.533695046356982
1392;4;Normal;0.000965;0.0601363766783467;0.00103;0.03406;0.02664;-0.0004329883232534826;-6.884055421168841
1393;4;Normal;0.001025;0.19807206163414365;0.003725;0.12178;0.02378;-0.00013346106440335293;-6.73874243385683
1394;4;Unbalance;0.000755;0.277740030424136;0.0039;0.18543;0.01217;-0.0004802758338555371;-6.835707754095531
1395;10;Rubbing;0.00193;0.13499698404038513;0.0021349999999999997;0.00162;0.00033;-0.0008037656043474106;-5.56043419359516
1396;10;Normal;0.00228;0.050320036764692454;0.00079;0.00091;0.00087;0.0008332820239361808;-6.555086604761012
1397;5;Normal;0.000985;0.2511503571568235;0.00111;0.14761;0.00336;-0.0016782792828789557;-6.520137832332014
1398;10;Normal;0.00223;0.09499796366238596;0.002045;0.00192;0.0067;0.00021495047534431935;-6.168947274225705
1399;9;Unbalance;0.003765;0.3525287002500647;0.002585;0.21944;0.00898;-0.0010703830507130703;-5.589497743549466
1400;5;Normal;0.00035;0.06801580919168719;0.00051;0.04119;0.00326;-0.00043931229832740865;-7.44722253166148
1401;7;Normal;0.0011949999999999999;0.155791089603995;0.00086;0.09036;0.00423;-0.0004889586374759817;-6.487967893626858
1402;9;Normal;0.002765;0.2792201128142455;0.00187;0.15802;0.00546;-0.001186541736472813;-5.510250197470221
1403;5;Normal;0.000455;0.14015301459476354;0.000735;0.08862;0.00498;-0.0009282158251736145;-7.327371422560724
1404;2;Normal;0.000835;0.05102002842021944;0.0007149999999999999;0.02961;0.01107;-0.0006807909719353877;-6.779158916297742
1405;8;Normal;0.0019649999999999997;0.23986881143658506;0.00239;0.1587;0.01052;-0.00013803201496934018;-6.580179200010737
1406;10;Normal;0.00271;0.052450559577567904;0.001325;0.00115;0.00023;-0.0007358646792166866;-5.663350634357464
1407;4;Normal;0.00077;0.19405625163853907;0.00147;0.1214;0.0041;-0.0003388775114382186;-7.1203400578693845
1408;4;Unbalance;0.00107;0.31985623629999776;0.002105;0.18504;0.02084;-0.0013109502179365887;-6.312313714955444
1409;8;Unbalance;0.001775;0.29126080958481176;0.00249;0.19698;0.01035;-0.00012963861716549347;-6.204728376790049
1410;5;Normal;0.000795;0.17678397438682047;0.0008049999999999999;0.10115;0.00348;-0.0014972650955239666;-6.636753947850312
1411;2;Normal;0.00095;0.16626129585685298;0.001;0.09604;0.00682;-0.0007095420830088051;-6.619665211387284
1412;5;Normal;0.00055;0.06749575023658898;0.00045;0.03895;0.00117;0.0003012488532709785;-7.715592371106785
1413;1;Normal;0.001815;0.21224423714202467;0.00158;0.12814;0.01288;-0.0014508887181340206;-5.909098393191386
1414;7;Normal;0.00146;0.06453788887157684;0.00056;0.03667;0.00527;-0.0007084207529372415;-6.7826890778396605
1415;7;Normal;0.000635;0.10964291221962322;0.00101;0.06526;0.00227;-0.00014178854825149372;-7.157529573619792
1416;1;Normal;0.00064;0.15642014192552056;0.00087;0.10555;0.00327;-0.0008762165284335376;-6.877762329454945
1417;1;Normal;0.00119;0.11274013748439374;0.000725;0.07477;0.00379;-0.0007978059927610715;-6.565033780769419
1418;3;Normal;0.00112;0.16552880504613085;0.001915;0.09572;0.00269;-0.0006351139967796007;-6.527140189550229
1419;8;Normal;0.001695;0.12398168493773587;0.00138;0.08214;0.00915;0.0007982676901273867;-6.8382834175297695
1420;7;Normal;0.001155;0.04875087896643506;0.00027;0.0317;0.01392;-0.0005933981848254674;-6.447544413361032
1421;3;Normal;0.00095;0.019621801650205314;0.00076;0.01076;0.0056;-0.0005174047522697462;-6.764866441061645
1422;1;Faulty sensor;1.2380550000000001;0.6525483415042904;0.05837;0.08903;0.02968;-0.001743484728059476;0.6106648089646702
1423;3;Normal;0.001385;0.18097946789622296;0.00112;0.10805;0.01105;-0.0010113458168749777;-6.1301030699220425
1424;9;Normal;0.00435;0.18176010948500224;0.00191;0.11223;0.01804;-0.00018513587268493715;-5.564304500674959
1425;4;Normal;0.032615000000000005;0.1565418547865075;0.00441;0.10169;0.02855;-0.0029242937217946944;-2.670815477272754
1426;4;Unbalance;0.00067;0.25441068727551525;0.002985;0.17222;0.01815;0.00038060679229602823;-7.167952400496395
1427;1;Normal;0.00658;0.01962030580801431;0.00031;0.0119;0.00427;-0.0029696308103218426;-4.333189882396712
1428;3;Normal;0.002685;0.1581239159646636;0.00154;0.10147;0.00127;-0.0008611785766864737;-5.847370951241205
1429;10;Normal;0.00116;0.19502118115732966;0.001355;0.00143;0.00059;-0.00040024605494417366;-6.319631417412544
1430;6;Normal;0.00174;0.038578390324117987;0.001845;0.01922;0.00565;0.0012158963259814015;-6.8869470526930545
1431;1;Normal;0.003105;0.11365543937709273;0.00263;0.06759;0.00522;-0.0005604484594812548;-5.431047474888492
1432;8;Normal;0.00233;0.0828471580683369;0.0020550000000000004;0.03703;0.00347;-0.0001873316428457449;-5.828278717728761
1433;6;Normal;0.00132;0.1596588102799216;0.001405;0.09996;0.01065;0.00010805811029935281;-6.850051262335418
1434;10;Normal;0.0025050000000000003;0.054896743983591595;0.00124;0.00123;0.0002;-0.0005662381520374372;-5.846318973099551
1435;1;Normal;0.00025;0.1659603937691159;0.00087;0.112;0.00125;-9.236324141590934e-05;-7.824424330627083
1436;3;Normal;0.001115;0.23127188264032444;0.001545;0.14102;0.00921;-0.0008375873859504811;-6.361934177152057
1437;1;Normal;0.0013;0.2453427412824761;0.002195;0.15619;0.00155;-0.001787379769323796;-5.9511174691752435
1438;4;Normal;0.00241;0.08573375997820229;0.00166;0.05665;0.01182;-0.0016996412891677334;-5.470285518832302
1439;10;Normal;0.00262;0.16793136603981995;0.0018700000000000001;0.00167;0.00159;-0.0010238375622663917;-5.786382734046234
1440;4;Unbalance;0.0006000000000000001;0.31151143269549514;0.001935;0.18099;0.00925;-0.00010207622205234139;-7.032340472795972
1441;10;Normal;0.001585;0.057103789716620376;0.00103;0.00143;0.00055;-0.0002045906873347478;-6.460064318589105
1442;8;Normal;0.0035;0.18056191514270112;0.0023049999999999998;0.10686;0.00558;0.0008759966453949789;-6.031120289621265
1443;2;Normal;0.000465;0.09168268593360472;0.000905;0.05611;0.00671;0.00019667179507154838;-7.277022861739793
1444;7;Normal;0.00077;0.11301162418087796;0.000945;0.06175;0.01139;0.0003026352019807192;-6.441001221445813
1445;2;Normal;0.00051;0.09690057894563892;0.001035;0.05871;0.0101;0.0006234713557924964;-7.719221448042257
1446;7;Normal;0.001565;0.07547669772850425;0.00079;0.04946;0.00326;-0.001042892361097549;-6.185172731956307
1447;5;Normal;0.00057;0.18536155480573635;0.00094;0.12306;0.00528;-0.000416939958854645;-7.536614121844212
1448;10;Normal;0.001025;0.13746621839564802;0.001165;0.00125;0.0004;-0.0007396842149710093;-6.7328635203162275
1449;1;Normal;0.00033;0.05594428657155259;0.001245;0.03077;0.01106;-0.00028643637046411516;-7.3883637256862205
1450;0;Normal;0.00047;0.21840763287943946;0.00251;0.13038;0.00374;-0.0010545899830937486;-7.152187161278754
1451;10;Rubbing;0.0035849999999999996;0.06724842079930204;0.001455;0.00142;0.00029;-0.0007448757905877038;-5.255450487282539
1452;7;Normal;0.00066;0.1324166783301862;0.00177;0.08142;0.01067;0.00021458958634282916;-7.199310004106286
1453;1;Normal;0.00124;0.15691376803837193;0.00169;0.10225;0.00874;0.0007460552368698199;-6.85074943620323
1454;5;Normal;0.00087;0.17248400041743003;0.0008799999999999999;0.10376;0.00392;-0.002609785534279854;-6.136699006409208
1455;4;Normal;0.00075;0.13592199380527054;0.003385;0.08823;0.0211;-0.00010466540743193238;-7.24183238494275
1456;4;Rubbing;0.00813;0.13379800147984272;0.001875;0.07714;0.00709;-0.002012173363755482;-4.108561373617317
1457;1;Normal;0.002405;0.06728272289377117;0.00122;0.04444;0.00989;-0.0008177352600617237;-5.840446477977518
1458;10;Normal;0.00178;0.11168825900693412;0.000965;0.00125;0.00022;-0.00039925228689469957;-5.946720125054302
1459;10;Rubbing;0.0066099999999999996;0.01604259642327264;0.000545;0.00059;0.00042;-0.000996629703756186;-4.850215395241465
1460;4;Normal;0.066425;0.15792539599443783;0.004030000000000001;0.10337;0.02372;-0.0035577522342084642;-1.8189274775026216
1461;5;Unbalance;0.004315;0.29719453477478347;0.001545;0.20257;0.00344;-0.0033088979544718383;-4.544661201241535
1462;5;Normal;0.00042500000000000003;0.09313033716249501;0.0005;0.05408;0.00662;-0.00026082220648230317;-7.7193673292915825
1463;7;Normal;0.0008550000000000001;0.12128057222820149;0.00168;0.0685;0.01396;-0.00019089215506124633;-6.578634698152446
1464;4;Unbalance;0.01232;0.34400485883196474;0.003785;0.22829;0.02613;-0.0028645466542706216;-3.5722805035686833
1465;3;Normal;0.001665;0.123473382151782;0.001495;0.07463;0.0081;-0.0020446331925611672;-5.665656330134988
1466;5;Normal;0.0011;0.176126577210823;0.001175;0.10309;0.00398;-0.0018163810915600206;-5.951891394092811
1467;7;Normal;0.0009;0.04062210728162684;0.000715;0.02435;0.00708;0.0002651781147339015;-7.127394288813873
1468;7;Normal;0.001165;0.08157731976474836;0.00206;0.04079;0.01234;0.001041747724628665;-6.979018400101252
1469;7;Normal;0.0012100000000000001;0.14889601136363592;0.002125;0.0925;0.00166;0.0006211211369235323;-6.676571588056042
1470;5;Normal;0.000835;0.09603574594909958;0.00055;0.06274;0.00356;-0.0010546814043785508;-7.141514517356943
1471;5;Normal;0.00055;0.06575906249331724;0.00066;0.0388;0.00265;-0.00021919398426623323;-7.294827375805664
1472;6;Normal;0.0027099999999999997;0.06979654504343322;0.00152;0.03674;0.0062;0.00012002082832647414;-6.00590311285364
1473;7;Normal;0.00189;0.2582608605654368;0.00255;0.16397;0.01322;-0.0008581519640081265;-6.385530903405244
1474;8;Faulty sensor;0.00621;0.003504154676951347;0.00014;0.00192;0.00042;-0.0032019155147505985;-4.310779674934673
1475;7;Normal;0.00141;0.14248505254938146;0.001895;0.0902;0.00776;-0.0004894771260851791;-6.261153780281967
1476;5;Normal;0.0006399999999999999;0.17694627348435454;0.00079;0.10403;0.00523;-0.0005869534391210214;-7.434449619781724
1477;8;Normal;0.0020800000000000003;0.2334282718524044;0.0023350000000000003;0.14074;0.00732;-0.00021675403726022953;-6.388323778262057
1478;0;Normal;0.00027;0.08448016276025988;0.00134;0.04825;0.00512;-0.0011346616615886772;-7.645375441026378
1479;7;Normal;0.00091;0.2930156279108676;0.0016250000000000001;0.16553;0.00445;-0.00013140744934484532;-6.610842622992562
1480;8;Unbalance;0.0017;0.35222637025072384;0.0031850000000000003;0.21752;0.00922;0.00031980299154232996;-6.767249734922154
1481;8;Faulty sensor;0.004195;0.006751947867097316;0.00012;0.00381;0.00203;-0.0031105581878506055;-4.663583828397542
1482;10;Normal;0.00181;0.19443597660926848;0.00105;0.00115;0.00067;-0.0011227207456144706;-6.182963455469433
1483;10;Normal;0.0026899999999999997;0.10794740617541489;0.001545;0.00134;0.00029;-0.00018934882401018654;-5.924707457666337
1484;9;Normal;0.001585;0.11360339343523151;0.00135;0.07223;0.01014;7.665711861023727e-05;-6.128651474443785
1485;4;Normal;0.00068;0.12563678004469866;0.0014650000000000002;0.07206;0.02607;-0.0009183365223822376;-6.641112623016214
1486;9;Normal;0.002235;0.28792815631681457;0.002575;0.17724;0.02903;-2.672533506375293e-05;-5.962542724534534
1487;3;Normal;0.00172;0.025882382038753697;0.00031;0.01521;0.01102;-0.00046631006832751373;-6.633291439594561
1488;1;Normal;0.00056;0.12793163213216663;0.001775;0.0734;0.00493;0.0004536431345937796;-7.654479682346088
1489;5;Rubbing;0.064165;0.08453856634696381;0.0011;0.04789;0.00441;-0.003705031587898615;-1.8153376387576294
1490;4;Normal;0.00579;0.19184782797832248;0.004395;0.12617;0.01221;-0.00198501268375474;-4.603091859303071
1491;8;Faulty sensor;0.0064150000000000006;0.0035892896233098827;0.00016;0.00195;0.00047;-0.003226850207261785;-4.23743892436301
1492;5;Unbalance;0.0009350000000000001;0.26083477663072463;0.00118;0.16369;0.00702;-0.0005205677813325146;-6.720667180229186
1493;6;Normal;0.02365;0.5624150746557208;0.0038;0.32505;0.00237;-0.0023391793498394988;-3.05282042938049
1494;2;Normal;0.00046;0.10164573429318123;0.00137;0.06399;0.00549;-0.00035639741906422006;-6.68909901474563
1495;7;Normal;0.001355;0.13088921460532948;0.001905;0.0804;0.00477;4.145625385076827e-05;-6.696161836133252
1496;9;Unbalance;0.00331;0.36371734025201496;0.00364;0.208;0.02717;-0.0008249179975965471;-5.483006855939862
1497;5;Normal;0.0002;0.030448802932135116;0.00034;0.01814;0.00064;-0.000422933839928038;-7.784454175925772
1498;4;Faulty sensor;0.00881;2.0149544043724665;0.008;0.02272;0.00055;-0.0017949763685912795;-4.295812243515991
1499;1;Normal;0.00077;0.15973341885779566;0.00168;0.0998;0.00478;-0.0004180031819602054;-6.7506077376943
1500;6;Normal;0.00066;0.05443614516109678;0.001545;0.03114;0.00826;-0.00041932515680786066;-7.09739274782643
1501;2;Normal;0.000675;0.24086386922907305;0.001495;0.13907;0.00779;-0.0005131617947694231;-7.01996519750463
1502;8;Normal;0.00228;0.1517754021572666;0.00179;0.09357;0.00053;0.0007679754547921065;-6.172831551779295
1503;7;Normal;0.001515;0.2580485717844607;0.00201;0.15395;0.00444;-0.000505072905050222;-6.032142262795329
1504;1;Normal;0.00096;0.012966398883267475;0.00036;0.00543;0.00378;-0.0008506507792863346;-6.882703998558356
1505;6;Unbalance;0.001515;0.3319604978005666;0.00256;0.21257;0.00816;0.00010833685574443893;-6.782576059863818
1506;5;Normal;0.00065;0.15799763447596296;0.00081;0.09869;0.00062;-0.0011839261001537604;-6.875424796495282
1507;3;Faulty sensor;0.011465;0.020729100318151776;0.000985;0.0085;0.0005;-0.0020493865476214905;-3.9673217302819483
1508;5;Normal;0.0006000000000000001;0.05908083445585379;0.001735;0.03648;0.00239;-2.8752510716466773e-05;-6.9895079660962525
1509;6;Normal;0.00172;0.10962275220044423;0.00139;0.06685;0.00443;0.0016761837281878465;-6.57299843710722
1510;7;Normal;0.00083;0.12496005561778531;0.00108;0.08317;0.00606;8.817585224537424e-05;-7.0300383144452585
1511;10;Rubbing;0.00339;0.06761698751053614;0.000835;0.00067;0.00043;-0.00051314465623457;-5.5471976191935
1512;10;Normal;0.0020800000000000003;0.13395267709157588;0.001565;0.00189;0.00038;-0.0009802041253740364;-5.5227047385550225
1513;7;Normal;0.00173;0.11356859865297272;0.00153;0.06062;0.0141;-0.00021413196383358467;-6.097151713505125
1514;4;Normal;0.000615;0.18694500474738554;0.00122;0.10855;0.00852;-0.0003061595889567144;-7.325340801614156
1515;1;Normal;0.00106;0.07311467157828175;0.000825;0.04101;0.00148;-0.0012747753316847985;-5.950837840891652
1516;2;Normal;0.000475;0.16951368499327715;0.00091;0.1033;0.00089;-0.0005185839963999842;-7.457610312746402
1517;3;Normal;0.0011;0.17096340456366677;0.00153;0.10897;0.00539;-0.0005566921941517368;-6.3515402380659385
1518;2;Normal;0.00078;0.1142060234838776;0.00111;0.07128;0.00051;-0.00011976976757904408;-6.858980507606302
1519;7;Normal;0.00139;0.10419434341652142;0.00109;0.06898;0.01375;0.0008726828613138941;-7.209412482203805
1520;5;Normal;0.00069;0.08330927199297807;0.00137;0.05309;0.00261;-0.00029320376083198483;-6.942282971059531
1521;10;Normal;0.00067;0.1289506390057839;0.00108;0.00139;0.00012;0.0010753451422713537;-6.814950301236113
1522;6;Normal;0.00149;0.18039927355729565;0.00335;0.10494;0.01344;-0.0005781358114824639;-6.2238344151622895
1523;3;Normal;0.002345;0.09574945273995042;0.001325;0.05491;0.00334;-0.002670994696486006;-5.274324544601146
1524;7;Normal;0.002325;0.11170981827932584;0.00125;0.06677;0.00522;-4.938989820507139e-06;-6.18116751003413
1525;8;Normal;0.00148;0.12605046013402726;0.00139;0.07836;0.00169;-0.0007969980044320198;-5.748063202167587
1526;10;Normal;0.001665;0.06475740420986623;0.00102;0.00127;0.00023;-0.0014888788394808164;-5.6999334834072
1527;10;Normal;0.0029;0.12987192768262124;0.001375;0.00138;0.00048;-0.0011952334400250366;-5.813777971133237
1528;4;Normal;0.001705;0.1062329586333733;0.00096;0.06739;0.01657;-0.002130504675871477;-5.761828786967133
1529;8;Faulty sensor;0.0044399999999999995;0.007043386969349334;0.00012;0.00409;0.00214;-0.0031706048750999617;-4.622916220721204
1530;5;Rubbing;0.011745;0.04849113114787074;0.000415;0.02803;0.00703;-0.0028709952617897026;-3.7590173627170946
1531;5;Normal;0.0002;0.11199101749694035;0.000755;0.06768;0.00328;0.0004027426166975373;-8.134741003705106
1532;7;Normal;0.00064;0.25064274675322246;0.0023150000000000002;0.14948;0.00537;-0.00016518833465938547;-7.21565634219513
1533;7;Normal;0.00086;0.09268813138692569;0.00167;0.05284;0.00775;0.0010642302398589105;-7.325856330784912
1534;4;Normal;0.0012850000000000001;0.09453302280155862;0.0015;0.0637;0.02681;-0.0013241046417632506;-6.123404837947382
1535;9;Normal;0.00093;0.11773599874295032;0.002235;0.06959;0.02196;0.0003424415147736389;-6.688766292400826
1536;7;Normal;0.000825;0.15603204863104245;0.00118;0.09878;0.00559;-0.0001798632825154194;-6.924804779471101
1537;1;Faulty sensor;0.00137;0.010839008257216155;0.00013;0.00211;0.00025;-0.0025720057883249665;-5.974042141359772
1538;6;Normal;0.00297;0.2339307983143733;0.00206;0.13511;0.00844;0.0011086370884603979;-5.841106194610262
1539;4;Normal;0.001305;0.17461593827597754;0.0025700000000000002;0.11646;0.00262;-0.0009358497965881149;-6.57478810617398
1540;3;Normal;0.00173;0.07955618266357431;0.001355;0.04556;0.00369;-0.001810016863415794;-5.732614120665759
1541;4;Normal;0.00103;0.22490578538579217;0.00446;0.13619;0.00808;-0.0006060284015022104;-6.420118455618006
1542;5;Normal;0.00051;0.2076807010773991;0.00103;0.14154;0.00521;-0.0007972454349885049;-7.146420115826686
1543;10;Normal;0.00406;0.07809542368154489;0.00088;0.00077;0.00058;-0.0005937731721364893;-5.791652905886361
1544;5;Faulty sensor;0.01819;0.01651684897309411;0.00126;0.00466;0.00114;-0.0026090593226320556;-3.3083302791642515
1545;3;Normal;0.000845;0.25558230337799215;0.00184;0.16234;0.00691;-0.00048641751152596465;-6.549505876968369
1546;5;Normal;0.00069;0.17440263386772575;0.00095;0.11673;0.00458;-0.0007249365508668393;-7.362718084521722
1547;3;Normal;0.00103;0.19848419332531242;0.00136;0.11975;0.00867;-0.0007508469323572192;-6.430244368450676
1548;5;Normal;0.00046;0.249172912653041;0.001255;0.15578;0.00315;-0.0005995741526346106;-7.256982780168504
1549;5;Normal;0.000875;0.142702415887048;0.0008799999999999999;0.09662;0.00269;-0.0011605681042199363;-6.624560693064753
1550;5;Rubbing;0.07691;0.17679188075248253;0.012695;0.06621;0.00725;-0.0024310884565638406;-2.047475041061944
1551;6;Normal;0.00116;0.17276977397681575;0.00216;0.10407;0.00873;0.0004333776384077218;-7.00488430326588
1552;7;Normal;0.0011949999999999999;0.25220682742542877;0.00241;0.15096;0.00165;0.0005491779569235815;-6.570166734642695
1553;4;Normal;0.00172;0.08726066123975912;0.00216;0.05601;0.02867;-0.001597846548162433;-5.736561294157912
1554;1;Normal;0.00056;0.11336239191195639;0.00086;0.07137;0.01753;-0.0003763145182469245;-6.9836569652640295
1555;4;Faulty sensor;0.00076;0.34598762073230305;0.001115;0.00289;2e-05;-0.002583291443445817;-6.529995370854584
1556;5;Normal;0.000465;0.09606965858167706;0.00057;0.05988;0.00131;-0.0005146879481537931;-7.39361425915896
1557;8;Normal;0.0027349999999999996;0.18628244495926072;0.00225;0.103;0.01397;9.071250542074454e-05;-5.929024237207426
1558;3;Rubbing;0.00552;0.07503837618179114;0.001095;0.04466;0.00495;-0.0009314495883345143;-4.948781863963168
1559;7;Normal;0.00089;0.07391640210399855;0.000785;0.0405;0.00348;-0.0002551178076252273;-6.538692174364611
1560;4;Normal;0.000435;0.136268573412948;0.001475;0.09027;0.01499;-0.0011038856962829365;-7.095343586164899
1561;4;Normal;0.00211;0.15031390454645238;0.00396;0.0935;0.01825;-0.0008963716412670842;-5.9165157528584045
1562;7;Normal;0.0023150000000000002;0.07742888091661922;0.00037;0.04378;0.00966;-0.00010098791038521092;-6.455590246888247
1563;5;Normal;0.00059;0.17573009161779893;0.00098;0.11278;0.00543;-0.0008516456224734762;-7.188444848324266
1564;4;Normal;0.000715;0.18128639413921827;0.00274;0.11018;0.00525;-0.0005404212312851299;-7.156444307544768
1565;1;Normal;0.00051;0.1291587658658908;0.00128;0.08485;0.00259;-0.000593111434725968;-7.218386955936268
1566;4;Normal;0.00133;0.06615740396962384;0.001045;0.0383;0.01513;-0.0009295833901582064;-6.423043268355235
1567;6;Normal;0.00103;0.15191258440300462;0.00162;0.09018;0.00945;0.00018514163115732578;-6.714497512366751
1568;10;Normal;0.001955;0.17582753709245888;0.001015;0.00111;0.0005;-0.0008161271781434467;-6.105310577523998
1569;3;Rubbing;0.00872;0.06742320668731205;0.000705;0.04381;0.00055;-0.001480894132781958;-4.629673544862161
1570;1;Normal;0.001175;0.20496474306572826;0.00111;0.11817;0.01492;-0.0020322826970079204;-6.168694145253159
1571;6;Normal;0.0023550000000000003;0.03970144455810141;0.003365;0.00588;0.00187;0.0004053371488268056;-6.101487101071073
1572;7;Normal;0.001085;0.22386000893415509;0.002605;0.13923;0.01893;0.0005834538751772473;-6.840971589577083
1573;4;Normal;0.020765;0.06341412855192446;0.001425;0.04049;0.02492;-0.0033738526364435633;-3.031508897727837
1574;8;Unbalance;0.00166;0.3530967973516611;0.00328;0.20309;0.01338;-0.00022092894587014795;-5.778268316562913
1575;0;Normal;0.00049;0.16057888871205955;0.001755;0.09951;0.01138;-0.00095068054314938;-7.160220284049581
1576;4;Normal;0.0007;0.08320376974632819;0.000835;0.0538;0.0254;-0.00010613245591604779;-7.050586870218382
1577;3;Normal;0.000735;0.15082177163791705;0.0014;0.09879;0.00515;-0.00066750534792948;-6.648692909420559
1578;8;Normal;0.0018900000000000002;0.05160750526812937;0.001765;0.0261;0.00395;0.0011636122422591917;-6.36559677573248
1579;4;Unbalance;0.001745;0.24545445993096154;0.00189;0.16289;0.02464;-0.0016903832493737245;-5.847589203955267
1580;5;Normal;0.0005200000000000001;0.026495341099899056;0.00038;0.01549;0.00308;-0.000650991734791936;-7.077837875398435
1581;3;Normal;0.00131;0.13103321258368048;0.000865;0.07786;0.005;-0.0005903404539847905;-6.39259399794645
1582;2;Normal;0.000475;0.1900013668371888;0.00116;0.10848;0.00119;-0.00120919242880402;-6.821820966430627
1583;4;Normal;0.01091;0.09815345638335923;0.0025;0.06362;0.00153;-0.003187920323935914;-3.677783270044669
1584;3;Normal;0.00087;0.20058666082269777;0.001695;0.13229;0.00779;-0.0006546418850981313;-6.5111883501160825
1585;7;Normal;0.00123;0.1045941332006724;0.00124;0.06515;0.00671;0.0009841210874738575;-6.825766887770177
1586;8;Normal;0.001855;0.17051171719269032;0.002425;0.09899;0.00884;0.0006014687371376963;-6.540964251100399
1587;4;Normal;0.00093;0.21562606822923802;0.0020550000000000004;0.14657;0.0177;-0.000818562089831057;-6.676647421074576
1588;1;Normal;0.009174999999999999;0.04689005651521439;0.00039;0.03179;0.00445;-0.0026883077711007904;-4.124461158866184
1589;3;Normal;0.005965;0.035863467484335644;0.00047999999999999996;0.02387;0.0023;-0.0021642037326154904;-4.901376570089588
1590;9;Normal;0.00462;0.19280207104696775;0.00155;0.10897;0.0141;-0.00029951586726925954;-5.575584287102916
1591;5;Normal;0.00069;0.24734909055826346;0.0011250000000000001;0.14401;0.00144;-0.001112928066728128;-6.823040252507584
1592;4;Normal;0.00147;0.2090019698471763;0.00483;0.13;0.00925;0.0005217756155922349;-6.758860902715931
1593;1;Normal;0.001975;0.1738201254170529;0.001405;0.10756;0.00216;0.00039254951526199557;-6.554973660379105
1594;0;Normal;0.00051;0.2141228640290429;0.002175;0.13186;0.00678;-0.0007796910158552458;-7.119522355864323
1595;3;Normal;0.003495;0.04077395737477539;0.0006900000000000001;0.0262;0.00344;-0.0032598793928448615;-4.900754478392439
1596;4;Normal;0.0069;0.1335991762699157;0.00078;0.08638;0.0077;-0.0023408521270511396;-4.426598419032432
1597;7;Normal;0.00036;0.13764284071465538;0.00117;0.08308;0.00425;0.000719055270625087;-7.588596518359422
1598;9;Normal;0.00118;0.23078672253836444;0.00186;0.14304;0.0194;-0.000175561337398516;-6.466635459517272
1599;10;Normal;0.0013800000000000002;0.18657237684073166;0.00131;0.00119;0.00023;-0.00028079202805989125;-6.238865039610613
1600;1;Normal;0.00131;0.19120435402992264;0.001135;0.11071;0.01177;-0.0017689426054904663;-6.13252991697573
1601;4;Misalignment;0.001715;0.10150281276890803;0.0021650000000000003;0.0623;0.0336;-0.0007121283455568936;-6.330589861984448
1602;8;Unbalance;0.001375;0.322680514596094;0.00247;0.18361;0.01003;9.705467382383715e-05;-6.436650732097173
1603;4;Normal;0.00288;0.13822292284566984;0.002915;0.0852;0.02065;-0.0018236182997921906;-5.452952336600195
1604;7;Normal;0.00102;0.20310480742710152;0.00148;0.12091;0.00797;0.000389150477922002;-6.437000509200319
1605;4;Unbalance;0.002555;0.3976467850995403;0.00297;0.22588;0.02297;-0.001571024424333405;-5.870003291489761
1606;7;Normal;0.00119;0.09168462739194612;0.00081;0.05169;0.00371;-0.0004833598850992675;-6.289696266751187
1607;5;Normal;0.00027;0.07181267576131668;0.00045;0.04107;0.00474;0.00016797284361978962;-7.927928144641261
1608;1;Normal;0.00084;0.1423689323553422;0.00209;0.09491;0.0026;-0.00022147534265653311;-6.819820734360027
1609;10;Normal;0.00175;0.22357819437503293;0.001535;0.0015;0.00025;-0.0007907001925319568;-6.070052157242828
1610;2;Normal;0.000655;0.23079021188083346;0.0014299999999999998;0.13071;0.0081;-0.0005513401791985534;-6.871967634673336
1611;8;Faulty sensor;0.0048850000000000005;0.008449881655976018;0.00016;0.00483;0.00201;-0.0031316711740260092;-4.501017443459391
1612;7;Normal;0.000655;0.1873915174174114;0.0023350000000000003;0.11606;0.0142;-5.6409506979243134e-05;-6.874139604290671
1613;1;Normal;0.0007;0.16893778411000895;0.0012;0.10585;0.01368;-0.0005954708124010728;-6.718525693676262
1614;5;Normal;0.00047;0.14351680633291697;0.00084;0.08355;0.00096;-0.0005690429403581081;-7.403383451583597
1615;1;Normal;0.00106;0.11924328408761643;0.000915;0.0756;0.00641;-0.00043513795186678466;-6.680066254020162
1616;5;Faulty sensor;1.4983499999999998;0.3629843429130243;0.032615000000000005;0.05495;0.00863;-0.0031541425054831913;1.2222063179860907
1617;1;Normal;0.00027;0.11707397191519557;0.001265;0.07327;0.00602;0.0003381473921700969;-7.621078892335915
1618;5;Unbalance;0.004725;0.2785976367451813;0.00145;0.1898;0.00093;-0.00311815663928198;-4.551383639721315
1619;10;Normal;0.000995;0.1943701221895999;0.00114;0.00141;0.00078;-0.0002608974624405325;-6.506892601226185
1620;7;Normal;0.0009;0.14159303937694112;0.0021650000000000003;0.08674;0.01425;-1.479613011517043e-05;-6.545787761057615
1621;4;Normal;0.00115;0.21477102621163777;0.002005;0.14607;0.01839;-0.0011576972042329923;-6.388303452488719
1622;10;Normal;0.001065;0.09281225888857571;0.00124;0.00178;0.00057;-0.0007079100813203918;-6.442092150425168
1623;1;Normal;0.00201;0.10498623147822765;0.00166;0.05904;0.0067;-0.001626660171674013;-5.823889333646205
1624;8;Faulty sensor;0.00374;0.0067700886257123696;0.0001;0.00415;0.0016;-0.0031270513383963743;-4.784361932457241
1625;4;Normal;0.00049;0.11118168599189346;0.00092;0.07069;0.00654;-0.0002775053207469098;-7.3174552686098995
1626;8;Unbalance;0.00112;0.42535273021340764;0.00359;0.24917;0.00882;-0.00024232714621954274;-6.400934727086412
1627;5;Normal;0.0006000000000000001;0.2232016480673922;0.001045;0.14415;0.00525;-0.0011043334599335592;-6.910393491075744
1628;0;Normal;0.00039;0.22549141291854108;0.00216;0.13077;0.00863;0.00017490581194838387;-7.7024828805310825
1629;4;Normal;0.0015;0.11524983210399918;0.0016250000000000001;0.07629;0.01994;-0.0009913427797995718;-6.391170328866726
1630;5;Normal;0.000755;0.18327417166638618;0.000825;0.10675;0.00447;-0.0007758382859144232;-6.9416578487240495
1631;5;Faulty sensor;0.48622;0.1149008955578676;0.009205;0.03195;0.00372;-0.0033130540696908557;0.0561862970896716
1632;1;Normal;0.00201;0.22327970149568008;0.001435;0.12935;0.02052;-0.001722136988648904;-5.908921052526874
1633;8;Normal;0.0023550000000000003;0.0658651068472526;0.001165;0.03945;0.00204;0.00133723776571849;-6.606804325544323
1634;10;Normal;0.00226;0.0854985034956753;0.00079;0.00068;0.00051;-0.000708692813544849;-6.264531573827453
1635;10;Rubbing;0.002665;0.09894262327227836;0.0025050000000000003;0.00271;0.00043;-0.0011525404000474093;-4.98449032779767
1636;8;Normal;0.0020749999999999996;0.25590031359887;0.00174;0.1562;0.01099;-0.0004318731086357415;-6.0988495438362875
1637;3;Normal;0.0007700000000000001;0.03780859690599481;0.00055;0.02174;0.01065;-0.0005393554112588925;-6.882975008642628
1638;4;Normal;0.032869999999999996;0.19362835820199478;0.00476;0.12709;0.02771;-0.0035442318934680536;-2.508262841661626
1639;10;Normal;0.0039900000000000005;0.14316878535490896;0.00098;0.00158;0.00939;-0.0011204695472933697;-5.1828240948042845
1640;7;Normal;0.0005200000000000001;0.15549135667296754;0.001045;0.1028;0.00749;0.00038714688313985676;-6.981794443792186
1641;1;Normal;0.00183;0.04568557540405944;0.00216;0.02508;0.00571;-0.0008370630260650786;-5.970321375336898
1642;8;Normal;0.00138;0.1607913088447258;0.00206;0.09641;0.0038;0.001178159889279971;-6.59617643525095
1643;1;Normal;0.0006000000000000001;0.056426748089890844;0.00055;0.03611;0.0032;-0.0010439242180644145;-6.810277049111828
1644;1;Normal;0.00053;0.09285157726177837;0.00079;0.05803;0.00363;-0.0002537194374625374;-7.155772594428343
1645;10;Normal;0.00171;0.0535445197942796;0.00098;0.00103;0.0002;-0.0005031100269005064;-6.115599525158221
1646;4;Unbalance;0.00092;0.27417001933107127;0.003345;0.18542;0.02616;7.409181628225352e-05;-6.859357164512216
1647;6;Normal;0.0022700000000000003;0.041183745580022225;0.000745;0.02319;0.01277;0.0007639142557378195;-5.936308444545029
1648;1;Normal;0.00027;0.14346671774317557;0.00149;0.08414;0.00788;0.00031204654263024517;-7.831442160324184
1649;1;Normal;0.00184;0.22398006719348934;0.00171;0.13805;0.00555;-0.0008878022522626561;-6.051760951394117
1650;1;Normal;0.00107;0.1858792215391489;0.001395;0.11059;0.00381;-0.0008421538128670651;-6.2062304883284085
1651;1;Normal;0.00107;0.03587646303636968;0.00059;0.02237;0.00568;0.0009714252390041856;-7.433516519563543
1652;4;Unbalance;0.00119;0.28334943285632325;0.00229;0.19237;0.02264;-0.0012359512674148464;-6.283948774084511
1653;7;Normal;0.001735;0.18937640190900237;0.00157;0.11151;0.0068;-7.457264749055812e-05;-6.432839084975192
1654;8;Normal;0.00252;0.09269214691655382;0.00239;0.04315;0.00161;-0.0006708526309392925;-6.061046263981572
1655;7;Normal;0.00083;0.12254685838486436;0.00119;0.07299;0.00441;7.90116185639543e-06;-6.663706221813692
1656;5;Normal;0.000495;0.119098337100062;0.00068;0.07897;0.00267;-0.0007497358974689356;-7.144139113192694
1657;5;Normal;0.00049;0.08986167759395547;0.0006000000000000001;0.05591;0.00112;0.00038427795748231206;-7.685887095950634
1658;4;Normal;0.00147;0.10066822587092711;0.0022500000000000003;0.06407;0.00239;-0.0012235527568524047;-6.2139429131748045
1659;5;Normal;0.000415;0.03137180421971296;0.00037;0.01789;0.00398;-0.0003403575398993334;-7.452282356831548
1660;5;Normal;0.00034;0.21992777268912628;0.00089;0.12817;0.00415;-0.00045372373912336235;-7.748846368951004
1661;7;Normal;0.00071;0.10127906200197552;0.00115;0.06689;0.00821;0.0007245670499044658;-7.121599213413049
1662;10;Normal;0.00119;0.17461968674808692;0.00216;0.00073;0.00061;-0.0008428151488958977;-6.384256388367982
1663;9;Normal;0.00222;0.040597506081039014;0.0016;0.02302;0.04265;7.185045893918193e-05;-5.879771868290236
1664;3;Normal;0.001255;0.16988233310147352;0.00119;0.10129;0.00796;-0.0009201502312442235;-6.3161271951101075
1665;9;Normal;0.000785;0.06498676942270634;0.000845;0.04113;0.00779;0.000723044696703608;-7.073713451854766
1666;5;Normal;0.000795;0.1442868774351985;0.000725;0.09763;0.00466;-0.00027063020793958325;-7.065058318925091
1667;7;Normal;0.00065;0.1395595969469674;0.00102;0.09209;0.00468;0.0001955050067194552;-6.880518259106568
1668;6;Normal;0.001575;0.11655265505341351;0.00262;0.06526;0.00925;-0.0003821466332208162;-6.426128986980204
1669;2;Normal;0.00139;0.04995441321845348;0.000365;0.03081;0.00983;-0.0009799415765620722;-6.185101326022555
1670;10;Normal;0.00103;0.1796642410164026;0.00099;0.00097;0.00027;-0.0001343665079808776;-6.680296336269061
1671;7;Unbalance;0.00094;0.3346383180390435;0.0033499999999999997;0.19933;0.00552;0.0010223035069443778;-6.7215044746889765
1672;3;Rubbing;0.00614;0.05871870400477177;0.0012799999999999999;0.03391;0.00623;-0.0012740310315142455;-4.9096501489147775
1673;1;Normal;0.00051;0.04784405292196722;0.0012100000000000001;0.03148;0.00528;0.0006815421923834538;-7.844659217216746
1674;1;Normal;0.00027;0.05605470453048522;0.00086;0.03438;0.00299;-0.0007543445859800952;-7.511078989842321
1675;1;Normal;0.00311;0.16780813776453155;0.00232;0.1072;0.00227;-0.003390954172681644;-4.659170047100906
1676;10;Normal;0.002195;0.11229724662697657;0.000775;0.00078;0.00051;-0.0006363551896965497;-6.333609208518703
1677;10;Normal;0.001845;0.08811719015039006;0.00087;0.00053;0.00069;-0.0012348054625386945;-5.76396239149685
1678;1;Normal;0.00062;0.02152322466546312;0.00058;0.01018;0.00903;-0.00076619613932716;-6.706153250417389
1679;5;Faulty sensor;0.12488;0.02847920293828463;0.0022849999999999997;0.00429;0.00111;-0.0034019166393526915;-1.2181545152341084
1680;4;Normal;0.00059;0.22202898256759185;0.00212;0.15065;0.01898;0.00046898904361366607;-7.48151428908941
1681;0;Normal;0.00022;0.07266460073515853;0.00106;0.04301;0.00578;-0.0009411550328872688;-7.928396730172848
1682;9;Unbalance;0.00282;0.3546320359189226;0.00243;0.22092;0.01027;-0.0004894611239772939;-6.037881174846462
1683;8;Normal;0.00113;0.11880740465139368;0.001485;0.06895;0.00726;0.0011423042850908253;-7.379259877264153
1684;1;Normal;0.000675;0.07682906741592012;0.000785;0.04425;0.00274;-0.00042559505808804785;-6.870842932453855
1685;10;Normal;0.001105;0.1169693485490964;0.00111;0.00055;0.00036;-0.0005656106608408842;-7.001460863777006
1686;6;Normal;0.00144;0.048111593197482046;0.0019450000000000001;0.02457;0.00307;-3.052692688918013e-05;-6.405351649235164
1687;5;Normal;0.00038;0.047190737438611824;0.00049;0.03016;0.00205;-0.0004957402658280794;-7.5053042091481865
1688;1;Normal;0.000225;0.05388781587706074;0.00029;0.03637;0.00423;0.0006791156696530601;-7.943712251923481
1689;5;Normal;0.00447;0.13020281141357892;0.00083;0.08864;0.00464;-0.0031544382526444304;-4.583704140697473
1690;3;Normal;0.00056;0.07170701987950691;0.00064;0.0454;0.00111;0.0003828993650039623;-7.327862566831849
1691;1;Faulty sensor;0.8255699999999999;0.186034670155861;0.01557;0.03013;0.00524;-0.003012736052215368;0.4943149795221371
1692;8;Faulty sensor;0.00911;0.005520326077325505;0.00021;0.0034;0.00079;-0.003336537259567988;-3.8767173638781394
1693;2;Normal;0.00043;0.16985425311130717;0.00108;0.1034;0.00234;-0.0010687637009222425;-6.695179553048007
1694;7;Unbalance;0.00198;0.303398121615807;0.00164;0.17135;0.00357;-0.0009465288666279678;-5.722278979700164
1695;2;Normal;0.000875;0.15752542651902263;0.00097;0.0959;0.00915;-0.0008016480643406095;-6.752885066668368
1696;2;Normal;0.00111;0.04424062838613394;0.00089;0.02248;0.00762;-7.303226894567571e-05;-6.730335803393513
1697;3;Normal;0.001345;0.15581881144457493;0.0010400000000000001;0.09298;0.00487;-0.0009394580033213653;-6.3275897027605605
1698;1;Normal;0.00051;0.04839976962755091;0.0012799999999999999;0.02866;0.00518;-4.994612488975589e-05;-7.002872639788831
1699;1;Normal;0.00035;0.09917494290394122;0.00096;0.06167;0.00731;-0.0015424580010359335;-7.131053979631415
1700;6;Unbalance;0.03039;0.46756127277609294;0.003775;0.27979;0.00599;-0.0023686581870572512;-2.85156955623067
1701;10;Normal;0.00051;0.08810670065324203;0.000855;0.00097;0.0002;0.0009523069414239425;-7.110332343870387
1702;9;Unbalance;0.00288;0.29451475871337923;0.00215;0.18252;0.00882;-0.001135918569565484;-5.504142076243314
1703;10;Normal;0.00143;0.16746664414145285;0.00068;0.00066;0.00039;-0.001416736474910317;-6.227840797477064
1704;7;Normal;0.00111;0.185400178263129;0.002495;0.11791;0.01118;0.0011659918988444122;-6.89886765157261
1705;1;Normal;0.00229;0.23502363327971934;0.00165;0.14453;0.00208;-7.852160913142527e-05;-6.052074654524807
1706;5;Normal;0.00186;0.11369809541060923;0.0016649999999999998;0.07245;0.00169;-0.0011509411593660574;-5.880403288313529
1707;4;Rubbing;0.01137;0.1484269241074543;0.00126;0.0943;0.01227;-0.0029167092314481037;-3.7785872049736344
1708;10;Normal;0.00216;0.13550156936360555;0.00148;0.00149;0.00045;-0.0017219280777306324;-5.41252996595734
1709;10;Normal;0.00103;0.11934368353624752;0.00167;0.00176;0.00019;-0.00045671626950675846;-6.502792085017085
1710;7;Normal;0.001245;0.10891664473348414;0.00078;0.06195;0.01032;-0.0006719557432162623;-6.756584787736726
1711;10;Normal;0.00038500000000000003;0.09947483953241644;0.00135;0.00195;0.00018;-0.00025380935729952425;-6.692857715269397
1712;10;Normal;0.00164;0.04981846645572303;0.0021;0.00129;0.00053;6.473414043780224e-05;-6.5733823027633065
1713;7;Normal;0.00135;0.23264970685560726;0.002395;0.1439;0.01667;-0.0007923689529987567;-6.83028190825949
1714;7;Normal;0.00107;0.12215357178568295;0.00087;0.06895;0.004;6.568826700635963e-05;-6.502885253524485
1715;3;Normal;0.00175;0.14496901289585992;0.00163;0.09216;0.00602;-0.00025912791586734664;-6.078535227525148
1716;5;Normal;0.0005200000000000001;0.11941450205063034;0.000745;0.07919;0.00167;-0.00036454955869976645;-7.443617887805708
1717;10;Normal;0.00081;0.18609792744681494;0.001425;0.00128;0.00012;-0.0007568557153392869;-6.6184431166154
1718;5;Rubbing;0.007509999999999999;0.07496884219460775;0.00079;0.04963;0.00127;-0.0028391780782530116;-4.027117660709992
1719;4;Faulty sensor;0.00228;0.008116889798438809;0.00063;0.00175;0.00025;-0.0018478197981756377;-5.463275010637097
1720;9;Normal;0.00401;0.15420598950754152;0.00109;0.08726;0.01001;-0.0009178307202599945;-5.828987222831419
1721;4;Normal;0.00084;0.2204791398295993;0.00287;0.13839;0.01372;0.00031874720143674226;-7.300191591778404
1722;9;Normal;0.0035;0.1241162990908124;0.001015;0.07618;0.01045;-0.0006332568944669296;-5.442749853434741
1723;7;Normal;0.001165;0.26113975855851596;0.0029;0.14788;0.00925;0.00012085813473468128;-6.407562875294982
1724;8;Faulty sensor;0.0038;0.005690228466415035;0.00012;0.00345;0.00132;-0.00311838163072179;-4.703260093337225
1725;6;Normal;0.002445;0.2542693764494655;0.00388;0.00707;0.00132;-0.0003002095770262221;-5.764336153311027
1726;1;Unbalance;0.00058;0.2667320633144804;0.001795;0.1684;0.00835;-0.00031883223826572617;-7.047008655743026
1727;2;Normal;0.00095;0.17173224304131124;0.0012799999999999999;0.10795;0.01118;-4.172728722815861e-05;-6.851589760462062
1728;9;Normal;0.002005;0.23337485832882685;0.002765;0.14899;0.0097;-0.0002497781303730033;-5.9367374109693225
1729;9;Normal;0.00236;0.13760854842632417;0.002725;0.0703;0.01547;-0.000538387201229636;-5.406048740418262
1730;10;Normal;0.00282;0.11315848222736112;0.001345;0.00157;0.00061;-0.0010854039946923682;-5.914174610767798
1731;4;Normal;0.002565;0.06062393339267917;0.00064;0.04046;0.00899;-0.0026773119164430507;-5.269530853725963
1732;3;Normal;0.001705;0.031743580453376705;0.000505;0.0185;0.00556;-0.0008983603173692922;-5.94125988436679
1733;4;Unbalance;0.00651;0.29236585163113693;0.003325;0.19796;0.03306;-0.0019219178877313292;-4.486230476890527
1734;4;Normal;0.00061;0.12459471337099338;0.00285;0.08144;0.00535;-0.000572766576058196;-7.238752801193815
1735;1;Normal;0.0025250000000000003;0.05832357756516656;0.00171;0.03123;0.0022;-0.001184674677614656;-5.678829693343908
1736;1;Normal;0.00032;0.14558670303293497;0.000785;0.08501;0.00211;-9.044460149341897e-06;-7.451934744603801
1737;1;Normal;0.00069;0.039852580844908905;0.0008849999999999999;0.02623;0.00867;0.0006004184211935349;-7.569001285039572
1738;4;Normal;0.001275;0.12291150515716583;0.00349;0.07291;0.00888;-0.0013109976345237636;-6.133863704352297
1739;5;Normal;0.0032199999999999998;0.042538852828913946;0.00032;0.02474;0.00749;-0.002549903255980432;-5.1120243829470375
1740;2;Normal;0.00176;0.07054732666798934;0.00095;0.03812;0.00458;-0.0014609883654036204;-6.06651687539548
1741;4;Unbalance;0.027950000000000003;0.24714355666292415;0.0030949999999999997;0.16737;0.01956;-0.0034148643623253963;-2.757203905894885
1742;9;Normal;0.00275;0.12593884904984642;0.00106;0.07674;0.00991;-0.0006177771236485975;-5.639397164346882
1743;1;Faulty sensor;0.24078;0.07079309005828183;0.00623;0.00946;0.00186;-0.003052545723669066;-0.7139751200406612
1744;1;Normal;0.00047;0.02414918839215927;0.000725;0.01535;0.00361;0.0002454922565045782;-7.729057172920217
1745;10;Normal;0.003295;0.08618425900360227;0.000715;0.00094;0.001;-0.001421158499699191;-5.618786371897221
1746;9;Normal;0.0015249999999999999;0.22341647119225566;0.00208;0.13693;0.01248;8.609302882313087e-06;-6.55615717132001
1747;5;Normal;0.00101;0.2542473189632488;0.00111;0.14803;0.00314;-0.0017146229290614851;-6.4579945993809815
1748;3;Faulty sensor;0.008324999999999999;0.017524009244462298;0.00115;0.00555;0.00074;-0.0023624417840131464;-4.226035081239626
1749;10;Normal;0.00114;0.13533558253467562;0.001005;0.001;0.00033;-9.508312856090693e-05;-6.913747588218784
1750;7;Normal;0.00072;0.09326983274349748;0.0008699999999999999;0.05644;0.0085;0.0002939745728073782;-7.175777688944317
1751;5;Normal;0.000405;0.08102044865341095;0.00058;0.04643;0.00581;-0.0004847906907194328;-7.541567149630002
1752;10;Normal;0.00149;0.15594654244323597;0.00091;0.0005;0.00025;-1.4276173232721457e-05;-6.560345969175552
1753;9;Normal;0.0019450000000000001;0.17271956692859092;0.001675;0.11498;0.01261;-2.665601832461018e-05;-6.56629433470768
1754;9;Rubbing;0.006655;0.04524165005832568;0.000945;0.02559;0.03602;-0.00029731123859406993;-4.930332809612336
1755;7;Unbalance;0.001405;0.3016315449352073;0.002395;0.17999;0.00585;4.548198766178007e-05;-6.247244180250515
1756;9;Normal;0.00321;0.1678277092735285;0.00154;0.10506;0.00685;-0.00019554246835510025;-5.675313153778803
1757;10;Normal;0.0018700000000000001;0.044008862743770145;0.00072;0.00069;0.0005;0.0009924898328075357;-6.830980162436489
1758;6;Normal;0.00129;0.15780868638956475;0.00168;0.09596;0.01446;0.0003691695140081095;-6.471896499912517
1759;5;Unbalance;0.00053;0.2935415985852772;0.001365;0.18861;0.0056;-0.0009219662436607985;-7.197274837137229
1760;7;Normal;0.00191;0.14139396627862166;0.00116;0.07958;0.00415;-0.00043551643444801364;-6.035985800063534
1761;10;Normal;0.00119;0.09792784078085251;0.001175;0.00111;0.00096;-0.0016674356529220674;-5.997964186035586
1762;1;Normal;0.00058;0.0645402982639529;0.00076;0.04013;0.00697;-0.0001481981287124205;-7.006822462207848
1763;1;Normal;0.00043;0.13590971304509478;0.00074;0.09252;0.00354;-0.0014880810714682367;-6.605395965162836
1764;9;Normal;0.00164;0.09815983547255974;0.001075;0.05773;0.01284;-0.0006754523417680045;-6.23786437767193
1765;7;Normal;0.000635;0.10964291221962322;0.00101;0.06526;0.00227;-0.00014178854825149372;-7.157529573619792
1766;9;Normal;0.0019;0.19980921250032493;0.00225;0.1147;0.02108;-0.000740563422878951;-6.084486634062078
1767;8;Faulty sensor;0.00475;0.005828430320420756;0.00012;0.00339;0.00171;-0.0031758287193251306;-4.548230232378017
1768;8;Faulty sensor;0.009680000000000001;0.005446641166810973;0.00022;0.00329;0.00074;-0.0033309163173547295;-3.8525026453279323
1769;8;Normal;0.00088;0.25546553916330866;0.002145;0.15092;0.01211;-0.00030635730590420187;-6.608872359524085
1770;1;Normal;0.000795;0.2172890066248176;0.00229;0.14532;0.00144;-0.0009069741160350433;-6.443489705051436
1771;3;Normal;0.00169;0.1729246636544365;0.001065;0.10281;0.01202;-0.0010923878580294468;-5.962566426470036
1772;4;Normal;0.0008049999999999999;0.2264866561190747;0.00224;0.1276;0.01997;-0.00027929491742332565;-6.95166240777143
1773;0;Normal;0.00025;0.13128741638100738;0.00108;0.08549;0.00748;-0.0007089109150823694;-7.752131791526787
1774;5;Normal;0.00082;0.14109728558693113;0.00074;0.08214;0.00177;-0.0015171889483485753;-6.641403148547963
1775;4;Normal;0.042705;0.16386914352616846;0.00147;0.11038;0.01604;-0.003660425537495301;-2.246973464582797
1776;5;Normal;0.00038;0.17576736585612243;0.00087;0.10997;0.00361;-0.00033998799449955257;-7.58649535872801
1777;7;Normal;0.00095;0.22573896074891459;0.0023;0.14878;0.01299;0.000512509612820249;-6.621179014505906
1778;5;Normal;0.00031;0.0795178671746168;0.00046;0.05019;0.00158;3.186133040137118e-05;-7.888537753443496
1779;9;Normal;0.00202;0.21546476324448044;0.00168;0.12614;0.0159;-0.0010246740979875494;-6.078895593953549
1780;1;Normal;0.00049;0.0379088129595217;0.00109;0.02036;0.00187;-0.00021698203848559297;-7.322579989354782
1781;8;Normal;0.00287;0.12244424118757076;0.001585;0.06975;0.00705;-0.000723443916424137;-5.834728107538713
1782;10;Normal;0.001975;0.07244498671405772;0.001475;0.00111;0.00032;-0.0006797371107905891;-6.076195214033483
1783;10;Normal;0.00132;0.09896394899153935;0.00085;0.00038;0.00051;-0.0014809597893290006;-6.408520497669982
1784;4;Normal;0.006305;0.227652155272029;0.004205;0.1522;0.01539;-0.002534263366618671;-4.372652794156726
1785;8;Normal;0.001275;0.17799989971907287;0.00169;0.10909;0.01229;0.0005460097809905751;-6.8239546713105135
1786;10;Normal;0.002705;0.0189467279497015;0.00033;0.00025;0.00043;-0.00047354756104720045;-6.152848523281511
1787;0;Normal;0.00017;0.051021053497551386;0.00067;0.03168;0.00852;-5.231302676559833e-05;-8.214084281153628
1788;5;Normal;0.000925;0.12252412782795069;0.00083;0.07668;0.00153;-0.000638436088298395;-7.047041171923944
1789;7;Normal;0.00078;0.06471957895413102;0.00031;0.0387;0.01935;-0.00032007643486718103;-6.961432713868598
1790;4;Normal;0.00069;0.1524832344882545;0.001115;0.09692;0.01087;-0.0008399331299081169;-6.7933240853005525
1791;9;Rubbing;0.00329;0.19307982494294945;0.002125;0.10755;0.02614;-0.0002234983220793776;-5.597833192449396
1792;5;Normal;0.00064;0.1633190142022661;0.00094;0.10223;0.00295;-0.0007147361798550353;-7.036393396779162
1793;8;Normal;0.001425;0.13451222137783614;0.0016250000000000001;0.08437;0.00432;0.00042149998515437543;-6.756853539678767
1794;10;Normal;0.0020800000000000003;0.07790251408009885;0.001;0.00068;0.00019;-0.0007691551707361238;-5.867068395949928
1795;10;Normal;0.0007750000000000001;0.04220679092278872;0.00132;0.00117;0.00034;-7.089203527244956e-05;-6.661134031449087
1796;5;Normal;0.0005;0.08910937212212866;0.0005200000000000001;0.05568;0.00584;-0.00012435622160310113;-7.550247856037809
1797;7;Normal;0.000745;0.1750606834786155;0.00098;0.09937;0.00774;-0.00011753865717368836;-6.848927692897707
1798;5;Rubbing;0.00417;0.08296391986882008;0.00057;0.05433;0.00331;-0.002304180186329849;-4.94902110751516
1799;8;Normal;0.00242;0.12213930161909392;0.00173;0.07282;0.00707;0.001156843404921951;-6.569597323103059
1800;6;Unbalance;0.00158;0.3051262025785397;0.0030499999999999998;0.17222;0.02198;0.000255699215341154;-6.194646122845718
1801;1;Normal;0.00068;0.18063913833939751;0.00236;0.11766;0.00741;9.706720687930722e-05;-7.0354520017509214
1802;7;Normal;0.00106;0.23223987491384854;0.001695;0.13836;0.00443;-0.00035276076206219566;-6.6393717265059955
1803;8;Normal;0.0013800000000000002;0.1051659132038514;0.001715;0.0629;0.00753;-6.768139484772863e-05;-6.34822335379948
1804;10;Normal;0.00145;0.202338821040353;0.001025;0.00088;0.00029;-0.000949742223487409;-6.34157422689696
1805;1;Rubbing;0.011959999999999998;0.018971663079445616;0.00093;0.00869;0.008;-0.002412912239190928;-3.7802458380721906
1806;10;Rubbing;0.0030749999999999996;0.08312938108755533;0.00119;0.00115;0.00072;-0.0009099655271292839;-5.3269051774835265
1807;10;Normal;0.0029;0.06727072022804573;0.00338;0.00265;0.0004;-0.0011779433961033915;-5.79398396060976
1808;5;Normal;0.00085;0.09321513181882006;0.0005300000000000001;0.05875;0.00275;-0.0012078217059321612;-7.022047247592543
1809;1;Normal;0.00043;0.10379338081014608;0.00102;0.06421;0.00322;-0.0006198975194649266;-7.296637885965299
1810;5;Normal;0.00042500000000000003;0.127816020513862;0.00066;0.08485;0.00408;0.00025533261657207593;-7.789704215831934
1811;10;Normal;0.00122;0.23632276085895748;0.00123;0.00109;0.00046;-4.1399858983959606e-05;-6.562313825162506
1812;5;Normal;0.00111;0.07985778797337176;0.00141;0.05069;0.0007;-0.0007460629168179924;-6.527961873235454
1813;0;Normal;0.001845;0.09179866012094075;0.001165;0.05492;0.01582;-0.0027413929826227267;-5.747775150852449
1814;8;Normal;0.001605;0.07304415719275567;0.00164;0.03748;0.00253;0.0006275873940353031;-6.836703456206576
1815;7;Normal;0.00098;0.08769891675499761;0.0016;0.05347;0.0146;0.000571112895201043;-6.6940649974004724
1816;2;Normal;0.00044;0.13858392691795107;0.00121;0.08561;0.00992;5.577197937920675e-06;-7.2335849814074065
1817;5;Normal;0.00111;0.20100189775223518;0.00103;0.12536;0.00298;-0.0005883248788585304;-6.816529949677855
1818;7;Normal;0.001025;0.16202589175807675;0.00119;0.10694;0.00685;-0.00012694875236099923;-6.5984115855627365
1819;5;Normal;0.00053;0.12539353492106362;0.00081;0.08382;0.00362;1.1547515265718628e-05;-7.730392380391276
1820;2;Normal;0.00068;0.05927972081580681;0.000655;0.03583;0.0057;-0.0007088152808541498;-6.849725668450809
1821;0;Normal;0.00023;0.14589466988207622;0.0013800000000000002;0.0946;0.00658;-0.00035246916296106804;-7.978610427136751
1822;7;Normal;0.0008;0.20852639545151114;0.001425;0.13719;0.00432;-0.000564514028217733;-6.8488996293179945
1823;7;Normal;0.00202;0.18461033638450475;0.0019099999999999998;0.12221;0.00966;-0.0009315372226091014;-6.360468130244114
1824;4;Normal;0.009195;0.2098095402978616;0.00325;0.12809;0.00824;-0.0025059265956857146;-3.97285931281259
1825;9;Normal;0.00189;0.16009671077195808;0.00177;0.106;0.0111;-0.00024327028572571776;-5.622322039029653
1826;2;Faulty sensor;0.0021650000000000003;0.0031309583197481243;6e-05;0.00187;9e-05;-0.0031105111349756017;-5.291010467318231
1827;4;Misalignment;0.14308500000000002;0.226676894499638;0.009065;0.13973;0.03873;-0.0018301190803720851;-1.5374223627439902
1828;7;Normal;0.00103;0.06534103840619615;0.00081;0.03821;0.00286;-0.000773411143860451;-6.818168693921758
1829;7;Normal;0.00088;0.263645848630317;0.002455;0.16039;0.00436;-0.0002950418687741848;-6.835310042730903
1830;5;Normal;0.00048;0.019881126728633867;0.00043;0.01124;0.00389;-0.0005480586879580763;-7.218091631375407
1831;0;Normal;0.00045;0.01298846411243454;0.00021;0.00852;0.00204;-0.001183870887312512;-7.265486785714875
1832;7;Normal;0.00059;0.19830890625486292;0.00143;0.11633;0.01635;0.00017759162315843891;-6.958299498283384
1833;8;Normal;0.00206;0.22681034191588353;0.00206;0.13059;0.01336;-9.459275115155097e-05;-5.951868462854033
1834;7;Normal;0.00121;0.1176162845867867;0.001475;0.07781;0.00249;-0.00017119183556776912;-6.6342761632842215
1835;2;Normal;0.00041;0.05731218980286829;0.00062;0.03265;0.01535;0.0009399990246667058;-7.965109064296526
1836;4;Normal;0.00108;0.20275738063015117;0.00146;0.1307;0.02389;-0.00102905748321971;-6.663698385908242
1837;5;Rubbing;0.085855;0.17176777171518526;0.001485;0.09775;0.00374;-0.0036877302535377426;-1.5312380617324193
1838;1;Normal;0.00094;0.06642888829417513;0.00058;0.04416;0.00679;-0.0018713469711665006;-6.36325802265282
1839;4;Normal;0.00089;0.13320929622214808;0.0034;0.08107;0.02496;-0.0004512636234447888;-6.7840093992782
1840;9;Normal;0.00301;0.25940083018371396;0.00466;0.14396;0.01313;-0.00015920332762181603;-5.802850851634831
1841;5;Normal;0.00049;0.0715540026832881;0.00063;0.04675;0.00268;0.0003816520388058083;-7.666612270674607
1842;6;Normal;0.001535;0.13383316255696867;0.00193;0.07539;0.00881;-6.867088696353692e-05;-6.270173867588454
1843;7;Normal;0.000665;0.196040027290347;0.00111;0.11686;0.00396;-2.2097776918167172e-05;-6.754061274398253
1844;10;Normal;0.00206;0.14409447734038944;0.0009699999999999999;0.0008;0.00012;-0.000993100940430244;-5.805679464420514
1845;1;Normal;0.00055;0.10995533684182864;0.000915;0.07041;0.00198;-0.0005806933686097014;-6.960658504649109
1846;5;Normal;0.00038500000000000003;0.04242185639502354;0.0004;0.02484;0.00369;-0.000523704731297045;-7.509986651092381
1847;10;Normal;0.001895;0.11057174548681052;0.00181;0.00148;0.00083;-0.000798473205801926;-5.917322694232752
1848;4;Normal;0.03088;0.11228829903422707;0.0036750000000000003;0.07092;0.02468;-0.0035304101133674325;-2.581390439291255
1849;5;Normal;0.00043;0.12288823092550402;0.00064;0.08373;0.00735;-0.00058616667660177;-7.450318438846892
1850;4;Normal;0.00144;0.1507436131317012;0.00115;0.09435;0.00659;-0.0008552583911510447;-6.550613805375172
1851;1;Rubbing;0.070425;0.17584917230399466;0.01012;0.07783;0.00825;-0.0015317917942736566;-2.226946381419526
1852;2;Normal;0.000665;0.022255682420451638;0.00038;0.01268;0.00576;-0.0007875651880583874;-6.849472094500392
1853;1;Normal;0.00111;0.07942434513422192;0.00069;0.04936;0.00197;-0.0023968231886011123;-5.932549592310101
1854;3;Rubbing;0.00447;0.051424713902947485;0.0012;0.03355;0.00596;-0.0018331342168086562;-4.73959266448741
1855;5;Rubbing;0.060965;0.06874254505035436;0.001085;0.04614;0.00519;-0.003704150574600459;-1.865279006141607
1856;9;Unbalance;0.00382;0.36410448266946677;0.00329;0.22458;0.0181;-0.00039783510407218487;-5.647983957828301
1857;1;Unbalance;0.00089;0.2998442960938226;0.002345;0.19052;0.0052;-0.000565877338504384;-6.257624402752762
1858;3;Normal;0.001045;0.1496897671853357;0.00184;0.09059;0.00252;-0.0007743888502683818;-6.438735677677259
1859;4;Misalignment;0.0019399999999999999;0.18831918091368174;0.00273;0.12579;0.03264;-0.0012909539903055655;-6.145198665777469
1860;3;Normal;0.00175;0.08450603883747007;0.00137;0.05095;0.00129;-0.0017905267007107342;-5.725887837904408
1861;4;Normal;0.00105;0.1043431986283725;0.0047150000000000004;0.05642;0.01066;-0.0006775315978164991;-6.620590021360376
1862;6;Normal;0.001105;0.1329734089959342;0.00187;0.07994;0.0041;0.0008213651052764014;-7.345374320926333
1863;1;Normal;0.00298;0.09851863072536077;0.00105;0.06362;0.00417;-0.0035847040228613445;-5.078013578730809
1864;10;Normal;0.0019950000000000002;0.07532591851414758;0.00068;0.00057;0.0007;-0.0014794471073684215;-5.587882530794265
1865;0;Normal;0.0002;0.06192411242803566;0.00082;0.03658;0.00768;0.00019915113238883793;-8.118509685131857
1866;7;Normal;0.00087;0.08285772746099183;0.00098;0.0487;0.00215;-9.003755035824988e-05;-6.844023207025688
1867;3;Normal;0.00185;0.12151313097768487;0.0010500000000000002;0.07402;0.00609;-0.0006512973511672908;-6.275932189151446
1868;0;Normal;0.008035;0.17444577753559987;0.001345;0.09926;0.00453;-0.001937297748362041;-4.331746063717432
1869;6;Normal;0.00111;0.15624174986219272;0.002055;0.08811;0.00724;0.00029588567684114586;-6.466766986337795
1870;4;Normal;0.00097;0.19753341261670138;0.002615;0.12379;0.01257;-0.0007366675641821634;-6.820045138865284
1871;4;Normal;0.00078;0.09317520807596837;0.001255;0.05154;0.02504;-0.0009480835256273206;-6.601114105662281
1872;5;Normal;0.00038;0.22813437246500143;0.00096;0.13105;0.00436;-0.0004989916710953224;-7.71998908619618
1873;10;Normal;0.001435;0.07455211331679337;0.00148;0.00093;0.00063;4.671573386855181e-06;-6.599553691307933
1874;5;Normal;0.00027;0.02209425038330108;0.00025;0.01334;0.00412;-0.0007871089141811487;-7.464942232656364
1875;8;Faulty sensor;0.00393;0.008123533713846456;0.00012;0.00423;0.00165;-0.0030584397643497576;-4.765043862487529
1876;6;Normal;0.00167;0.10198088399303075;0.00115;0.062;0.00635;-0.000524587432454353;-6.3567539597500335
1877;5;Normal;0.00044;0.15159032488915644;0.00079;0.09925;0.00343;5.9478692804987074e-05;-7.859027148897221
1878;1;Normal;0.00178;0.0778377960890466;0.00064;0.05182;0.00323;-0.00269879332780823;-5.731799757795463
1879;0;Normal;0.00025;0.09906343725108675;0.000575;0.06677;0.00246;0.00021587404282745113;-7.788606376567305
1880;6;Normal;0.00335;0.2704624125456253;0.00189;0.15581;0.01415;0.00014746109913490958;-5.476917069124439
1881;4;Normal;0.060535000000000005;0.18443159924481486;0.00173;0.12418;0.01001;-0.0036928735555604325;-1.8714387860668413
1882;1;Normal;0.00089;0.08335615874067134;0.00064;0.05526;0.00502;-0.0009238756824787403;-6.741133912832765
1883;7;Normal;0.0015;0.19775379692941425;0.00184;0.12503;0.01413;-0.0010343205563780598;-6.509420610505795
1884;8;Normal;0.001385;0.20772755955818673;0.00218;0.12456;0.00682;0.00013365602038203656;-6.638605117440703
1885;1;Normal;0.00051;0.04966597426810431;0.000375;0.02825;0.00394;-0.00047494578403616466;-7.0949777387190505
1886;3;Normal;0.00117;0.15201085980942286;0.001505;0.09186;0.00178;-0.00015503955583710753;-6.575292684688195
1887;7;Normal;0.001155;0.037488808996819306;0.00116;0.022;0.02249;0.0009884599780986823;-7.188021363538185
1888;4;Misalignment;0.03846;0.17650767462068045;0.0032849999999999997;0.11807;0.04186;-0.0024099174223808297;-2.7224426385558043
1889;7;Normal;0.0005200000000000001;0.168608998573623;0.0019649999999999997;0.10327;0.00905;9.581875655129569e-05;-6.987925873011537
1890;2;Normal;0.00123;0.1886518862879457;0.001685;0.10861;0.01075;-0.00040306159778754686;-6.753363247005412
1891;6;Normal;0.001045;0.03741743978414344;0.00141;0.02213;0.00341;0.0001995182293217323;-6.538005655688479
1892;5;Normal;0.00057;0.137744266305353;0.000695;0.07882;0.00303;-0.0007158178465864738;-7.250305469839361
1893;4;Normal;0.000865;0.1242790815061006;0.00353;0.0724;0.02202;9.65353351543936e-05;-7.166727364186186
1894;1;Normal;0.00065;0.024898078239093072;0.00111;0.01215;0.00231;9.338809292956618e-06;-7.424007992929015
1895;5;Normal;0.00061;0.06621855102612863;0.00093;0.04423;0.0025;-0.0005124160277793775;-6.953915369489572
1896;6;Unbalance;0.003365;0.43745855540839523;0.003055;0.25352;0.01386;-0.00036321002514210084;-5.641944296118806
1897;5;Faulty sensor;0.075255;0.020365473232900826;0.001595;0.00487;0.00063;-0.003140554226550588;-1.8529368367953696
1898;8;Unbalance;0.001935;0.3700894581043886;0.0032050000000000004;0.22145;0.01259;0.00018457695169071643;-6.165013509772581
1899;7;Normal;0.001355;0.06078510837367982;0.00059;0.03441;0.00741;-0.0012297445406291346;-6.509734429796913
1900;3;Normal;0.001155;0.023902018743194055;0.00042;0.01422;0.00722;-0.0004120977272349313;-6.8100688875372715
1901;5;Unbalance;0.00064;0.27475466547449195;0.00136;0.17645;0.00163;-0.0010822046185249962;-6.920979615427312
1902;4;Normal;0.00078;0.08695783460965435;0.00139;0.05627;0.025;-0.000817323561135383;-6.626731760700673
1903;8;Normal;0.00205;0.17603972392616388;0.00194;0.10839;0.00505;0.0007781928313985168;-6.3334958062045414
1904;4;Unbalance;0.00057;0.3167513624280091;0.001835;0.18404;0.0059;-0.000808998719710547;-7.279469824291897
1905;2;Normal;0.00061;0.027506888228223853;0.000325;0.01651;0.00935;-0.0012262613863291486;-6.740168078303251
1906;3;Normal;0.00152;0.21571293609795406;0.00234;0.1421;0.01271;-0.0003817687651485211;-6.111832002327504
1907;7;Normal;0.00113;0.03889355216485118;0.000355;0.02352;0.01048;0.00018826592371271527;-7.586806339080989
1908;3;Normal;0.0033049999999999998;0.059852646558026155;0.0007700000000000001;0.03821;0.00771;-0.0016273101185868026;-5.233661760827544
1909;8;Normal;0.001155;0.09043316371774242;0.001515;0.05073;0.00959;0.0010036530517356927;-6.979772832606257
1910;1;Normal;0.0020550000000000004;0.12244521468803915;0.00083;0.06865;0.00284;-0.0020360849358553243;-5.603120417774219
1911;1;Normal;0.00081;0.19419209535920867;0.00164;0.12138;0.00973;0.00026777566953451387;-7.0262730274329295
1912;6;Normal;0.00194;0.06635674268678353;0.001435;0.03755;0.00426;0.0022018575820510243;-6.710231622421167
1913;5;Normal;0.00053;0.18165219569275787;0.000955;0.10746;0.00334;-0.000717427615181879;-6.8628488400058005
1914;1;Normal;0.00041;0.11628451831606819;0.000915;0.07707;0.0012;-0.0007722331900029532;-7.202389370934855
1915;1;Normal;0.00075;0.11219495131243652;0.00114;0.07399;0.00245;-0.0004603543222693074;-6.819433628154407
1916;5;Rubbing;0.015605;0.13566038736491948;0.00082;0.09215;0.00449;-0.0033290717657049433;-3.3393785108372676
1917;8;Normal;0.00264;0.14440002700830773;0.00227;0.08358;0.01488;-0.00033539395649327544;-5.766066310296663
1918;8;Normal;0.00119;0.20202991857643263;0.00239;0.11948;0.00859;3.376888399370491e-05;-6.40685165440388
1919;5;Normal;0.0009;0.07735086877340164;0.001055;0.04936;0.00117;-0.0003050989951519181;-6.769997561342701
1920;8;Normal;0.00138;0.12959880940811147;0.002375;0.07385;0.00203;0.0006828257626133181;-6.635685786686458
1921;1;Normal;0.000415;0.03468976938522365;0.00037;0.02289;0.0065;6.40122412483129e-05;-7.0437038380540855
1922;4;Normal;0.00075;0.1122636218906196;0.000925;0.06506;0.00606;-0.0010071925935511068;-6.630396330274975
1923;10;Normal;0.00078;0.16402803540858496;0.00119;0.00124;0.00054;0.0003858202081465981;-7.029862775219735
1924;0;Normal;0.00029;0.12561990248364308;0.00096;0.07171;0.00108;-0.0003747870686844452;-7.563142209034787
1925;0;Normal;0.00133;0.1791162055761566;0.00197;0.11513;0.00241;-0.0019261374435040966;-6.112986201052587
1926;5;Normal;0.00034;0.03942266226423578;0.00018;0.02291;0.00395;-0.0013383266616619868;-7.627930951076184
1927;1;Normal;0.00042;0.20519337318734246;0.001115;0.12905;0.00541;-0.0006349316681876435;-6.940046977796557
1928;3;Normal;0.001215;0.07502568426878892;0.00083;0.04305;0.00733;-8.19198661836749e-05;-6.733744177431977
1929;4;Normal;0.00072;0.2341814518701257;0.00174;0.14507;0.00125;-0.0006266502179066028;-7.075424646587112
1930;5;Unbalance;0.0005;0.277629087453026;0.00133;0.1843;0.00581;-0.0006448215661837907;-7.246651746655911
1931;8;Normal;0.00334;0.1696456719164978;0.001935;0.10481;0.01214;-0.0005930523090035898;-5.638937596077834
1932;3;Normal;0.001835;0.20130212741051692;0.00183;0.12944;0.01349;7.814940356520904e-05;-6.29472679685075
1933;5;Normal;0.00064;0.18277290855047415;0.000845;0.10456;0.00553;-0.0004774113115946303;-7.48025932436505
1934;10;Unbalance;0.00103;0.2857013153627403;0.001065;0.00082;0.00025;-0.0011791378022758627;-5.713279607643893
1935;2;Normal;0.001365;0.24034235706591547;0.00189;0.13702;0.00207;-0.0009424308207245189;-6.498724442920938
1936;10;Normal;0.002;0.10429765337724527;0.00079;0.00051;0.00029;-0.0003384644509012182;-6.213245852860414
1937;5;Unbalance;0.000585;0.30380266522859867;0.001465;0.17698;0.0013;-0.0009990807027976448;-7.333470464594383
1938;10;Normal;0.00089;0.03928788235575952;0.00095;0.00081;0.00025;-0.0007277909218215769;-6.557035758508717
1939;1;Rubbing;0.01092;0.06120532248097382;0.0029;0.03211;0.01046;-0.002625856770367115;-3.7468049266560266
1940;10;Normal;0.00172;0.13223900256732127;0.00157;0.00152;0.00024;-0.0006953778556206074;-5.926523897819331
1941;1;Normal;0.00078;0.0216813099235263;0.001115;0.01075;0.00673;-0.0006196257336652449;-6.308958606410696
1942;7;Normal;0.000675;0.11878729014503193;0.001275;0.0738;0.00878;3.841437640948996e-05;-7.244833760637334
1943;1;Normal;0.0005;0.21624170712422708;0.00103;0.12735;0.00603;-0.000604032698520432;-6.85199296756188
1944;4;Normal;0.00117;0.23943469965733874;0.0030749999999999996;0.15004;0.01512;-0.0006092880961653463;-6.607669287311766
1945;10;Normal;0.00184;0.12514392474267377;0.00163;0.00173;0.00158;-0.0010663569475018626;-6.1106350480819245
1946;7;Normal;0.001;0.2284435367875397;0.00219;0.14496;0.01969;0.0010021191192469089;-6.7288004454322285
1947;1;Normal;0.0008;0.11821309191455912;0.00101;0.07573;0.00521;-0.0016509833275437124;-6.535970658709781
1948;5;Normal;0.00034;0.06572776582236764;0.000585;0.03821;0.00455;-0.00043397287425523675;-7.6264322203016635
1949;8;Unbalance;0.00081;0.31806040935646174;0.003125;0.19322;0.0098;-0.00018346284165802803;-6.766705143659886
1950;8;Normal;0.00128;0.16112334871147632;0.0013700000000000001;0.09247;0.00747;-0.0003838708200629733;-6.26639866283998
1951;10;Rubbing;0.00466;0.012170324564283403;0.000495;0.00065;0.00231;-0.0007972991533343774;-5.3423196770352765
1952;5;Normal;0.0008799999999999999;0.18700868776610358;0.001065;0.12644;0.00312;-0.0009093669711883187;-6.589995907100939
1953;10;Normal;0.00136;0.153092140555941;0.00095;0.00065;0.00034;-0.0007843266573706414;-6.198201460603196
1954;5;Normal;0.00029;0.06628430658911656;0.00047;0.04506;0.00462;-3.4627991918675045e-05;-7.817381756834248
1955;4;Normal;0.04733;0.13131909229049676;0.001455;0.08824;0.0197;-0.0036801307732850785;-2.1343815578234286
1956;10;Normal;0.00119;0.12944474844504122;0.00053;0.00059;0.0005;-0.0006860509370881188;-6.558794460723673
1957;8;Normal;0.001005;0.09973284313605021;0.001455;0.0649;0.00771;-0.0002963232689140409;-6.702301771453815
1958;3;Normal;0.00157;0.1871000876536406;0.00141;0.11152;0.01725;-0.0009978008032848127;-6.244283793610497
1959;8;Normal;0.0028450000000000003;0.23585980666489148;0.001775;0.13333;0.0142;-0.00024398312797042302;-5.9701199924635695
1960;10;Normal;0.00122;0.18463431344146192;0.001515;0.00167;0.00037;-7.373589846922117e-05;-6.608113659020179
1961;5;Normal;0.0007;0.0324376787085636;0.0004;0.01885;0.00359;-0.0006274546587184711;-6.730117677020919
1962;7;Normal;0.00103;0.17171421111835794;0.001775;0.10728;0.02137;-0.00011917301329155313;-6.398500412701728
1963;9;Rubbing;0.00449;0.19809458245999562;0.00252;0.12536;0.01708;-0.0002990723589512496;-5.387243371588508
1964;7;Normal;0.00084;0.05828318711257991;0.00059;0.0385;0.00479;-0.0002480097552299135;-6.833646232484091
1965;4;Misalignment;0.0009;0.17238062507138094;0.0022250000000000004;0.11208;0.03394;-9.012848613610337e-05;-6.817677954653413
1966;9;Unbalance;0.00251;0.3627235600288462;0.00275;0.22371;0.00713;-0.0008772114546037766;-5.591684293125075
1967;1;Normal;0.001795;0.1050883537790939;0.001305;0.0689;0.00929;5.3736386125892465e-05;-5.978739572390901
1968;4;Unbalance;0.00063;0.2816842205378214;0.00175;0.16361;0.00273;-0.0003353591262794802;-7.289492410750014
1969;3;Normal;0.002415;0.03691638795982077;0.00075;0.02287;0.00703;-0.0015354364573861815;-5.612421899589335
1970;9;Normal;0.00287;0.08774489899703572;0.0021850000000000003;0.03891;0.00557;-0.00046074838233117185;-6.026614057025463
1971;6;Normal;0.00224;0.23220482079405674;0.0027150000000000004;0.14226;0.01384;0.0012867930990651374;-6.562896669277924
1972;4;Normal;0.00325;0.20269425719541243;0.00171;0.0738;0.01625;-0.002117732571389065;-4.892669759507828
1973;5;Normal;0.00073;0.09382856068383442;0.00068;0.05876;0.00259;-9.263219516619019e-05;-7.118387163817692
1974;5;Normal;0.00126;0.08246495619352501;0.00092;0.05545;0.00157;-0.0015377771347063654;-6.040431803373471
1975;7;Unbalance;0.0012;0.2929443737298943;0.00285;0.1749;0.00975;-0.00011614612660780231;-6.659804812210884
1976;0;Normal;0.00023;0.16219036253735916;0.00105;0.1093;0.00912;-0.00010580036899037719;-7.774195572570356
1977;5;Normal;0.00055;0.16312339072003132;0.000775;0.09499;0.00335;-0.0006437800459009577;-7.3215299140419035
1978;3;Normal;0.0007;0.031652074181639345;0.000635;0.01884;0.00958;-0.000681355583211146;-6.938443507445639
1979;6;Normal;0.002155;0.2461309389329184;0.0030749999999999996;0.15115;0.01212;0.00040721926181917653;-6.0957536914098185
1980;8;Normal;0.00314;0.22984753881649464;0.001865;0.12749;0.00231;-0.00022723635347996052;-5.782773650160975
1981;10;Normal;0.001205;0.14729714185957582;0.001;0.001;0.00012;-0.0009504331276771485;-6.528247994268805
1982;10;Normal;0.000695;0.1386531694552995;0.00108;0.00101;0.00042;-0.0006639128343972867;-6.690504919272333
1983;3;Normal;0.001465;0.06481826131577427;0.00137;0.04303;0.00458;-0.0010484679751877437;-6.268639371579045
1984;3;Normal;0.00099;0.20118510332527106;0.001865;0.12091;0.00359;-0.0008523990863770591;-6.4404043733653635
1985;10;Normal;0.001485;0.08780568888175753;0.000895;0.00078;0.00041;-0.0005766491596406566;-5.939808175213467
1986;7;Normal;0.001305;0.1302425018955026;0.001065;0.08245;0.008;-0.0009530379300520481;-6.087675033446522
1987;1;Normal;0.000645;0.07299505462700881;0.00082;0.04821;0.0035;-0.00039592178009910736;-7.070678435697027
1988;4;Normal;0.000815;0.2553336861833942;0.001835;0.14761;0.01674;-0.0006549642355689935;-6.882508599865702
1989;4;Normal;0.001685;0.09836925637616664;0.001355;0.06598;0.02687;-0.0015256335360765989;-5.807599050280462
1990;6;Unbalance;0.00126;0.29982388880808014;0.00357;0.184;0.00938;-0.0007455982166464971;-6.234771028924084
1991;10;Rubbing;0.001765;0.11774086503843939;0.001295;0.00086;0.00047;-0.0007508998745998481;-5.6437066067752655
1992;7;Normal;0.00084;0.08195682033851728;0.00072;0.05085;0.00359;-0.00020668269220924288;-6.834642541878435
1993;2;Normal;0.00087;0.0908759808750365;0.00076;0.05531;0.00443;-0.0005671784641158749;-6.8865772103219305
1994;5;Normal;0.000405;0.03560395624084492;0.00045;0.02402;0.00367;-0.0006292627343793877;-7.352608234085592
1995;7;Normal;0.001295;0.23686844534466808;0.001695;0.15673;0.00615;-0.00029994583876726943;-6.342932348439648
1996;4;Misalignment;0.0053100000000000005;0.34104670515927876;0.003445;0.23151;0.02881;-0.0025797639367425916;-4.4130200056904965
1997;3;Normal;0.0021349999999999997;0.18061210313818948;0.001515;0.10461;0.01166;-0.0012859126770247966;-5.734525724527704
1998;4;Normal;0.003325;0.07760385815151204;0.00118;0.05202;0.0197;-0.0012336231831905505;-5.3768039931527305
1999;7;Normal;0.00129;0.19603544806998555;0.001605;0.13063;0.00151;-0.00042727695854139435;-6.473746373531093
2000;1;Normal;0.00029;0.16976111804532865;0.00097;0.11441;0.00726;-0.00010786313709877585;-7.625688596068798
2001;1;Normal;0.00030000000000000003;0.12235629244137795;0.00071;0.08332;0.00262;3.3074102526586696e-05;-7.608395191728077
2002;2;Normal;0.00095;0.21194776408351185;0.00107;0.12018;0.00579;-0.0001939972286596737;-7.2772554654383175
2003;10;Normal;0.00172;0.08495761119523078;0.00096;0.00097;0.00012;-0.0009691943346177962;-5.988822099204244
2004;2;Normal;0.00091;0.10356888866836413;0.00089;0.06217;0.00584;-0.001091553848238284;-6.514952387510594
2005;0;Normal;0.00022;0.037885872036948015;0.00038;0.0215;0.01879;-0.00028027534367971465;-8.076430775745441
2006;3;Normal;0.002215;0.07950740217111862;0.0008049999999999999;0.05091;0.00721;-0.000318176909758868;-5.907957768744193
2007;4;Normal;0.000895;0.16294575968708114;0.002325;0.09931;0.02111;-4.0387077810769565e-05;-7.157506497375814
2008;4;Normal;0.0009;0.09950283915547335;0.00559;0.04744;0.01273;-9.00029063427157e-05;-7.050270010212765
2009;9;Normal;0.00532;0.08744289393655724;0.00207;0.05178;0.01454;-0.0012431907298039078;-5.223559087170591
2010;1;Unbalance;0.001025;0.30263756491883165;0.00219;0.17902;0.00439;-0.000644342515163464;-6.619695241981829
2011;4;Normal;0.00059;0.21970215406317709;0.00135;0.12769;0.00382;-0.0005116193470489867;-7.260869602394162
2012;3;Normal;0.000835;0.055358908948786194;0.0008500000000000001;0.03205;0.00536;-0.0009847032997020993;-6.694868245494715
2013;4;Unbalance;0.001025;0.41430239656560036;0.0027749999999999997;0.26307;0.00723;-0.0007113066523093214;-6.757029152633714
2014;10;Normal;0.002635;0.16480426177741883;0.0008849999999999999;0.00116;0.00027;-0.0011978869890909884;-5.536770787966258
2015;1;Normal;0.00086;0.04429628991236174;0.001185;0.02742;0.00725;-0.0009109809483420009;-6.943015635226298
2016;4;Normal;0.001025;0.14373227299392438;0.002705;0.09519;0.0158;-0.0015217900603408518;-6.274574498147411
2017;10;Normal;0.0033550000000000003;0.06708064773092162;0.00087;0.00051;0.00051;-0.0013098741041976992;-5.577292571885511
2018;6;Unbalance;0.001815;0.3465094225270072;0.00255;0.20979;0.01705;0.0006094528681600195;-6.636394465960097
2019;5;Normal;0.000585;0.1315238138133167;0.00075;0.08447;0.00219;-0.0012187063485381256;-6.959900045259371
2020;10;Normal;0.00206;0.07615279377672234;0.00148;0.00219;0.00129;-0.0008595981024830776;-5.905952028386965
2021;9;Normal;0.00531;0.05601874418442456;0.00093;0.03282;0.00502;-0.00027023872156698814;-5.304402410185752
2022;0;Normal;0.00029;0.0274677337980402;0.00024;0.01839;0.00573;-0.0007600968711466809;-7.733014300491234
2023;8;Unbalance;0.00259;0.28201366367607084;0.00298;0.17252;0.01078;-0.0008596290104060728;-5.87551679067699
2024;1;Normal;0.001405;0.07413937954960238;0.0007650000000000001;0.04368;0.01478;-0.00016100353900523742;-6.682869806055911
2025;2;Normal;0.0008049999999999999;0.15537835209577944;0.000955;0.09467;0.00294;-0.00033213699719788315;-7.263380262401233
2026;10;Normal;0.00228;0.08184578669668953;0.00089;0.00059;0.00021;-0.0008253340555736465;-6.317426807886244
2027;1;Normal;0.00023500000000000002;0.1247563505397621;0.00098;0.0702;0.00238;-0.000368465577721131;-7.385874882237413
2028;7;Normal;0.0009350000000000001;0.12289246315376709;0.00135;0.07801;0.00918;0.001338827668988491;-6.887753053226909
2029;6;Normal;0.00274;0.2399291116142433;0.003045;0.13649;0.01495;-0.00035545958531621767;-5.803631898950578
2030;7;Normal;0.0019450000000000001;0.10752195310726084;0.001025;0.07116;0.00859;-0.00047445473978399916;-6.055512762364429
2031;10;Normal;0.00141;0.02900271539011477;0.0005200000000000001;0.00035;0.00119;-0.00073061029238859;-5.860296446009642
2032;4;Normal;0.00103;0.1143322329879024;0.00075;0.06643;0.00279;-0.0002547599489147985;-6.663248369237265
2033;1;Normal;0.00024;0.135546087734025;0.00128;0.07696;0.00843;0.0004185518363607223;-8.01931474747053
2034;5;Normal;0.000545;0.1537405268626331;0.0008049999999999999;0.10069;0.00556;-0.0005038261414465058;-7.445362064392923
2035;8;Normal;0.0011450000000000002;0.09125306734570625;0.00119;0.05441;0.0066;-0.00022739116624505046;-6.681630177350104
2036;5;Rubbing;0.087615;0.16677111860271251;0.001605;0.11311;0.00288;-0.0037072081271114043;-1.5028341193890329
2037;5;Normal;0.00059;0.22262904954205776;0.00097;0.12788;0.00597;-0.000553331090565382;-7.466522439598544
2038;9;Normal;0.00397;0.17638428274650778;0.00138;0.10071;0.02583;-0.0009900106029095857;-5.641249340206388
2039;10;Normal;0.000665;0.07222851237565397;0.00125;0.00092;0.00213;0.00022948567119092278;-6.845752369455212
2040;1;Normal;0.003025;0.0829361109529498;0.00075;0.04996;0.00531;-0.001390371978478929;-5.424513637165708
2041;9;Normal;0.00165;0.17688200275890137;0.00169;0.11076;0.01881;-0.0003118099941197435;-6.085918153096972
2042;1;Normal;0.000475;0.10226586722851373;0.00089;0.0589;0.00317;0.00014018922988236277;-7.378734228832399
2043;3;Normal;0.00173;0.1252014129313244;0.001775;0.075;0.00451;-0.0022649415857996405;-5.519554783398472
2044;1;Normal;0.00026000000000000003;0.12719188574747997;0.001605;0.07295;0.00633;0.0004805058329551331;-7.795059574438625
2045;3;Rubbing;0.005715;0.06824131226757;0.001245;0.04315;0.00353;-0.0005615093779534352;-4.867322655044916
2046;4;Normal;0.07355;0.26070540750049664;0.022445;0.04552;0.00445;-0.001699463544645478;-2.0266691104699173
2047;7;Normal;0.001185;0.09754259479837514;0.00095;0.06362;0.0017;-0.00036298816194898424;-6.1256377505426745
2048;4;Unbalance;0.0010400000000000001;0.29045820749291973;0.003025;0.19707;0.03173;-0.0004818868258522501;-6.771113209369361
2049;3;Normal;0.00115;0.043420458311722136;0.001075;0.02397;0.00554;-0.00040116319883667543;-6.394460182594356
2050;9;Normal;0.001605;0.16338378989361216;0.00134;0.09691;0.01206;-0.0012208613939745283;-6.135666324059924
2051;7;Normal;0.00087;0.1587036341738903;0.0009;0.09029;0.00793;-0.0004841321527436111;-6.952399333380003
2052;1;Normal;0.000375;0.020314465289541835;0.0005;0.01073;0.00506;-0.000984966605391381;-7.521350143540849
2053;5;Normal;0.00039;0.061142535112636606;0.00043000000000000004;0.03932;0.00331;-2.9177077876243986e-05;-7.459815828504203
2054;6;Unbalance;0.002975;0.8522185120613139;0.00622;0.49294;0.01334;3.665771490722777e-05;-5.746847239215878
2055;4;Normal;0.00099;0.09878811821266766;0.002725;0.05947;0.02025;-0.0008152026586088408;-6.526124828396088
2056;4;Normal;0.00071;0.13569191575034972;0.00088;0.07881;0.01018;-0.0005012645320008084;-7.0665530437056425
2057;1;Normal;0.00126;0.11685738915447325;0.00102;0.06908;0.00285;-0.00017209220950584295;-6.663587087503094
2058;5;Normal;0.00051;0.0690099297202946;0.0006850000000000001;0.04062;0.00141;1.9928143607473464e-05;-7.118001248153782
2059;5;Faulty sensor;0.01633;0.003974141416708771;0.00032;0.00093;0.00012;-0.003145194010052205;-3.3133595277126746
2060;5;Rubbing;0.007984999999999999;0.11424050682660683;0.001415;0.07657;0.00181;-0.002364730643153395;-4.193448425507544
2061;2;Normal;0.000575;0.07691684210886457;0.00066;0.04744;0.00436;-0.00028980680357194324;-7.0086323919133084
2062;10;Normal;0.00229;0.19200387235678348;0.000975;0.00078;0.00031;-0.0006946177210248274;-5.771837034449691
2063;6;Normal;0.00246;0.13016789273857052;0.001475;0.07443;0.00415;-0.0013359258694346974;-5.678362869682173
2064;7;Unbalance;0.00111;0.3301622651061142;0.002365;0.22035;0.00689;-0.0001849835971210791;-6.501452207771879
2065;4;Misalignment;0.15479;0.2564775409270761;0.016025;0.10863;0.03972;-0.001639129946503764;-1.5404292746030337
2066;6;Normal;0.0021349999999999997;0.11093687935037654;0.0023150000000000002;0.06069;0.02416;0.0005169212516111584;-6.308274058047566
2067;5;Normal;0.00059;0.04828724469256866;0.00032;0.0274;0.00867;-0.0001932270412681444;-7.613229989572377
2068;3;Normal;0.00064;0.07729790488751943;0.001115;0.04414;0.01123;-0.0003061513518286327;-6.860092819164729
2069;9;Unbalance;0.00143;0.3722969110803902;0.002835;0.23276;0.02621;-0.00046384939437169704;-6.527356368489048
2070;5;Rubbing;0.070435;0.06542783276251782;0.00102;0.03665;0.00629;-0.0036475734734094135;-1.7741617097823394
2071;10;Rubbing;0.00315;0.08804830889914922;0.000865;0.00064;0.00025;-0.001037411474931856;-5.248200481589423
2072;8;Normal;0.001935;0.18095667658309822;0.00245;0.10241;0.01122;0.0011136151543729158;-6.428124656145849
2073;5;Unbalance;0.001885;0.36727964917757144;0.00224;0.21489;0.00161;-0.001090330312026321;-6.120248927366217
2074;1;Normal;0.001095;0.013434165400202574;0.00036;0.006;0.00417;-0.000952880028389377;-6.753776311486748
2075;3;Normal;0.00162;0.07229678969359567;0.00128;0.04097;0.01455;-0.0009475811599986932;-6.108455314584959
2076;5;Normal;0.00036;0.1630759954745026;0.0010400000000000001;0.09826;0.00216;0.0002707813044346711;-7.617977728578983
2077;3;Normal;0.001755;0.15983438929091576;0.00138;0.10254;0.0095;-0.00037799617781939855;-6.06744997418159
2078;7;Normal;0.001165;0.1685699163552026;0.00147;0.10662;0.0019;-0.0006564069556207753;-6.328535423910725
2079;7;Normal;0.00111;0.05175563737410641;0.00076;0.0325;0.00345;-4.6898654105967195e-07;-6.351724121085345
2080;6;Normal;0.0029950000000000003;0.2560277065084949;0.00191;0.1637;0.00655;0.0012269727937660843;-6.252619281099916
2081;5;Normal;0.000355;0.056503613158806046;0.000465;0.03336;0.00316;0.00011130499192020345;-7.571405614182872
2082;10;Normal;0.00106;0.0919440182937422;0.0011;0.00107;0.00012;-0.0016858316827633234;-5.917003900085544
2083;0;Normal;0.00078;0.11832432928185141;0.001005;0.07568;0.00788;-0.000276056539574964;-6.846434458784343
2084;5;Unbalance;0.0007949999999999999;0.3731727691029988;0.00213;0.22055;0.00217;-0.0005121835450626805;-6.800385918371386
2085;4;Normal;0.00055;0.13672170456807506;0.00114;0.08662;0.01;-0.0009907380236652693;-7.058902239660155
2086;9;Normal;0.001685;0.1260052784608645;0.000995;0.07428;0.02427;-0.0008490998218275821;-6.128635605383658
2087;4;Normal;0.00075;0.13352669059030856;0.00349;0.08619;0.01359;0.00022197253234614866;-7.176274699976208
2088;8;Faulty sensor;0.0038450000000000003;0.007517020686415596;0.00012;0.00413;0.00166;-0.003138322964673394;-4.704289463823619
2089;5;Normal;0.000395;0.041410542136031014;0.00048;0.02384;0.00456;-0.0006265748625308073;-7.379334082688052
2090;3;Normal;0.00102;0.1714481323899447;0.00107;0.11199;0.01277;-0.000566082940420287;-6.458322564517322
2091;4;Normal;0.02311;0.14116295831414133;0.003085;0.09325;0.0119;-0.003398056078481669;-2.9091716109112538
2092;9;Misalignment;0.00196;0.13052430501634552;0.001355;0.07716;0.03402;-0.0007197738376762988;-6.251462156037652
2093;10;Normal;0.000445;0.03827647580433705;0.00107;0.00116;0.00025;-0.0003335602750717847;-7.037337472796396
2094;5;Normal;0.00037;0.12365839639911233;0.001015;0.08327;0.00377;-0.0011090216084578763;-7.30671279102544
2095;1;Normal;0.0004;0.19365132506647093;0.0016099999999999999;0.12883;0.0039;-0.00030260738064004025;-7.568234589783407
2096;1;Normal;0.002065;0.05419603675546765;0.0007650000000000001;0.03492;0.00899;-0.0031439047834856313;-5.521991370734155
2097;6;Normal;0.003155;0.14132588616385888;0.0022050000000000004;0.08481;0.01285;-0.00029692061051796463;-6.119550119959113
2098;7;Normal;0.000245;0.04997165796729182;0.000615;0.02876;0.00327;5.336334292230221e-05;-7.413075802861583
2099;9;Normal;0.00138;0.18836809390127618;0.00181;0.12061;0.01477;8.002085824331678e-05;-6.803123144727633
2100;4;Normal;0.001075;0.2103244020554914;0.00145;0.13577;0.00655;-0.0011155954170977889;-6.737605964121146
2101;7;Normal;0.00065;0.07481538478147391;0.001085;0.04323;0.00606;0.0007824419715495196;-6.92086855461247
2102;9;Normal;0.00139;0.14876743998603997;0.00133;0.09474;0.01018;-0.00026791783198199974;-5.794282118309748
2103;1;Normal;0.001225;0.20292145475528212;0.00244;0.13023;0.00069;-0.0013905405082015457;-5.799407168177751
2104;10;Normal;0.00115;0.07283611123611693;0.00079;0.0004;0.0005;-0.0005500608412504958;-6.4330743786912485
2105;8;Normal;0.00076;0.14788307780134954;0.00136;0.09246;0.00303;0.0006445755668098965;-6.988953677608326
2106;2;Normal;0.00054;0.10405460153208025;0.000785;0.05842;0.00413;-0.00039211776016121787;-7.124015649380939
2107;4;Normal;0.001015;0.13983618094041328;0.0030749999999999996;0.08567;0.01043;-0.00011447160201308875;-7.166415244461825
2108;0;Normal;0.00051;0.16306953578151867;0.001565;0.1035;0.00149;0.00025157401989643705;-7.357258137799108
2109;5;Unbalance;0.000785;0.3336835799076724;0.0015;0.21433;0.004;-0.001338570813063796;-6.882492275563376
2110;10;Normal;0.00115;0.11083108634313751;0.00111;0.00106;0.00037;-0.0014472570883604678;-6.128144564896429
2111;7;Normal;0.001335;0.24344106186097694;0.0024000000000000002;0.15065;0.00214;-0.00012526911566012014;-6.371680758865655
2112;2;Normal;0.00055;0.038371920723362284;0.00057;0.02209;0.00595;-0.00015359606524497897;-7.266422458947159
2113;2;Normal;0.00029;0.08192072631513957;0.0008049999999999999;0.05021;0.00319;0.000827457405335558;-7.728108758010315
2114;4;Unbalance;0.00095;0.2662363224655869;0.0035649999999999996;0.17765;0.01812;-0.0007519922859688846;-6.918174119584747
2115;9;Normal;0.00216;0.14334826333095216;0.001985;0.09445;0.00916;0.0002592693769332449;-6.1792800769986505
2116;6;Unbalance;0.00162;0.37444170560983187;0.00276;0.23991;0.00313;-0.00013132980581040518;-6.742280734361927
2117;1;Normal;0.00039;0.20230656736744854;0.0018349999999999998;0.12188;0.00659;-0.0011432870214090466;-6.610369290352111
2118;2;Normal;0.00047;0.08098932954408253;0.00082;0.04861;0.00885;0.00015348935203604624;-7.331802135939485
2119;4;Normal;0.0022250000000000004;0.09858686575807145;0.00216;0.06479;0.00371;-0.0016282780650542217;-5.597625887712621
2120;9;Rubbing;0.005435;0.07205410397749736;0.00089;0.04438;0.00243;-0.0007397293014966637;-5.1223601066312865
2121;6;Normal;0.001685;0.14370868762882777;0.00149;0.08775;0.01101;0.00011125622879935565;-6.680680077902065
2122;8;Faulty sensor;0.004869999999999999;0.005764564163924277;0.00012;0.00333;0.00173;-0.003234094760116119;-4.517066536279384
2123;10;Normal;0.00187;0.09446062513026261;0.001865;0.00213;0.00027;-0.0012404755471673151;-5.541560201787308
2124;7;Normal;0.0010400000000000001;0.2013682258947523;0.00227;0.12769;0.00865;7.087202409544705e-05;-6.44853939966973
2125;10;Normal;0.00519;0.10764336161603279;0.0018;0.00125;0.00116;-0.002152549724188624;-4.409902102480579
2126;5;Normal;0.00055;0.14524935593660993;0.000745;0.09516;0.00422;-0.0005088067149313887;-7.331989694336191
2127;8;Normal;0.00136;0.06736380779023704;0.00116;0.03939;0.01387;0.0002796884866091504;-6.624619350784549
2128;1;Normal;0.00064;0.06376122489413139;0.000745;0.04157;0.00182;-0.0004065531988021915;-6.856528656282904
2129;4;Normal;0.00051;0.19945617037334293;0.0019;0.13185;0.00545;-0.0005363835574536733;-7.395124346529766
2130;1;Normal;0.000355;0.14828189066774136;0.00123;0.08534;0.00888;-0.00025077630944736885;-7.703211402864591
2131;5;Rubbing;0.07691;0.17679188075248253;0.012695;0.06621;0.00725;-0.0024310884565638406;-2.047475041061944
2132;1;Rubbing;0.00616;0.037647624095020926;0.001185;0.02273;0.00698;-0.0017085397873073031;-4.610059843063996
2133;5;Normal;0.0008849999999999999;0.05434037081213193;0.00178;0.033;0.00107;-0.0004221018591728295;-6.726789157594518
2134;3;Normal;0.00273;0.07059274750284196;0.000645;0.04468;0.01435;-0.002127390778903296;-5.40434971118545
2135;10;Normal;0.00126;0.13067452429605397;0.00134;0.00139;0.00141;1.9158258037965092e-05;-6.301057581776982
2136;1;Normal;0.00108;0.12723432555721748;0.00078;0.0857;0.00473;-0.0013929439087264452;-6.521111368735575
2137;4;Normal;0.003915;0.06520062269641295;0.001465;0.03979;0.01273;-0.0010304373781904032;-5.331431445228863
2138;6;Normal;0.5671900000000001;0.1577657675162771;0.007775;0.08177;0.00493;-0.0036449969100746395;0.3214431989719688
2139;3;Rubbing;0.014055000000000002;0.1041088785839133;0.00314;0.05581;0.00753;-0.0012537445400989155;-3.848032177486098
2140;7;Normal;0.001325;0.13205960661761795;0.00138;0.08584;0.01727;0.0008803115268095179;-6.6316370361147365
2141;10;Normal;0.001315;0.03328210329892028;0.000435;0.00035;0.00057;-0.00012185138547922521;-6.035166538837443
2142;9;Normal;0.001605;0.08905242893936133;0.0016150000000000001;0.05258;0.0064;5.321825635382262e-05;-6.28060583340382
2143;5;Normal;0.00038;0.06970701542886483;0.00067;0.04461;0.00469;-0.0004758116151017069;-7.532193732838092
2144;3;Rubbing;0.058135;0.09755795200802445;0.006710000000000001;0.03756;0.00522;-0.001853361577133917;-2.403925719566882
2145;5;Normal;0.000575;0.08237118367487505;0.00058;0.04739;0.00197;-0.0008295660037690332;-7.364738586340397
2146;5;Normal;0.00069;0.20005737227105627;0.0009350000000000001;0.11488;0.00203;-0.0008594985328673057;-7.003768888169573
2147;4;Faulty sensor;0.0047;0.15346943571929886;0.00119;0.0019;0.00035;-0.0018765692463994753;-4.838716747065315
2148;1;Unbalance;0.001655;0.2532513228000991;0.00291;0.16922;0.00427;-0.002305467930147588;-5.450941466372063
2149;1;Unbalance;0.0033949999999999996;0.33844038411513483;0.002435;0.21493;0.01473;-0.0014515900794773863;-5.345597743016127
2150;2;Normal;0.00093;0.15021662457930549;0.00096;0.08575;0.00248;-0.0002098714635577691;-7.086002296420885
2151;5;Normal;0.000825;0.1762117822394405;0.000955;0.1008;0.0038;-0.0003222987858522327;-7.107735813068222
2152;7;Normal;0.001;0.15955051112422047;0.00134;0.08762;0.00669;0.0004410100607610639;-6.9168099421377685
2153;10;Normal;0.001395;0.2838823272061859;0.001905;0.00145;0.00025;-8.848121616408436e-05;-6.066568546362322
2154;8;Faulty sensor;0.0038250000000000003;0.00755221159661195;0.00012;0.00412;0.00164;-0.0031974081741050404;-4.692542335400271
2155;5;Normal;0.00045;0.1455276056286229;0.0007650000000000001;0.09914;0.00429;4.2612216750926375e-05;-7.8445883651873896
2156;7;Normal;0.00176;0.21186604588748995;0.00174;0.11921;0.01402;-0.0005673783981984175;-6.154407955860095
2157;5;Normal;0.000445;0.1290916682051944;0.000735;0.08287;0.00073;-0.00037353672402209764;-7.714432492875975
2158;4;Normal;0.032085;0.18870165659050264;0.00292;0.12695;0.01372;-0.003420106670283786;-2.592775947078455
2159;9;Unbalance;0.00351;0.37968942821732604;0.003235;0.22527;0.02831;-0.0009202035748188228;-5.543678498109781
2160;5;Faulty sensor;0.034555;0.1646241759280817;0.003835;0.00661;0.00093;-0.002866879740603264;-2.5472808545521612
2161;7;Normal;0.00091;0.2166733871521835;0.00235;0.13411;0.00264;-9.318043064674703e-06;-6.757134837955539
2162;7;Normal;0.00119;0.06329991311210467;0.0008049999999999999;0.04167;0.01032;-0.0018331362021358983;-6.589604416063361
2163;8;Normal;0.003435;0.11538782214774661;0.00187;0.07507;0.01569;-6.978660843686018e-06;-5.933651928968305
2164;3;Normal;0.001245;0.13271778780555377;0.001165;0.08704;0.00367;-0.0010178365479802743;-6.484674532566719
2165;3;Normal;0.00135;0.0997653266420754;0.001045;0.05714;0.00952;-0.0007362545644921431;-6.479258692737698
2166;7;Normal;0.00103;0.12394600881028806;0.001455;0.07537;0.00479;-0.00012504989114139574;-6.575100632609423
2167;1;Normal;0.001295;0.1706489164923118;0.00325;0.09579;0.00766;0.0007468047303262379;-6.537917361391205
2168;9;Unbalance;0.00197;0.4347527253508596;0.0033350000000000003;0.25855;0.02016;-0.00021613173071537603;-6.206478398985798
2169;9;Misalignment;0.003545;0.259104638900966;0.0029649999999999998;0.15801;0.04998;-0.000701397576112785;-5.397286215085586
2170;9;Normal;0.00263;0.20605543598750312;0.0025;0.11669;0.00844;-0.0005118970644850197;-5.967014550286779
2171;5;Rubbing;0.132;0.2299268775067413;0.010955;0.10562;0.00831;-0.003086725151290278;-1.373622666605734
2172;3;Normal;0.00258;0.01801356988495062;0.00054;0.00976;0.00212;-0.0006640891019212345;-5.75616183042145
2173;1;Normal;0.001545;0.19769150917528047;0.0011;0.12479;0.00119;-0.0009190808931107355;-6.351285913720773
2174;7;Normal;0.00144;0.23297361524430188;0.001535;0.14066;0.00583;-0.0009774100758455503;-6.033274184513864
2175;4;Normal;0.00062;0.12307653797535904;0.002145;0.08216;0.01291;-0.0003104499711176523;-7.150344862466975
2176;9;Normal;0.004435;0.08531241761900785;0.00285;0.04244;0.00878;-0.00032107327288631083;-5.614857903169944
2177;4;Normal;0.0008049999999999999;0.22129084775471397;0.00228;0.12748;0.02025;-0.00023559662246319196;-6.8529479964407
2178;9;Normal;0.00131;0.08895605544312316;0.000815;0.05553;0.02238;0.0005510912748547086;-6.677644239192995
2179;5;Rubbing;0.077655;0.21541632598296723;0.001385;0.12294;0.00436;-0.0036754619197567565;-1.637927577891777
2180;6;Unbalance;0.00245;0.4847566476078487;0.00365;0.28024;0.00593;-0.0005980583310067167;-5.995650489203935
2181;3;Normal;0.001075;0.1786227152408114;0.00153;0.10858;0.00788;-0.0007448036223667222;-6.409803793870363
2182;7;Normal;0.0007650000000000001;0.18681197927327894;0.001505;0.11706;0.00647;0.00026680088538424566;-6.904072885358824
2183;0;Unbalance;0.0020499999999999997;0.386258367288011;0.00372;0.24103;0.0065;-0.002198033783703322;-5.646721353117984
2184;3;Normal;0.00109;0.21843364072413388;0.00114;0.13053;0.0046;-0.0007248646857607533;-6.415664514683038
2185;5;Normal;0.00091;0.13055700593993416;0.001455;0.08328;0.0035;-0.00032325892319366625;-6.572579004310303
2186;2;Normal;0.00114;0.20209307756575928;0.00111;0.1218;0.00486;-0.0008102853915677629;-6.759297741709265
2187;7;Normal;0.0011099999999999999;0.13441965295298153;0.00123;0.08504;0.00466;3.453622231775127e-05;-6.440626355917593
2188;4;Normal;0.00069;0.1871202167057317;0.00256;0.12594;0.02169;-1.0706248510433642e-05;-7.109463685202919
2189;10;Normal;0.00166;0.040930884427287914;0.00071;0.00082;0.00327;-0.0008032831050841908;-6.208033609157895
2190;4;Normal;0.001095;0.13889467232403122;0.00228;0.09293;0.02258;-0.0005386205400791796;-6.435410875455476
2191;10;Normal;0.002325;0.16361243656886232;0.001065;0.00081;0.00114;-0.0009313415228819926;-5.719792050489109
2192;4;Normal;0.0391;0.22024860953023065;0.00351;0.14732;0.00688;-0.003476959999622992;-2.3676662993565305
2193;6;Normal;0.00144;0.08747120840596635;0.001475;0.04995;0.00922;-3.438807827468889e-05;-6.338887721686037
2194;4;Normal;0.07709;0.15183082295765904;0.00723;0.07804;0.0204;-0.0016953634056811634;-2.134829956573935
2195;5;Faulty sensor;0.15808;0.04948532812864839;0.00415;0.01075;0.00101;-0.0030360620755360505;-1.160672502098081
2196;3;Normal;0.00054;0.08074723153148967;0.00078;0.05302;0.00568;2.9734515743678054e-05;-7.345837744802928
2197;7;Normal;0.00109;0.1767776496053729;0.00119;0.09967;0.00297;-0.0004903127473654152;-6.5190996844159645
2198;9;Normal;0.00315;0.09692301429485156;0.003575;0.04752;0.01504;-0.0002936662368644454;-5.311610278473594
2199;2;Normal;0.00101;0.10961265255434703;0.00111;0.06302;0.00694;-0.00043424623690229845;-6.708880421586353
2200;7;Normal;0.00094;0.1755470520971514;0.0012850000000000001;0.11637;0.00618;-1.5020316114759537e-05;-6.467265566971982
2201;5;Normal;0.000575;0.18227645925900582;0.000915;0.11525;0.00232;-0.0006366975235972797;-7.518910184482551
2202;2;Normal;0.00093;0.154380577470095;0.0013700000000000001;0.08883;0.00487;-0.001300276691666997;-6.503091495600779
2203;7;Normal;0.0008799999999999999;0.19250201375570075;0.00178;0.11942;0.00918;-1.966947521395324e-05;-7.0486845189982175
2204;10;Rubbing;0.00451;0.030216009001851982;0.0009350000000000001;0.00107;0.00287;-0.0015967809970098188;-5.017945151521607
2205;7;Normal;0.000995;0.07574903233705366;0.00073;0.04224;0.00641;6.444491456102147e-05;-6.578697805862503
2206;4;Faulty sensor;0.00331;0.00860942506791249;0.00048;0.00258;0.00023;-0.0018798386959340417;-5.228242221781049
2207;9;Normal;0.0023049999999999998;0.11542740489155942;0.00103;0.06942;0.00672;-0.0006213753762600367;-5.96516493669447
2208;0;Unbalance;0.00034;0.40304014613931455;0.0042;0.24059;0.00674;-0.0004690271076645392;-7.659819531279769
2209;8;Normal;0.001775;0.29229863222396374;0.00223;0.16567;0.01077;-0.0003222272823673935;-6.115596064888574
2210;6;Normal;0.0019649999999999997;0.2537468880597356;0.00294;0.15581;0.01172;0.0007288498262906169;-6.340309660384712
2211;5;Normal;0.00063;0.1642957242292081;0.00081;0.10899;0.00425;-0.0005635999233058968;-7.295000189832264
2212;7;Normal;0.001315;0.06196851619976067;0.001415;0.03827;0.00665;-0.00032892506748340616;-6.60368262867855
2213;1;Faulty sensor;0.61578;0.46306367672275917;0.03949;0.06859;0.01023;-0.0017168865932132309;-0.09285259816583125
2214;5;Unbalance;0.00599;0.3229602108619574;0.001655;0.22006;0.00263;-0.0032903943429459528;-4.3028249796666955
2215;9;Normal;0.00073;0.19671758513157894;0.0022;0.11683;0.01489;8.621890410151553e-05;-7.104164147733386
2216;4;Normal;0.00211;0.23327281174624703;0.0026750000000000003;0.15612;0.02415;-0.0015082995899283434;-5.664729440053978
2217;4;Normal;0.001135;0.13558950623112392;0.00223;0.08831;0.02233;-0.0006745860611796087;-6.356414906938372
2218;5;Normal;0.00067;0.21123961678624587;0.00088;0.12306;0.00632;-0.00037438826714946425;-7.22717472005123
2219;10;Normal;0.0015;0.08139726162470087;0.00086;0.00066;0.00024;-0.0011838281776784254;-5.888846867843355
2220;5;Normal;0.00023;0.0762825052027003;0.000575;0.04582;0.00163;0.000363524791265253;-8.119414286875724
2221;7;Unbalance;0.000785;0.3373759374940661;0.00331;0.21019;0.01559;0.0002402794843233634;-6.838504307135482
2222;6;Normal;0.00207;0.09964656040225373;0.00178;0.06055;0.02208;-0.0006531015817090073;-6.327117850615747
2223;1;Unbalance;0.00115;0.3448054635588015;0.0041600000000000005;0.22096;0.00175;-0.0006303177993839819;-6.039323301658926
2224;9;Normal;0.00503;0.2194376421674276;0.0020800000000000003;0.124;0.01942;-0.0005054853191789777;-5.06173699183389
2225;6;Unbalance;0.0027;0.4941388468841526;0.00398;0.31582;0.00387;-0.0005288665963530438;-6.384378066910076
2226;7;Unbalance;0.00139;0.267656423797375;0.00184;0.17731;0.00358;-0.0007167487703316274;-5.938963479290411
2227;5;Rubbing;0.03025;0.1265221775026023;0.001025;0.08148;0.00172;-0.003062618158964212;-2.6920679625075885
2228;10;Rubbing;0.0026049999999999997;0.0703295634850665;0.00136;0.00083;0.00025;-0.0005746795205370643;-5.544089007240399
2229;5;Normal;0.00099;0.1867873906343787;0.00103;0.10997;0.00273;-0.00135669973275486;-6.700136534060711
2230;5;Unbalance;0.00092;0.2815984058903743;0.00139;0.18687;0.00193;-0.0016373170274304604;-6.54981813349157
2231;9;Normal;0.004145;0.19059622005695706;0.001605;0.10927;0.01955;-0.0008406166948454564;-5.324756834692439
2232;4;Normal;0.00057;0.1224398570727686;0.00071;0.0794;0.01134;-0.00016658679360053965;-7.444088431396264
2233;3;Normal;0.005525;0.08881082141270849;0.00131;0.05205;0.00332;-0.0018699934823093042;-5.209391262577819
2234;4;Normal;0.00068;0.17650950852574487;0.00231;0.11895;0.0155;-0.00023489998071650513;-7.095438361909985
2235;1;Rubbing;0.02531;0.054850109389134316;0.001005;0.03055;0.00359;-0.003074242450301116;-3.092092284752455
2236;0;Normal;0.00092;0.17389616672025868;0.00206;0.10389;0.00323;-0.0021441985947652197;-6.387601718849778
2237;7;Normal;0.001165;0.06837741147484307;0.00089;0.03977;0.00225;8.351989189110211e-05;-6.574837465900832
2238;9;Normal;0.00153;0.15171741363469127;0.00145;0.09711;0.01265;-0.0001364306320783543;-5.7465053019838
2239;4;Misalignment;0.0012950000000000001;0.2880097727508565;0.00279;0.19118;0.0304;-0.0006686363307820518;-6.576053506898972
2240;6;Normal;0.0014;0.24310907798763912;0.001895;0.14735;0.01377;0.00027953907667975064;-6.67898960279153
2241;8;Normal;0.00098;0.17563348370968448;0.00277;0.10259;0.00176;0.0012011872305593807;-7.0681750127227225
2242;5;Normal;0.00049;0.1528530189430356;0.00083;0.08774;0.00144;-0.00046339224063529053;-7.480309899248535
2243;4;Normal;0.0757;0.09333289291562755;0.006070000000000001;0.04121;0.00916;-0.0026827141550507944;-1.6737216259381413
2244;5;Normal;0.00074;0.1947356582652494;0.00092;0.1214;0.00447;-0.0006045628993957187;-6.82919161966367
2245;8;Normal;0.00214;0.07794198611788129;0.0019399999999999999;0.03987;0.00117;0.0006019573198682501;-6.328576725185028
2246;4;Normal;0.00393;0.18772758108493273;0.0017000000000000001;0.11915;0.02066;-0.002405286874169997;-5.011472622673353
2247;5;Normal;0.00041;0.05260239158061162;0.00022;0.03019;0.00387;-0.0014226318362327152;-7.5150244336719485
2248;10;Rubbing;0.00326;0.08243390564567472;0.001225;0.00105;0.00055;-0.0009407590113231081;-5.223421564236536
2249;8;Unbalance;0.001425;0.28087633631190795;0.0019850000000000002;0.17114;0.00921;9.77679206793849e-05;-6.465817288760931
2250;6;Normal;0.00106;0.2497297553356428;0.00284;0.15598;0.01068;-0.00027811268879630207;-6.790701348261841
2251;4;Normal;0.00252;0.1896043158791487;0.00157;0.12039;0.01251;-0.002670156929195322;-5.345813951315795
2252;5;Normal;0.00055;0.0664738647891034;0.00042;0.0414;0.00173;-0.0003021800593064807;-7.296133277053729
2253;0;Normal;0.00024;0.0589004533089517;0.000505;0.03955;0.01705;0.00046757030782992366;-8.114813151599238
2254;8;Normal;0.001715;0.2362003727770132;0.002215;0.13861;0.00706;0.0005488869638009958;-6.460200685480421
2255;4;Faulty sensor;0.00234;2.221899222152076;0.008545;0.02399;0.00069;-0.001917781156674024;-5.570060083938972
2256;5;Rubbing;0.01907;0.020302571265728882;0.0010400000000000001;0.01094;0.00157;-0.0030105032506210754;-3.278293064843403
2257;7;Normal;0.00109;0.13267325615963452;0.001845;0.08211;0.01726;0.000516009263840096;-6.965700219632909
2258;1;Normal;0.005775000000000001;0.11711319780451732;0.001235;0.06505;0.00081;-0.00260786935440885;-4.6073637113840356
2259;4;Faulty sensor;0.00078;0.2660039651960098;0.00134;0.00396;2e-05;-0.002678770661719561;-6.4680503667104245
2260;10;Normal;0.00075;0.09478442224332015;0.001185;0.00128;0.00074;-0.0008498352091766627;-6.583855108446805
2261;5;Normal;0.0007;0.13609090491285594;0.00065;0.07868;0.00158;-0.0007208219916761602;-7.224585883952664
2262;3;Normal;0.00138;0.13173164122563719;0.00122;0.08644;0.00107;-0.0011429489636368897;-6.276218026467458
2263;7;Normal;0.001055;0.20999487303265285;0.00148;0.1186;0.01521;-7.407984104196585e-05;-6.17838377867701
2264;7;Normal;0.00057;0.030339517135247882;0.00063;0.01747;0.00387;-0.001695318968115026;-7.049841917497731
2265;10;Normal;0.0020350000000000004;0.10800591604166873;0.00164;0.0013;0.00018;-0.0007023625556191925;-5.84365648384648
2266;6;Normal;0.002915;0.06677206376921414;0.00083;0.04269;0.00636;0.000603820409606376;-5.641604830946771
2267;8;Normal;0.001435;0.07543591916322091;0.00133;0.0415;0.00843;0.0011076891137932108;-6.7649132740495
2268;1;Normal;0.00077;0.05606365846071767;0.0009;0.03744;0.00724;-0.0007726423940911276;-6.6368804518509545
2269;1;Normal;0.011045;0.11560286717897614;0.002395;0.06913;0.00288;-0.003299932377091602;-3.488292953740345
2270;0;Normal;0.00025;0.19981774145455652;0.001925;0.12455;0.02169;-8.038391327943804e-05;-7.998091229268701
2271;5;Normal;0.00034;0.14898559863288802;0.0007199999999999999;0.09758;0.00506;-0.0003185570234523992;-7.68707085199549
2272;3;Normal;0.00124;0.12067965984373671;0.00109;0.07936;0.00436;-0.00041324856244731855;-6.620957201355331
2273;7;Normal;0.00069;0.10814382645347814;0.00154;0.06271;0.00652;0.0007241347250608846;-6.900623113674273
2274;4;Normal;0.00156;0.12576932058336007;0.004255;0.07529;0.00246;-0.0007112754656335926;-6.569425326077898
2275;8;Normal;0.001715;0.2921884354316577;0.00193;0.16576;0.01731;-0.00028383102504153353;-6.3723620643588
2276;1;Normal;0.000785;0.140266615058609;0.00112;0.08921;0.01101;0.0009944600451974445;-7.334892448589519
2277;7;Normal;0.000565;0.13701827834270872;0.001505;0.08506;0.01263;0.0008496807174241418;-7.762110871385494
2278;2;Normal;0.00082;0.051787474354326256;0.00042500000000000003;0.03113;0.00848;-0.001006903099311243;-6.71227776050429
2279;2;Normal;0.00145;0.09400756884421593;0.00101;0.05664;0.00608;-0.0006546147873498076;-6.670778325837576
2280;4;Normal;0.00065;0.11981469400703738;0.00189;0.08047;0.03011;-8.864357269073335e-05;-7.188802470788325
2281;6;Unbalance;0.00192;0.3378297288576007;0.0025050000000000003;0.19597;0.00332;-0.000328592618129656;-6.058464054494878
2282;10;Normal;0.00115;0.10173336178461814;0.001275;0.00116;0.00024;-0.000501895046372757;-6.366264890443207
2283;7;Normal;0.001205;0.2494036150499828;0.00193;0.14971;0.00734;1.9344483344063897e-05;-6.503639109304947
2284;2;Normal;0.00029;0.10100579834841165;0.00084;0.06202;0.00177;0.0002567442199811495;-7.76261230212573
2285;8;Normal;0.00087;0.24212823214156584;0.0027150000000000004;0.14109;0.01108;-0.0006016467026398872;-6.529742276144011
2286;10;Normal;0.00215;0.09491290744677458;0.001935;0.00145;0.00095;-2.4425575372687362e-05;-6.109271640440827
2287;5;Normal;0.0013;0.01375287606284591;0.00032;0.00865;0.00766;-0.001985863478923739;-6.062978844049717
2288;8;Normal;0.000985;0.08448420266535041;0.00164;0.04704;0.00423;0.000811831348696914;-7.029957175596351
2289;10;Normal;0.000665;0.14023387179993285;0.001335;0.0011;0.00085;-0.0009711166474635322;-6.580962771533972
2290;7;Normal;0.00101;0.050610089903101334;0.0008049999999999999;0.02807;0.01492;0.0005497749735351012;-6.693433631684958
2291;0;Normal;0.00026000000000000003;0.05026747855224091;0.00159;0.02717;0.00388;0.0005008990449250956;-8.058080924733664
2292;4;Normal;0.00117;0.16216294243753718;0.00202;0.09306;0.01446;-0.001081588246541693;-6.650958393507219
2293;3;Normal;0.00094;0.12526849324550846;0.00091;0.08157;0.01272;-0.0008020670802208916;-6.425121532531367
2294;8;Faulty sensor;0.008494999999999999;0.005294723788829782;0.0002;0.00323;0.00073;-0.0032512572476149654;-3.984277859075566
2295;9;Unbalance;0.00229;0.31225084179230006;0.00195;0.18525;0.00941;-0.00040781924333219485;-6.171230441192
2296;9;Normal;0.0043;0.09851110241998107;0.00472;0.05264;0.00468;-0.00041988245022698254;-5.232398940058616
2297;0;Normal;0.00031;0.25873395815006583;0.00312;0.15423;0.01275;-0.0008756768732874002;-7.606068344054144
2298;5;Rubbing;0.015545;0.13980347384811295;0.000795;0.0897;0.00447;-0.003191222091806414;-3.391835619364769
2299;7;Normal;0.00045;0.19742860760284972;0.00131;0.11806;0.00956;-8.583542275434873e-05;-7.308381695401261
2300;6;Normal;0.00116;0.18853781000107112;0.001895;0.11481;0.00469;-5.210030766533844e-05;-6.276018696755782
2301;6;Normal;0.002105;0.11764836887947067;0.00103;0.07212;0.00373;-0.00045155519365452576;-6.248110301637985
2302;5;Normal;0.00148;0.04623843314819394;0.00101;0.03025;0.00272;-0.0014114584285320464;-5.946712056272583
2303;5;Normal;0.0008849999999999999;0.1097930398522602;0.0007700000000000001;0.06898;0.00498;-0.00010427449486516242;-7.113033520046492
2304;3;Normal;0.0018700000000000001;0.047861827169467734;0.00048;0.03112;0.01154;-0.0015083974944319946;-5.714595257089562
2305;9;Normal;0.001015;0.14802905660714047;0.00128;0.08697;0.00768;-0.0005470734400900354;-6.742976301083867
2306;8;Unbalance;0.00209;0.35168612312685865;0.00341;0.2112;0.00946;-0.0003183573347657463;-6.231776220184618
2307;9;Normal;0.00164;0.12125359128702126;0.001305;0.07743;0.02256;0.0005169476682645121;-6.644954720459759
2308;3;Normal;0.001175;0.06739920919417379;0.000985;0.04524;0.00721;-0.0008507552988294735;-6.529758313312441
2309;3;Normal;0.000955;0.0520341743472499;0.00102;0.0281;0.00511;-0.00027323694411650286;-6.654166871438381
2310;2;Normal;0.000795;0.130068912504103;0.00111;0.07326;0.00371;-0.0008677453809555242;-6.720061142215235
2311;10;Normal;0.001155;0.20342910460403643;0.00111;0.00092;0.0002;-0.0003531691021726375;-6.266885130906862
2312;10;Normal;0.000445;0.03695349103941331;0.00072;0.00073;0.00038;-0.000351609960788005;-6.982214277805664
2313;5;Normal;0.00087;0.20593339238695604;0.00079;0.11906;0.0022;-0.0010590305233945621;-6.770229225362801
2314;4;Normal;0.0228;0.09307306968183655;0.00234;0.06101;0.02763;-0.003453701386978725;-2.877854322017469
2315;1;Normal;0.000415;0.16420597218128213;0.002005;0.09219;0.00141;0.00027492337154394144;-7.127225259496041
2316;4;Normal;0.00098;0.19601343193771184;0.00385;0.12092;0.025;-0.00021010664165380094;-6.6664308684936495
2317;4;Misalignment;0.00077;0.18573948718568162;0.0027749999999999997;0.12426;0.03508;3.700219165541357e-05;-6.929122769573624
2318;7;Unbalance;0.001245;0.4021814722236717;0.00316;0.25276;0.01155;-0.0006976445459739477;-6.3077512500561
2319;7;Normal;0.00065;0.04656299496381219;0.00051;0.02875;0.00454;-0.00023930889685972104;-6.847896874824446
2320;8;Normal;0.0021;0.10899568982303841;0.0022449999999999996;0.04592;0.00869;-0.0002657631818320694;-6.1801417289338465
2321;8;Normal;0.00175;0.04810938681795893;0.00047000000000000004;0.02919;0.00755;-0.001101154159442292;-6.173090061600904
2322;1;Normal;0.00084;0.0843168731630864;0.000905;0.04785;0.00386;-0.0006324215083378142;-6.794029447962026
2323;3;Normal;0.0014;0.2179173802155303;0.00197;0.1325;0.00962;-0.0005013778640091087;-6.366088714950413
2324;1;Normal;0.00047999999999999996;0.0988379906716036;0.00152;0.06473;0.00511;-0.0005062611165178113;-7.314353142100181
2325;8;Normal;0.00142;0.10232767563078915;0.00202;0.04508;0.00124;-0.0001691347704029303;-6.359261603248194
2326;6;Normal;0.00084;0.17268150480002192;0.00207;0.10263;0.01075;0.0004459019736458207;-7.26423607809998
2327;5;Normal;0.00061;0.14223439879297833;0.00072;0.08234;0.00258;0.00010851101523348488;-7.579194066894403
2328;4;Normal;0.00189;0.12733960774244596;0.0021;0.08527;0.01739;-0.001348748876274482;-6.21225264276492
2329;5;Normal;0.00212;0.12758912061770783;0.00123;0.08171;0.00391;-0.0017179551935271474;-5.6194093872585995
2330;7;Normal;0.00062;0.08654796184775237;0.001795;0.04968;0.00549;0.0010686550033496443;-7.216823406711095
2331;8;Normal;0.001085;0.19385816258285335;0.00207;0.11373;0.00982;-0.0008392137594554602;-6.515013966442149
2332;1;Normal;0.002025;0.015494479662124831;0.00074;0.00611;0.01199;-0.0008772522159578859;-6.108685518217871
2333;2;Normal;0.00087;0.17313679014005082;0.00141;0.0998;0.00539;-0.0010103887538160656;-6.541273157323785
2334;3;Normal;0.001305;0.10133314660070517;0.001015;0.06431;0.00793;-0.00044842799682823486;-6.640733274009379
2335;4;Normal;0.00824;0.09576408773647875;0.000875;0.06429;0.0233;-0.003149213132191278;-3.9644142221552627
2336;5;Normal;0.000565;0.05560503214638043;0.00077;0.03257;0.00349;-0.00024212793793984495;-7.068706711648608
2337;9;Normal;0.00153;0.17200492841776366;0.001885;0.10996;0.01866;-0.0006384497434006891;-6.230147837071565
2338;10;Normal;0.00074;0.03755375746846113;0.0013;0.002;0.00061;0.0003214637386066314;-6.613512999228214
2339;8;Normal;0.00123;0.14857648569003107;0.001505;0.09077;0.00562;0.0003025388973635637;-6.685708954162441
2340;6;Normal;0.00091;0.07985531416255276;0.00129;0.04833;0.00143;0.0004914894471847167;-7.063670940307598
2341;4;Faulty sensor;0.005090000000000001;0.7269689430092595;0.00299;0.00792;0.0001;-0.002505613050717042;-4.733330176153559
2342;5;Rubbing;0.11069;0.14488853784892716;0.00351;0.09452;0.00135;-0.002653960116354053;-1.5331354469245178
2343;5;Faulty sensor;1.285335;0.34189114583446;0.028075;0.06028;0.0073;-0.0031356175980005825;0.9917427943715198
2344;9;Normal;0.005265000000000001;0.08433656680230704;0.00166;0.04634;0.01487;-0.0011930620697875106;-5.251706348436471
2345;3;Normal;0.0036249999999999998;0.04029929031633187;0.00061;0.02532;0.00848;-0.0026477908019309905;-5.071557917596883
2346;10;Normal;0.00136;0.038129021755088345;0.00038;0.00033;0.0004;-0.0001221160872106196;-5.955882688107518
2347;4;Unbalance;0.00199;0.3120332059252669;0.00512;0.1992;0.02172;-0.0005487168247123407;-6.322079271495209
2348;4;Normal;0.01579;0.08368147524990223;0.00186;0.0547;0.01798;-0.0032520891717211834;-3.3486468560362868
2349;6;Normal;0.0019450000000000001;0.1837243573944402;0.00162;0.10876;0.01302;0.00020012568634948565;-6.385573379654291
2350;9;Normal;0.00211;0.12731080354785293;0.00206;0.07842;0.01143;0.00024672482121933817;-6.047313015161657
2351;1;Normal;0.000715;0.10724184724257597;0.001185;0.06719;0.00224;-0.000513021119145112;-6.820408993976581
2352;7;Unbalance;0.0007;0.43396603288736785;0.0036750000000000003;0.27184;0.00941;-0.00034694944568302454;-6.564021460163947
2353;7;Normal;0.00065;0.06770877343446711;0.00095;0.03281;0.00758;-0.00017492434357263518;-6.97651050903158
2354;9;Unbalance;0.0024200000000000003;0.39682058653754343;0.003125;0.24449;0.02859;-0.0005339288417574403;-5.748837419059507
2355;1;Normal;0.00105;0.1881870763362883;0.00099;0.10901;0.0076;-0.0020476765300142213;-6.141557737483088
2356;1;Normal;0.000325;0.05414568219165772;0.0004;0.03078;0.00204;0.0007487361229517894;-7.727333033036526
2357;7;Normal;0.0007999999999999999;0.060794183109899584;0.00055;0.03497;0.00381;-0.00015814713140855128;-6.708623557358201
2358;10;Normal;0.002525;0.07226554088914024;0.001725;0.00134;0.00111;-0.0010282738567726794;-5.640327367651988
2359;3;Normal;0.00122;0.07848108880488344;0.0013800000000000002;0.04504;0.01177;-0.0007775810148253547;-6.420847386106247
2360;10;Normal;0.00068;0.14946899511269884;0.001435;0.00072;0.00095;-0.0006549231887993538;-6.977584183125292
2361;10;Normal;0.00157;0.04811183742074294;0.001;0.00074;0.00081;-0.0014300096926234951;-5.909334867919465
2362;9;Unbalance;0.00385;0.33572503689775657;0.0024200000000000003;0.20796;0.0135;-0.00040411224168776023;-5.454732512086683
2363;2;Normal;0.000865;0.1373368723249514;0.001765;0.08425;0.00933;-0.00019979843434371857;-6.684334363454854
2364;5;Unbalance;0.0008849999999999999;0.29724620939551105;0.001835;0.17348;0.00117;-0.0004838754280612376;-6.637839025937764
2365;2;Normal;0.00088;0.06947012307459949;0.00051;0.04309;0.01185;1.088822351175969e-06;-6.773657205378488
2366;5;Faulty sensor;0.15808;0.04948532812864839;0.00415;0.01075;0.00101;-0.0030360620755360505;-1.160672502098081
2367;5;Rubbing;0.09861;0.06314979176529405;0.00139;0.03506;0.00261;-0.0037233615520590986;-1.382051150900049
2368;8;Normal;0.00156;0.1592927848334632;0.001345;0.09926;0.00997;0.0004170901283638388;-6.958879673994504
2369;2;Normal;0.000945;0.06117424948456662;0.00048;0.0387;0.00197;-0.0005262357066686518;-6.663671769644709
2370;8;Faulty sensor;0.007549999999999999;0.005910059221361492;0.00016;0.00338;0.00087;-0.0032346409594862487;-4.086309456447324
2371;4;Normal;0.00078;0.0877299578251352;0.00136;0.05885;0.0258;-0.000853537275970271;-6.604049751414194
2372;6;Normal;0.00174;0.022556269638395444;0.001395;0.0061;0.00624;-0.00027401028284542204;-6.01857539577119
2373;10;Normal;0.000725;0.11818221989791865;0.001655;0.00064;0.00055;-0.0010544516036471675;-6.542253226510809
2374;2;Normal;0.000745;0.03607435238503943;0.000415;0.02165;0.00136;-0.001351324157379426;-6.786628564962543
2375;6;Normal;0.001445;0.25241810533319514;0.00265;0.15517;0.00801;0.000563601829572765;-6.395243751087431
2376;4;Faulty sensor;0.00505;0.030658856795386224;0.000445;0.00298;0.00023;-0.0026177286436994576;-4.625730413521451
2377;6;Unbalance;0.001385;0.3384991819783321;0.00446;0.20094;0.0112;2.482939085512943e-05;-6.183191975773084
2378;1;Normal;0.00102;0.17771395668320483;0.0012100000000000001;0.10951;0.00305;-0.000587325698014972;-6.353841755016132
2379;0;Unbalance;0.00041;0.2963735951463963;0.002555;0.19311;0.00958;-0.0005037964215558218;-7.549464724007232
2380;8;Faulty sensor;0.00903;0.0055187045581368095;0.00022;0.00342;0.00081;-0.003310477458263758;-3.8897145477609425
2381;5;Faulty sensor;1.036505;0.25534964832558515;0.02223;0.03842;0.00591;-0.0032665570367004307;0.8502357717307044
2382;7;Unbalance;0.00139;0.4716523426211302;0.00421;0.26854;0.01397;-0.0003133564474330255;-6.338495016860938
2383;10;Normal;0.00089;0.17986182585529373;0.00116;0.00084;0.0008;-0.0004189098176736518;-6.619504542944364
2384;8;Faulty sensor;0.00817;0.009660119046885499;0.00023;0.0047;0.00031;-0.003258641933106582;-4.015555195881651
2385;1;Normal;0.00063;0.15051153610271872;0.001325;0.09834;0.00333;-0.00025054628155514165;-6.839992300389713
2386;7;Normal;0.00123;0.10025118752413859;0.0009699999999999999;0.06381;0.00803;0.00038937089920107264;-6.751471505224913
2387;8;Normal;0.0021149999999999997;0.059373258290243765;0.00133;0.02598;0.01585;0.0005453569247247934;-6.302903112450092
2388;7;Normal;0.00091;0.2063107779540371;0.0016849999999999999;0.11968;0.01527;-0.0003499830557582129;-6.860003830167268
2389;1;Normal;0.00051;0.04501248160232893;0.00059;0.0292;0.00388;0.0003052510781544056;-7.127359959673964
2390;4;Normal;0.00065;0.2503756088360046;0.001635;0.15709;0.00268;-0.0010322462590820229;-7.039301237033778
2391;9;Normal;0.00253;0.024860512866793395;0.000725;0.01509;0.01494;-0.000756432731184277;-5.754918298502357
2392;7;Normal;0.00128;0.11957823255091204;0.00121;0.07126;0.00419;-0.00021824406863222223;-6.737841661477096
2393;4;Normal;0.000715;0.23657377749869068;0.001555;0.15026;0.01294;-0.0005358886240353158;-7.023792390067784
2394;6;Unbalance;0.001885;0.41404189389480867;0.00329;0.23941;0.01062;-0.0007579550464011047;-6.0352931813238575
2395;7;Normal;0.000775;0.03831514322040308;0.00059;0.02508;0.00588;-0.0003788362517142505;-6.878321096822568
2396;10;Normal;0.00114;0.1574723509064369;0.001115;0.00103;0.00025;3.3320533567683165e-06;-7.178605504118699
2397;7;Normal;0.0007999999999999999;0.10923298174086432;0.0009;0.06142;0.00767;7.400165217740588e-05;-6.7125914324212435
2398;9;Normal;0.00229;0.14189805002183786;0.00176;0.08835;0.00128;-0.00038128860860489123;-5.474321418543968
2399;5;Normal;0.00151;0.04905326798491615;0.000895;0.03072;0.0036;-0.0015608401942228424;-5.802764824194407
2400;8;Normal;0.001915;0.26035991934243646;0.00147;0.15903;0.01462;-0.0004816137017896333;-6.275030082120965
2401;7;Normal;0.00098;0.042242610004591334;0.00045;0.02793;0.00322;9.661697374375239e-05;-6.448600415954325
2402;1;Normal;0.00059;0.04050319987359024;0.00116;0.02162;0.00266;0.0003300640511039731;-7.496937151876407
2403;3;Normal;0.001225;0.27376836851616;0.0018449999999999999;0.1591;0.00861;-0.0011239501646804516;-6.2164754609852135
2404;9;Normal;0.000715;0.015975722205897297;0.00053;0.00946;0.01469;0.00011903249586668179;-6.782496661203376
2405;7;Normal;0.001355;0.07004822909967104;0.000405;0.04684;0.02128;-0.0005082328163017168;-6.625554576456789
2406;7;Normal;0.0011;0.1273593632207699;0.00173;0.08409;0.01063;0.0012378438532043073;-7.062206782315147
2407;10;Normal;0.00148;0.042591047181303264;0.000915;0.00089;0.00061;-0.00207461585371544;-5.723007068252423
2408;4;Normal;0.00062;0.053228200232583484;0.0006850000000000001;0.0337;0.02276;-0.00044644629874328497;-6.947275895994715
2409;9;Misalignment;0.00306;0.27491483081128965;0.002105;0.16275;0.04548;-0.00044686447418325803;-5.836441498439649
2410;10;Normal;0.011685000000000001;0.1383096457229213;0.00135;0.00094;0.00098;-0.002856755724080212;-3.6671727206281357
2411;10;Normal;0.00102;0.09316084585275082;0.00119;0.00125;0.00053;-0.0004002082237755386;-6.4405064369509075
2412;8;Faulty sensor;0.003575;0.007874668246980314;0.00013;0.00428;0.00178;-0.003051772208560739;-4.7929933573486405
2413;8;Normal;0.000995;0.1267526378423739;0.001075;0.07382;0.00029;-0.00027251449535224047;-6.815679398805799
2414;0;Normal;0.00037;0.24768675196707635;0.00228;0.16149;0.00829;-0.001435250377859152;-7.213049985994972
2415;8;Normal;0.00131;0.06022807152815039;0.00066;0.03726;0.00169;0.0007620819019658406;-7.060751984938845
2416;1;Normal;0.00068;0.09020823299455544;0.00224;0.058;0.00901;0.00013026335094259032;-6.804601034397714
2417;9;Normal;0.001745;0.052691581870351945;0.00159;0.03126;0.00946;0.00020516619741531937;-6.40919722673083
2418;8;Faulty sensor;0.006945;0.0057581333781009285;0.000165;0.00343;0.00087;-0.003242217228343006;-4.153153226976253
2419;5;Faulty sensor;0.00011;0.0003392639090737475;0.0;0.00023;2e-05;-0.003589058600764917;-8.228601680833215
2420;5;Faulty sensor;0.31924;0.06475052509439595;0.00522;0.01042;0.00259;-0.003257698039422698;-0.5230206491622897
2421;7;Normal;0.00128;0.2636870755270345;0.00263;0.1641;0.01861;-0.0010547906404045609;-6.663003892215601
2422;3;Normal;0.00129;0.1870060477631673;0.00145;0.1084;0.00516;-0.0009924457457695342;-6.361015459232224
2423;9;Normal;0.003;0.07002550106925333;0.00113;0.04311;0.00614;0.0012730357301535768;-6.1879283612998925
2424;7;Normal;0.0009350000000000001;0.020994899380563842;0.000435;0.01236;0.01284;0.0010903529924636926;-7.026036334768909
2425;2;Normal;0.000505;0.16999978823516224;0.0009;0.10253;0.00422;-0.0004514823953043831;-7.433078882959025
2426;0;Normal;0.00034;0.25159212050459767;0.00241;0.1505;0.00921;-0.0005710414853794698;-7.6132434376161475
2427;1;Normal;0.00246;0.05569748827370943;0.00068;0.03194;0.00804;-0.001662971366140853;-5.246926604811271
2428;8;Normal;0.001365;0.16777409990818012;0.00175;0.10093;0.01025;0.00033306278501020047;-6.646831011944453
2429;4;Normal;0.000725;0.17185740600858607;0.0022449999999999996;0.1159;0.01555;-0.00031691352508797635;-7.053904877371069
2430;10;Normal;0.001045;0.14062781872730587;0.00091;0.00083;0.00082;0.0008579536594523939;-6.648767648156738
2431;9;Unbalance;0.00152;0.29696216981292417;0.00206;0.18435;0.01327;-0.0006079363502583317;-5.884718351964713
2432;7;Normal;0.001085;0.23595603615928118;0.00223;0.13904;0.00801;0.00013353804824361626;-6.597467279776106
2433;6;Normal;0.0026550000000000002;0.02314688747974552;0.001855;0.00451;0.00223;-0.00021951010854491767;-5.97377787597125
2434;1;Normal;0.00045;0.02314438592834124;0.00095;0.01307;0.00984;-0.0005330644033456096;-6.940203425054322
2435;7;Normal;0.0009350000000000001;0.18999156270740022;0.0021200000000000004;0.11552;0.01058;0.000910263279971014;-7.148839369232785
2436;7;Normal;0.001095;0.27376006173289774;0.00273;0.15257;0.00462;-0.0001985571861066956;-6.874205299412187
2437;3;Normal;0.00131;0.18551969356378314;0.0013;0.12116;0.00143;-0.001043420171007282;-6.323495426117804
2438;1;Rubbing;0.00666;0.08884309145904368;0.0015;0.05496;0.00708;-0.002191081180357244;-4.357718590645899
2439;1;Normal;0.00023;0.09142461320672897;0.0007;0.05237;0.00426;-0.00035790909239718637;-7.856724983013908
2440;8;Normal;0.00164;0.07825850560801681;0.00151;0.04519;0.00267;0.0014847089500890894;-6.476300583091916
2441;1;Normal;0.000415;0.21581537155633745;0.002635;0.1209;0.00179;-0.00028428888536113163;-7.515761469481306
2442;7;Normal;0.00102;0.06802874980477004;0.00091;0.04475;0.00827;0.0005408271458996294;-6.860781797620373
2443;6;Normal;0.00263;0.22480932565176207;0.0023899999999999998;0.13669;0.01264;-0.00014787628052558222;-6.061533178675202
2444;4;Unbalance;0.001375;0.28613940186559417;0.00282;0.19308;0.03352;-0.0010156126449126484;-6.20784532872438
2445;4;Normal;0.00231;0.08660941115144474;0.001855;0.05537;0.02933;-0.0018209979574614454;-5.495907515385582
2446;1;Normal;0.002745;0.11314640206387476;0.001385;0.06504;0.00783;-0.0018288067174642138;-5.434223954835698
2447;10;Normal;0.00275;0.24176899408319505;0.001555;0.00131;0.00047;-0.0011363769330035845;-5.732409185282435
2448;5;Normal;0.000755;0.20560580463595865;0.001075;0.13644;0.00253;-0.001443444147126683;-6.699483827056003
2449;1;Normal;0.00071;0.259643019547994;0.001655;0.15033;0.01129;-0.0010438614247281785;-6.806003758074781
2450;7;Normal;0.00089;0.07885519703862263;0.00038500000000000003;0.04573;0.01261;-4.400213758604102e-05;-6.817713563941122
2451;9;Unbalance;0.002725;0.3389107974084036;0.0022449999999999996;0.21068;0.0135;-0.0008438481038746372;-5.394671487636434
2452;10;Normal;0.00338;0.051235103200832924;0.00194;0.00243;0.0064;-0.0007510897888207088;-5.481669018583368
2453;10;Normal;0.001805;0.16763024548093935;0.00085;0.00062;0.00073;-0.0011144559126782568;-6.146885481773871
2454;4;Unbalance;0.0007;0.2899611949899503;0.001815;0.16848;0.00446;-0.0005928262845953512;-7.1779048742335245
2455;4;Faulty sensor;0.003235;1.3036307151950663;0.0074199999999999995;0.05864;0.00076;-0.002624487090446407;-5.055031857893214
2456;7;Normal;0.00141;0.24352508453956032;0.00212;0.14645;0.0141;-0.0011586557108719936;-6.440066314303635
2457;10;Normal;0.00265;0.12612415192975532;0.00132;0.00161;0.00675;-0.001017731121054895;-5.374299382577345
2458;5;Normal;0.00065;0.17953341471714954;0.0008799999999999999;0.11601;0.00681;-0.0008058462287927734;-6.969527357683047
2459;1;Normal;0.00058;0.25528468069980226;0.00206;0.16213;0.00258;-0.00021934154593682332;-6.95112242060735
2460;6;Unbalance;0.00114;0.49014418888731104;0.00378;0.30234;0.00372;-0.0007656260985198132;-6.5182673539505025
2461;10;Normal;0.00148;0.2188927182434354;0.002025;0.00274;0.00061;0.0007382334905186029;-6.309053134921168
2462;1;Normal;0.0007650000000000001;0.0332580681940488;0.000795;0.02009;0.0077;0.0002560400495142049;-7.433384495520871
2463;5;Normal;0.001095;0.08393415871979656;0.00097;0.0563;0.00489;-0.0010040540225848514;-6.377164805452563
2464;5;Unbalance;0.00115;0.38047452910806;0.0016749999999999998;0.2185;0.00216;-0.001758188752462857;-6.414028603352091
2465;7;Normal;0.0008;0.10921465560995007;0.00117;0.06425;0.00329;0.0003826635921885995;-6.836745524681021
2466;8;Faulty sensor;0.009365;0.005385564037313084;0.00022;0.00331;0.00077;-0.003333990387293262;-3.8680158220211007
2467;3;Normal;0.00083;0.15353379269724304;0.00117;0.1;0.0021;-0.0006499109279418611;-6.491339236715643
2468;4;Normal;0.00058;0.0837470614409843;0.00079;0.05394;0.01942;-0.0002656199061041868;-7.161894302153753
2469;0;Normal;0.00029;0.09747792929684133;0.00072;0.0619;0.00892;0.0007554468623084595;-8.002201379692503
2470;0;Normal;0.00041;0.2405395979875247;0.0014399999999999999;0.16216;0.00564;0.00022089803860232994;-7.6607846947745095
2471;2;Normal;0.000795;0.08460397153798396;0.0008799999999999999;0.05026;0.00391;-0.00038506244906647084;-6.952765767673177
2472;10;Rubbing;0.022655;0.0834890370048667;0.001745;0.00181;0.00119;-0.0028831864306582476;-3.075253439807658
2473;10;Normal;0.0025700000000000002;0.0560301829374133;0.000835;0.00115;0.00029;-0.0008536402711319428;-5.551455135532309
2474;7;Normal;0.00064;0.031947045246783;0.00108;0.0182;0.02316;0.0006081940715343929;-7.659613224922284
2475;9;Unbalance;0.00312;0.34071416289904943;0.0025;0.21161;0.01471;-0.001052583876315283;-5.528840010774442
2476;7;Normal;0.000835;0.1233684680135082;0.000845;0.07344;0.00415;-0.00027136396465179757;-6.790227521161785
2477;5;Normal;0.00149;0.08176514232850084;0.000635;0.04754;0.00257;-0.0015529576918783834;-6.082457821448789
2478;4;Normal;0.009115000000000002;0.15755864146405935;0.00129;0.10023;0.00576;-0.00324172075192612;-3.9465290961730948
2479;1;Normal;0.000535;0.20330016920799648;0.001715;0.11708;0.00221;-0.00010321933238522717;-6.9901054801523035
2480;6;Unbalance;0.0022199999999999998;0.4420375128877639;0.003465;0.28265;0.00347;-0.000446798463963115;-6.454929377498724
2481;4;Normal;0.0009350000000000001;0.11371410466604397;0.003325;0.06977;0.00804;0.0001522714779056725;-6.915838764471196
2482;4;Normal;0.001165;0.1699551273130646;0.00255;0.11464;0.03019;-0.000976530432691378;-6.569032232762604
2483;7;Normal;0.00103;0.14552327751944016;0.001065;0.08205;0.00605;-0.0009565176353958753;-6.367867117729276
2484;7;Normal;0.00058;0.2065324935694139;0.001105;0.12332;0.00427;0.00026952111632196405;-7.268114993692558
2485;9;Normal;0.00143;0.14974485567123832;0.00191;0.09223;0.01149;-0.0006281441116030078;-6.253621829710602
2486;10;Normal;0.001585;0.18725772507429433;0.000955;0.00094;0.00059;-0.000880712020882223;-6.316870388654567
2487;5;Normal;0.00057;0.17335370720004806;0.00094;0.1159;0.0043;-0.00030224672484940613;-7.7385290956796045
2488;7;Normal;0.00082;0.016437116535451102;0.00041;0.00912;0.00398;0.00045492823704661466;-6.991760601548111
2489;7;Normal;0.00051;0.1927943723245054;0.0018700000000000001;0.11999;0.01373;0.000724992145088475;-7.675465764315519
2490;5;Normal;0.00072;0.14442481746569735;0.00083;0.08992;0.00098;-0.0006259758294188043;-6.719625145686659
2491;6;Normal;0.001735;0.17350070489770353;0.00185;0.09969;0.01735;-0.0003390615343049398;-6.0972237799230555
2492;7;Unbalance;0.00047;0.3734070821502988;0.00349;0.23129;0.0107;-7.105825769149253e-05;-7.055772144996226
2493;0;Normal;0.00046;0.08952149071591692;0.00063;0.0511;0.0026;-0.0011777979800257168;-7.217794028688538
2494;3;Normal;0.00596;0.07301041706496408;0.00076;0.04733;0.00516;-0.0014771243484339408;-5.1521302362452985
2495;3;Normal;0.00108;0.04029526895306694;0.00065;0.02372;0.00675;-0.00041750950014805615;-6.523265668271694
2496;10;Normal;0.00228;0.08181338154605272;0.000895;0.00097;0.00025;-0.0016363896346742904;-6.008014637361226
2497;4;Normal;0.00134;0.11066820636479115;0.001705;0.07368;0.01827;-0.0009169165162748776;-6.485647718640349
2498;9;Normal;0.001445;0.038352282852523914;0.00132;0.02252;0.05159;0.000327742354266348;-6.338874998501505
2499;10;Normal;0.00066;0.14575596008397051;0.001235;0.00092;0.00037;-0.0006107366296389844;-6.752707756379969
2500;1;Normal;0.0019950000000000002;0.03657183479127073;0.0007;0.02402;0.0054;-0.0007879674210060851;-6.24185981289015
2501;1;Normal;0.00058;0.08062107912946838;0.0024349999999999997;0.05027;0.00309;9.42120853077952e-05;-7.167485796092073
2502;3;Normal;0.00105;0.06921143763858688;0.001795;0.04056;0.00742;-0.0003556085774121337;-6.72857318312443
2503;10;Normal;0.0019950000000000002;0.25029393480466117;0.001915;0.00228;0.00044;-0.000461910394158572;-6.149756324325074
2504;8;Normal;0.0020499999999999997;0.09385160094532218;0.0018900000000000002;0.05406;0.00489;0.0007956845232671555;-6.378396676137649
2505;6;Normal;0.002705;0.07834581035384088;0.00246;0.03463;0.01021;-0.0002753736764485895;-5.915199075583778
2506;10;Normal;0.000445;0.026178582849344614;0.000735;0.00087;0.00035;-0.0007621100119326687;-6.657764890561381
2507;4;Normal;0.00103;0.12138203244302677;0.0009350000000000001;0.07714;0.00829;-0.0007470036833819371;-6.734428438389453
2508;1;Normal;0.001765;0.04744239770500643;0.000635;0.02667;0.00147;-0.002100953125003827;-5.686409727964084
2509;10;Normal;0.002325;0.08825523497221;0.00076;0.00057;0.00035;-0.0017497278297718855;-5.316765256836003
2510;7;Normal;0.00059;0.25182788685925944;0.001735;0.16815;0.0047;1.5273241007350867e-05;-7.074263176784382
2511;4;Normal;0.0015;0.16838635247549014;0.0031850000000000003;0.10345;0.00963;-0.000859183738471663;-6.337991109033563
2512;0;Unbalance;0.00114;0.26912909597440404;0.002785;0.1668;0.00575;-0.0018364092202039597;-6.2385590278883996
2513;10;Normal;0.00155;0.030122400302764717;0.00162;0.00269;0.00051;-0.00047104179257176;-6.316370699848351
2514;1;Rubbing;0.01143;0.07840310134171989;0.00206;0.04559;0.01182;-0.0023722368693315445;-3.843730868416043
2515;5;Normal;0.00027;0.035509001675631494;0.0004;0.02111;0.00173;-0.0005694361363847812;-7.708123100467488
2516;4;Unbalance;0.031845;0.2574609071296068;0.003745;0.17403;0.02128;-0.0035254680230196148;-2.5541182817111823
2517;2;Normal;0.00087;0.21099478950912506;0.00206;0.13249;0.0069;-0.0002792357393035176;-6.735790821315352
2518;3;Normal;0.00073;0.20768099961238629;0.001495;0.13193;0.00606;-0.0005242883322261212;-6.5666036145244515
2519;7;Normal;0.00157;0.0398869627823428;0.000755;0.0237;0.00247;0.001084630452539941;-7.355643880878343
2520;10;Rubbing;0.00475;0.1453263448243298;0.002725;0.00269;0.00055;-0.0007059149796852173;-4.954137623508053
2521;7;Normal;0.0011;0.19575259845018658;0.0020350000000000004;0.12869;0.01712;0.00106452848971171;-6.9188393824305585
2522;10;Normal;0.001155;0.2162652452429655;0.00154;0.00206;0.00029;0.0003873417085162441;-6.837921727720593
2523;6;Normal;0.002415;0.05923954000496628;0.0013;0.03291;0.005;-1.553120318761792e-05;-6.083219953981424
2524;0;Normal;0.00027;0.24936534302103808;0.0026699999999999996;0.14441;0.00638;-0.00027107413133772276;-7.729265574180008
2525;5;Normal;0.0004;0.15314558139234707;0.000785;0.10435;0.00509;-0.00045250366890920113;-7.565329012318639
2526;10;Normal;0.0012699999999999999;0.12679716440047073;0.00125;0.00114;0.00027;-0.0008773310157042966;-6.537790310773657
2527;10;Normal;0.00277;0.11438548115910516;0.000955;0.00094;0.00058;-0.0017402203335584782;-5.9299692659964816
2528;3;Rubbing;0.01595;0.07909479628901006;0.00301;0.04647;0.0063;-0.001823172198266626;-3.5934336634175823
2529;8;Normal;0.00129;0.1923663104600179;0.0025599999999999998;0.11468;0.00293;0.0007311453255705945;-6.529395460187689
2530;0;Normal;0.000405;0.16811240882219253;0.00173;0.10778;0.00355;-0.00039724288344890693;-7.461638534568612
2531;5;Faulty sensor;0.07450999999999999;0.015563270864442346;0.00132;0.0024;0.00043;-0.0032836256588492734;-1.791735633438417
2532;9;Normal;0.00225;0.26549005480431837;0.001735;0.15286;0.01934;-0.0005649661977850901;-5.835613748870502
2533;1;Normal;0.00037;0.13618485194763771;0.00108;0.0844;0.00157;-0.000540665940970405;-7.324250539465905
2534;5;Normal;0.00078;0.1903965267540351;0.00111;0.11058;0.0036;-0.00038052352819837855;-7.056371921738159
2535;1;Normal;0.00045;0.2532482155909494;0.001475;0.16016;0.00353;-0.0005295448345204622;-6.917681511452352
2536;9;Normal;0.00118;0.08983146553407664;0.00119;0.05748;0.00059;0.001340680590686865;-6.742479194942131
2537;2;Normal;0.001085;0.1665175191984315;0.0016;0.09577;0.00581;-0.000519346808338581;-6.644616764097976
2538;4;Normal;0.00141;0.06305612024220963;0.00182;0.03984;0.01024;-0.0008233297100842794;-6.334026941417729
2539;7;Normal;0.00087;0.09242917612961829;0.000575;0.05261;0.00384;-1.1296985318279958e-05;-7.332856769552564
2540;5;Normal;0.0008;0.21765142223289055;0.001365;0.14432;0.00233;-0.0002634267914497676;-7.138191355989624
2541;5;Normal;0.00074;0.1936715255271151;0.000925;0.1108;0.0056;-0.0007421574817882613;-6.96925497734768
2542;10;Normal;0.00097;0.09495543586335646;0.00195;0.00199;0.0004;-0.0005110233837875926;-6.610638080939499
2543;5;Normal;0.00033;0.14602579155751905;0.00071;0.08507;0.00405;-6.513969562269934e-05;-7.804563940350549
2544;4;Normal;0.0049700000000000005;0.2476563358769567;0.001885;0.15523;0.00566;-0.0025857011303439554;-4.7245350613522135
2545;3;Normal;0.00119;0.1199335415970028;0.00156;0.07283;0.00356;-1.8410062487768762e-05;-6.654768132382777
2546;3;Normal;0.001015;0.08036139620489431;0.00102;0.05423;0.00214;-0.0007863686625879697;-6.532948591938103
2547;1;Normal;0.00176;0.06122261755266595;0.00062;0.04068;0.00127;-0.0024070951694136395;-5.789328442925193
2548;0;Unbalance;0.00047;0.362542233401848;0.001985;0.24436;0.00518;-8.126198858496452e-05;-7.441770678175186
2549;4;Unbalance;0.00116;0.2926519063665911;0.0064;0.17594;0.00952;-0.00026352518328984437;-6.676716725641352
2550;8;Normal;0.00177;0.24922072927427205;0.003665;0.15691;0.00282;0.0013551305000615553;-6.449483225214583
2551;3;Normal;0.001225;0.18190025535990872;0.001445;0.12312;0.01185;-0.0007794047398059399;-6.412903445930406
2552;10;Normal;0.001845;0.09143195776094921;0.00114;0.00087;0.00023;-0.00037664673992268726;-6.129615815945125
2553;10;Normal;0.003235;0.11085930046685302;0.00081;0.00059;0.00029;-0.00034412485300345776;-6.0199193015413615
2554;5;Faulty sensor;0.01175;0.0013110682667199294;0.00012;0.00018;8e-05;-0.0034656684915037477;-3.5526803489814465
2555;4;Normal;0.00079;0.16835237360964056;0.004945;0.0984;0.00457;-0.00047569004978045175;-7.203817844349844
2556;1;Normal;0.000405;0.03318333617947418;0.000535;0.022;0.00304;0.0007289949066214541;-7.9888152766407785
2557;2;Rubbing;0.008150000000000001;0.15518759583162567;0.001335;0.08707;0.0021;-0.001943906448495769;-4.366529856186839
2558;1;Normal;0.00067;0.12998009809197714;0.001015;0.08122;0.01617;0.00030127658897015206;-7.252695700966956
2559;8;Normal;0.00275;0.24972559980907041;0.00211;0.1522;0.00488;-0.00030981622076187355;-5.660891473691253
2560;1;Normal;0.005425;0.09301327700925283;0.003515;0.02756;0.00266;-0.001662102554749401;-5.309410491741817
2561;3;Normal;0.001275;0.1656934482711975;0.00123;0.09575;0.00705;-0.0005760347565320149;-6.335254270370991
2562;8;Normal;0.002515;0.12540919942332782;0.001315;0.0767;0.01291;-0.0005662939069474624;-6.075204819932393
2563;1;Normal;0.00051;0.041038390562983834;0.00064;0.02311;0.00213;0.0004465410989424333;-7.706239843826542
2564;2;Normal;0.00099;0.08317058374208997;0.000575;0.05007;0.00417;-0.0007884944087455954;-6.851093541870686
2565;3;Normal;0.0012699999999999999;0.024859169334472946;0.00051;0.01323;0.00891;-3.2273901760097e-05;-6.775150071833408
2566;10;Normal;0.00183;0.10618733634478265;0.001415;0.00077;0.00045;-0.0004476704438721611;-6.188632297751659
2567;5;Unbalance;0.00462;0.3159774767289593;0.00173;0.21534;0.00155;-0.0031961828868222893;-4.644590174640046
2568;10;Normal;0.0017950000000000002;0.06869640383600877;0.00059;0.00032;0.00035;-0.0009115915163460017;-6.095909858132712
2569;3;Normal;0.00128;0.1912378688963041;0.00123;0.11368;0.01289;-0.0007512172288687873;-6.293120148292612
2570;5;Normal;0.000575;0.09372789979509837;0.0009649999999999999;0.06295;0.00288;8.757822738603252e-05;-7.242180082146704
2571;8;Normal;0.00264;0.2545738219063382;0.0024400000000000003;0.15716;0.00745;8.615056823830071e-05;-6.311811896353142
2572;10;Normal;0.0039050000000000005;0.07516766924682447;0.00063;0.00043;0.00086;-0.0007680134150317923;-5.583693566221877
2573;9;Normal;0.001395;0.16697876781195864;0.001605;0.10618;0.01558;5.9373264154766897e-05;-6.813671176637665
2574;10;Normal;0.003565;0.08276625942979421;0.00171;0.00161;0.00034;-0.001352777250695851;-5.188952710872688
2575;10;Normal;0.001905;0.2183630172442211;0.00203;0.00136;0.00064;0.0004526855332858312;-6.374540688706875
2576;10;Normal;0.00195;0.09111853488725552;0.00138;0.00129;0.00715;-0.0013330629865084009;-5.33737138708748
2577;6;Unbalance;0.0027949999999999997;0.35284938118126263;0.0045850000000000005;0.2267;0.01115;-8.665104787626248e-05;-5.765717375933929
2578;8;Faulty sensor;0.0049250000000000006;0.0031258758772542456;0.00012;0.00166;0.00216;-0.0032054224158490335;-4.4798840723079705
2579;9;Normal;0.00382;0.08123485151091248;0.00103;0.04735;0.00558;-0.001084304373761546;-5.5659760648351035
2580;1;Normal;0.00146;0.07682899973317366;0.000835;0.05073;0.00961;-0.0024950642306182406;-5.9311527813378895
2581;3;Faulty sensor;0.00967;0.013987358578373545;0.000795;0.00398;0.00058;-0.0022722368164981147;-4.03430318758108
2582;7;Normal;0.00053;0.21780837724936108;0.0014299999999999998;0.13278;0.01118;-0.00010959311340634376;-7.012145810348336
2583;6;Normal;0.02184;0.47081217666921066;0.00401;0.31717;0.00521;-0.002144807709358216;-3.133896925812724
2584;10;Normal;0.00146;0.11865800731514078;0.0018150000000000002;0.00206;0.00122;-0.0007079587142688333;-6.342972563727736
2585;5;Normal;0.00068;0.21121148406277537;0.001055;0.14391;0.00554;-0.0009561280929766549;-7.004949330987693
2586;10;Normal;0.00082;0.08426677577788295;0.001345;0.00125;0.00119;-0.0005355052675051337;-6.680915170964627
2587;7;Normal;0.0007999999999999999;0.24541859363137097;0.00229;0.15285;0.01981;0.0007034826984859317;-7.057301777536799
2588;4;Normal;0.00053;0.04182603854060291;0.000875;0.02722;0.00337;-0.0006312759601529623;-7.130590745766621
2589;9;Normal;0.0022050000000000004;0.2240837620176884;0.00237;0.14332;0.01184;0.0006129652923031066;-6.473476032334485
2590;5;Normal;0.002555;0.08833113211093811;0.00053;0.05134;0.00604;-0.002471265715083993;-5.468738607755554
2591;1;Normal;0.00036;0.17634285043630207;0.00105;0.10196;0.00202;-0.00015905731248327164;-7.324304170642827
2592;4;Normal;0.001305;0.22013251827024558;0.0029449999999999997;0.13749;0.0149;-0.0005384573739037288;-6.408723174616212
2593;0;Normal;0.00025;0.16991264255493171;0.0011949999999999999;0.09863;0.00813;8.640724697554356e-05;-7.738460323074621
2594;8;Normal;0.0027949999999999997;0.17809921167708745;0.00204;0.10902;0.00456;-0.00039054478074397397;-5.627182001406809
2595;10;Normal;0.00431;0.050733438677069774;0.002835;0.00215;0.00035;-0.0014574802177936778;-5.206502154395412
2596;6;Unbalance;0.0029;0.3185698863671832;0.004335;0.17984;0.01107;-5.236127305917887e-05;-5.768517543141773
2597;1;Normal;0.00035;0.1328688537618956;0.0016150000000000001;0.08546;0.00604;-0.0007447572040414182;-7.299189557672525
2598;7;Unbalance;0.00105;0.31709626077896286;0.003405;0.17935;0.01609;0.00022747493490620787;-6.518401098224974
2599;6;Normal;0.00161;0.2337812362017106;0.00261;0.13396;0.01143;-7.333217809201688e-05;-6.269468053210565
2600;4;Normal;0.00106;0.1735890955676652;0.0035649999999999996;0.10677;0.02829;-4.0863422727364606e-05;-6.709746364683583
2601;1;Normal;0.000325;0.14989486382127973;0.00149;0.08638;0.0098;7.204042060834428e-05;-7.266067311904812
2602;1;Normal;0.00086;0.14643864244112617;0.0014299999999999998;0.09269;0.00116;-0.000799428048001424;-6.51827298953095
2603;1;Normal;0.00173;0.05718982951539548;0.00075;0.03339;0.01213;-0.0007914474941427756;-5.852582702349434
2604;8;Normal;0.00204;0.21938292937236478;0.0037;0.13404;0.00111;0.0012338694821725298;-6.409470422422014
2605;3;Rubbing;0.005464999999999999;0.10026774506290645;0.00186;0.06465;0.0022;-0.0002437148588478894;-5.103376965251994
2606;4;Normal;0.0014;0.1586645190330844;0.00437;0.09804;0.01179;0.0003105225945069116;-6.658805747749123
2607;9;Normal;0.001955;0.0710611053952864;0.00061;0.04184;0.02873;-0.0004779215444587086;-6.150406485079904
2608;6;Unbalance;0.0030299999999999997;0.701782567110355;0.00508;0.40606;0.01291;-0.0002458831721763791;-5.8534853017105215
2609;3;Normal;0.00179;0.023241316658055323;0.000725;0.01436;0.01456;-0.0008147345697652175;-6.433488506603257
2610;6;Normal;0.001435;0.03593914578840182;0.00181;0.00345;0.00115;-2.769501407805242e-05;-6.324832422819158
2611;5;Normal;0.00053;0.17398763375596554;0.000745;0.09955;0.004;-0.00023418007186104932;-7.4234896160077355
2612;5;Rubbing;0.00413;0.12451455979121477;0.00067;0.08263;0.00402;-0.002668189544348958;-4.847772973207384
2613;6;Unbalance;0.052585;0.3618480116015563;0.00593;0.22779;0.00478;-0.0024051324519902906;-2.303296227656268
2614;1;Normal;0.00031;0.10255444700255567;0.00066;0.06763;0.0017;-6.919374258127711e-05;-7.522631916733926
2615;9;Normal;0.00148;0.06985167857682448;0.00114;0.04253;0.00565;-0.0005902484200779235;-6.274566553020739
2616;7;Normal;0.00313;0.058571674894952415;0.00076;0.03302;0.00162;0.0009167403571843401;-6.912786110411759
2617;8;Normal;0.00217;0.0271229386313504;0.000585;0.01456;0.01479;-0.0005135872734489932;-6.068115283779498
2618;1;Normal;0.002875;0.13886196635508227;0.0014;0.08797;0.00146;-0.0038740670571588845;-4.638530446603545
2619;4;Normal;0.03529;0.14784412264273478;0.00135;0.09955;0.01184;-0.003634265303845382;-2.4391456559607976
2620;9;Normal;0.000925;0.0789712966843017;0.001225;0.04844;0.00157;-0.00029472466556025725;-6.777669444738311
2621;7;Normal;0.00065;0.032544334376354976;0.00051;0.02028;0.00352;0.0003313876078234336;-6.990921096126563
2622;6;Normal;0.0028;0.10469489720134406;0.0020499999999999997;0.06862;0.02163;-0.00017002872622623374;-5.653765057895515
2623;9;Normal;0.005235;0.22166506265083816;0.00284;0.13536;0.02956;-0.000510754581844894;-5.377864001458805
2624;1;Normal;0.00056;0.13275988814397216;0.001025;0.08779;0.00253;-0.0004712082542750254;-6.961097763278877
2625;4;Normal;0.00046;0.1297900708837159;0.00116;0.08594;0.0132;-0.0006564902308704241;-7.117430500572437
2626;7;Normal;0.000815;0.16260803055199952;0.00093;0.0926;0.00449;-0.00011984896989948997;-7.076327776916195
2627;6;Normal;0.00109;0.17112646580818525;0.00178;0.0983;0.00438;-0.0011799773895441441;-6.1545063707421335
2628;10;Rubbing;0.0049;0.08972308119987855;0.0023550000000000003;0.00194;0.00025;-0.0006332787078243299;-5.029474094969246
2629;1;Normal;0.000435;0.13555680285400654;0.00098;0.09033;0.00547;-0.0012525006682755414;-7.249211436607121
2630;2;Normal;0.00079;0.06500260379400198;0.00108;0.04011;0.00938;-0.0004574497136443434;-6.805466880470975
2631;5;Rubbing;0.008150000000000001;0.060624382058706384;0.000645;0.03645;0.00129;-0.0027663926384692743;-4.087304171869954
2632;6;Unbalance;0.00327;0.33956583559009584;0.00436;0.00831;0.00103;-0.00028027236288891155;-5.556807732453948
2633;5;Normal;0.0004;0.11868824120358344;0.00072;0.06906;0.00148;0.00019638683376698801;-7.819007779648448
2634;9;Normal;0.00076;0.10913026253061063;0.000915;0.06258;0.00665;-0.00029607212203558024;-6.493926950846914
2635;9;Normal;0.00186;0.29849135431365514;0.0023750000000000004;0.17118;0.01301;-0.00040608234515885895;-6.000177181052287
2636;5;Normal;0.000575;0.14050193699732397;0.00075;0.09179;0.00301;-0.0007099375058043101;-7.332446866077767
2637;1;Normal;0.00019;0.051361262640242794;0.00077;0.029;0.00552;-0.00011614962922885635;-7.639409843385998
2638;7;Normal;0.00058;0.18170240394667322;0.00203;0.11286;0.00898;-0.00023070940714759282;-6.955343569659156
2639;10;Normal;0.00041;0.02944432882576881;0.000815;0.0009;0.00012;-0.0005339300244339697;-6.915844876920478
2640;9;Normal;0.00174;0.0646342053405161;0.00076;0.03735;0.00211;-0.001732833732232948;-5.856408860441602
2641;8;Normal;0.00134;0.13353362759994203;0.0015;0.08072;0.00369;0.00027794910107529683;-6.498599098290976
2642;8;Normal;0.00132;0.13050936288251505;0.00178;0.08524;0.00535;4.4184083010021175e-05;-6.830539006668275
2643;5;Normal;0.00074;0.25080367740525655;0.001435;0.14593;0.0024;-0.00041085628438681463;-7.100019116073553
2644;10;Normal;0.000965;0.014088715342429203;0.0005200000000000001;0.0004;0.00053;0.0003062854004159116;-6.529884321952353
2645;4;Normal;0.032825;0.23251572183402996;0.001535;0.135;0.00936;-0.0038778885000570855;-2.499812473452477
2646;10;Normal;0.00344;0.03404557827383756;0.00023;0.00021;0.00115;-0.0005098847706819106;-6.073441897678067
2647;7;Normal;0.00156;0.06898384231108036;0.00077;0.04445;0.00278;-0.001000326913397242;-6.166708613835124
2648;9;Misalignment;0.004975;0.24421996499057974;0.00305;0.13885;0.03866;-0.0010078661154644143;-5.095117810300218
2649;3;Rubbing;0.008515;0.06200447403212127;0.000785;0.03531;0.00458;-0.0012680970092106521;-4.693501875581467
2650;10;Normal;0.00404;0.09190891850087238;0.0007700000000000001;0.00083;0.00035;-0.0023155335481302103;-5.082780540745371
2651;5;Normal;0.00211;0.05788179333780183;0.0005250000000000001;0.03846;0.00234;-0.002520001130620196;-5.786615527064209
2652;4;Normal;0.00102;0.2773823694829936;0.005430000000000001;0.16865;0.01055;-0.00021390073671132042;-6.733831013505881
2653;4;Normal;0.001175;0.1113182824157829;0.00374;0.06442;0.01293;-0.0013769328456535038;-6.123343202976504
2654;5;Normal;0.00051;0.09751869154167318;0.000625;0.0615;0.00117;0.00012554176424425142;-7.854427369312623
2655;5;Normal;0.00057;0.1659825382382135;0.0007650000000000001;0.09495;0.00328;-0.000586238156972306;-7.318875660951281
2656;5;Normal;0.00041;0.1395676717581833;0.00066;0.08204;0.00737;-0.0006793420780713392;-7.462404802380264
2657;7;Normal;0.0007750000000000001;0.18786032790347193;0.00151;0.11625;0.00176;8.123623910785891e-05;-7.022948202507781
2658;1;Normal;0.00098;0.08678008757773871;0.00079;0.04946;0.00176;-0.0009983446173723082;-6.5051107064164615
2659;7;Normal;0.0007650000000000001;0.11480993728767559;0.00093;0.0755;0.00846;-0.0003705958914491048;-6.92123268998152
2660;6;Normal;0.005405;0.30162030137243745;0.002985;0.17391;0.00773;0.00010396207126802756;-5.445910366738807
2661;10;Normal;0.00089;0.1551755144989054;0.00119;0.00139;0.00039;0.00016986415825869438;-7.100824635556398
2662;1;Normal;0.00071;0.13660725895793388;0.00142;0.08738;0.00195;-0.0007110271892015;-6.613696912957406
2663;3;Normal;0.00264;0.04890328312087032;0.000475;0.02885;0.00162;-0.0011074396573403872;-5.703703006483152
2664;9;Normal;0.00316;0.2367734208056301;0.00138;0.13644;0.02156;-0.00024635171205102737;-5.722813786488032
2665;4;Normal;0.000755;0.06409169602998505;0.001115;0.03816;0.02692;-1.7074619503993595e-05;-7.266579984340078
2666;10;Normal;0.00246;0.15515533442328047;0.00232;0.00177;0.00045;-0.00043024325721493004;-6.1873441259408795
2667;4;Misalignment;0.00074;0.18672927810067708;0.002465;0.12578;0.03505;-4.2230110895201246e-05;-6.863629563134415
2668;10;Normal;0.00212;0.06198112615950117;0.0006850000000000001;0.00035;0.00038;-0.0012923825569856366;-5.919205867754933
2669;10;Normal;0.001545;0.26859986317941414;0.00144;0.00166;0.00048;-0.0003763471402555735;-6.30974910414345
2670;9;Normal;0.0011849999999999999;0.17876114482739253;0.001675;0.11071;0.00256;-0.0008050397897287483;-6.420117309785088
2671;10;Normal;0.001065;0.030938188376180013;0.00051;0.00033;0.00047;-0.0005292350086965206;-6.06257666307879
2672;4;Normal;0.02751;0.09440803885263162;0.0033350000000000003;0.05909;0.02265;-0.0033998094654128603;-2.752749522244789
2673;1;Normal;0.000585;0.026550984915818098;0.00065;0.01504;0.00602;0.0006767027251901166;-7.574331257773742
2674;0;Normal;0.00043000000000000004;0.06607135839378513;0.00068;0.0382;0.00276;-0.0012950965256584995;-7.060364779823284
2675;7;Normal;0.00089;0.25946380306316336;0.00303;0.16127;0.01645;0.0005624382966199291;-6.95898561347752
2676;8;Normal;0.00249;0.06437138184006927;0.000745;0.03902;0.0062;-0.0012516616517524953;-5.578055846149984
2677;7;Normal;0.001695;0.12820357327313464;0.00166;0.07185;0.02044;-0.0002509506948780267;-6.053372190607928
2678;5;Faulty sensor;0.000125;0.0001881488772222678;0.0;0.00011;0.0;-0.002970868456479867;-8.162503832368774
2679;10;Normal;0.00167;0.16460980013352788;0.0025700000000000002;0.00221;0.00135;-2.460692824656313e-05;-6.213313246023198
2680;1;Normal;0.001275;0.1724777069652771;0.00249;0.11487;0.00338;-0.0007281388685531591;-6.184314756683052
2681;10;Normal;0.001445;0.06527054619045254;0.00082;0.00051;0.00051;4.7573746784480486e-05;-6.8494638531665855
2682;10;Normal;0.001275;0.11760199955783066;0.0011;0.00155;0.00229;-0.00097284171590834;-6.503501048807402
2683;5;Normal;0.0004;0.027834942069276884;0.00041;0.01572;0.00524;-0.0005543296119114695;-7.3933661037248735
2684;7;Normal;0.00086;0.12700032677123316;0.00152;0.07821;0.01016;-0.00037213114416830115;-6.874163443457806
2685;5;Faulty sensor;0.14554;0.04652640970459681;0.003855;0.00893;0.00098;-0.003354708856387132;-1.1473366654534323
2686;9;Normal;0.00136;0.1552760210077525;0.001745;0.09211;0.01947;-0.00012107086128436371;-6.34638062225207
2687;4;Normal;0.001235;0.15755463687241958;0.00391;0.09333;0.00805;-4.869073567655389e-06;-6.712489679846775
2688;6;Unbalance;0.001475;0.524585134272789;0.00396;0.32285;0.0089;-0.0003127459274230839;-6.532600272862269
2689;2;Normal;0.00096;0.14363713760723584;0.0015;0.0884;0.00292;-0.0002980641338535868;-6.970249380191482
2690;4;Normal;0.01097;0.14485225472874078;0.003665;0.09064;0.01864;-0.0015659436543496573;-4.541794306510857
2691;7;Unbalance;0.00175;0.3039743031902532;0.0020150000000000003;0.20186;0.00396;-0.0009325245800815831;-5.652171306393409
2692;10;Normal;0.00452;0.09690079824232616;0.00089;0.00074;0.00022;-0.002295875884758404;-4.9380741433663395
2693;4;Normal;0.001555;0.22445815266993532;0.001735;0.15144;0.00171;-0.0018397662530842665;-5.690907367663465
2694;8;Faulty sensor;0.00451;0.005889601005161556;0.00012;0.00336;0.00171;-0.003232891358670989;-4.543780057478734
2695;1;Normal;0.0007650000000000001;0.10174812872972161;0.0020749999999999996;0.06512;0.00886;-0.0007051399812158234;-6.5455589958022715
2696;1;Normal;0.00117;0.06100134342782952;0.00069;0.0393;0.00803;-0.0018776294517935722;-6.285685063122309
2697;3;Normal;0.00089;0.23277659031784104;0.001185;0.13614;0.00529;-0.0009967510417622034;-6.3505128251685745
2698;5;Normal;0.0004;0.04400457135344009;0.00041;0.0287;0.00354;-0.0007113246812800636;-7.349909033757943
2699;5;Faulty sensor;0.000395;0.0002507987240796891;1e-05;0.00016;1e-05;-0.003801539492181702;-6.927261965042324
2700;5;Normal;0.00223;0.08043488297996088;0.00047;0.05478;0.00413;-0.0023894988439309567;-5.49622117547971
2701;6;Normal;0.00126;0.234412621887133;0.00228;0.14632;0.01351;0.0001332181163748422;-6.632025067444075
2702;10;Normal;0.0028650000000000004;0.0877211069241605;0.00168;0.00174;0.00143;-0.00021350721356519414;-6.1606247867939095
2703;4;Misalignment;0.00074;0.22153045027715715;0.0021349999999999997;0.12728;0.03392;-9.333379691423317e-05;-6.877983587915919
2704;8;Normal;0.000725;0.12281774057521169;0.00149;0.0733;0.0075;0.0007467969811657264;-7.1250842163256145
2705;8;Normal;0.000955;0.09319190254523191;0.001025;0.0624;0.00483;-0.0005490888736392694;-6.361763830428924
2706;10;Normal;0.00138;0.273929681122729;0.00252;0.00356;0.00031;0.0002754923028748397;-6.497471255656903
2707;5;Normal;0.00051;0.1284303869806519;0.000735;0.08589;0.006;-0.0007326140436462425;-7.389608137892834
2708;3;Normal;0.00125;0.11769441363123401;0.00172;0.06747;0.02123;-0.00039492616355728163;-6.559041224620553
2709;3;Normal;0.00197;0.2062174873767984;0.001485;0.13586;0.00087;-0.0009842388038994161;-6.138274401850065
2710;5;Faulty sensor;0.667205;0.24111978993852828;0.021290000000000003;0.03256;0.00727;-0.0028710157969419614;0.2802250105043047
2711;4;Normal;0.0008799999999999999;0.07397494913820488;0.00127;0.04108;0.01286;-0.0004456051961133912;-6.959529519486448
2712;3;Normal;0.00187;0.04172382532798257;0.000445;0.02714;0.00702;-0.0004990084793577359;-6.584246337480642
2713;5;Normal;0.000745;0.09883004907415559;0.00056;0.06219;0.00281;-0.00043826756271504806;-7.307389582873336
2714;5;Normal;0.00469;0.1443233726740059;0.000825;0.09834;0.00377;-0.0030385771128005287;-4.625057424247386
2715;4;Normal;0.001695;0.11382874768704082;0.00221;0.06951;0.01585;-0.0008311556534556847;-6.377432277281811
2716;6;Normal;0.00159;0.04960751959128777;0.0016849999999999999;0.02343;0.00496;1.740068239250974e-05;-6.229383121521907
2717;5;Normal;0.00075;0.1926937840201391;0.00105;0.12434;0.00556;-0.0011555339493591176;-6.643524079432601
2718;2;Rubbing;0.009635000000000001;0.07171112675171126;0.00114;0.04387;0.00818;-0.0015541349140208956;-4.2019183644076765
2719;1;Normal;0.00044;0.015497974061147477;0.0011;0.00204;0.00025;0.00042063190395521426;-7.706072013492569
2720;10;Normal;0.002895;0.21087120547860486;0.00143;0.00135;0.00076;-0.0011179516296351425;-5.682720659839079
2721;9;Unbalance;0.0042699999999999995;0.31585988776671214;0.00283;0.17875;0.01159;0.00024584303874795264;-6.0399743069762195
2722;4;Normal;0.048695;0.11129504166853077;0.001235;0.0746;0.00701;-0.0037046573197814293;-2.0910696724473645
2723;10;Normal;0.002;0.10712236741222629;0.00097;0.00107;0.00063;-0.0006163391645732447;-5.800460158413533
2724;5;Rubbing;0.0061849999999999995;0.14442898704899926;0.00082;0.08407;0.00434;-0.0025396199683835282;-4.446254501556465
2725;7;Normal;0.0013;0.01796912351785696;0.00048;0.00954;0.00638;-0.0015385419677093656;-6.990051995768547
2726;9;Normal;0.00101;0.08143078287723875;0.00076;0.05401;0.01197;0.0005522318201134489;-6.845330005830083
2727;5;Faulty sensor;0.1226;0.03972779505585479;0.00329;0.00666;0.00144;-0.0031208523978924867;-1.3367840570422835
2728;1;Normal;0.0009;0.23461089744511016;0.00105;0.13766;0.00469;-0.0007641216800391745;-6.667482720299915
2729;1;Normal;0.00041;0.20960271062178562;0.0024749999999999998;0.11892;0.00053;-3.2435647683747763e-05;-7.0949233996988035
2730;0;Normal;0.00025;0.14506110402171907;0.00095;0.08365;0.02527;8.272480829492073e-05;-7.9473330841794025
2731;1;Normal;0.00353;0.16885318859885354;0.0008849999999999999;0.09839;0.00379;-0.0023734273909300128;-4.912967406439549
2732;9;Misalignment;0.001075;0.22047526414543647;0.0024850000000000002;0.12986;0.06014;-0.0003661410837844548;-6.436593951881012
2733;5;Faulty sensor;0.094385;0.031161458566633236;0.0026049999999999997;0.00483;0.00094;-0.0029562582942609236;-1.6026319413936114
2734;5;Normal;0.000825;0.15778308622916462;0.00071;0.09136;0.00329;-0.0003962084324722586;-7.0090503023224455
2735;9;Unbalance;0.00294;0.3397570551143861;0.0029449999999999997;0.21006;0.01288;-0.00037302645557909603;-5.691519313015444
2736;1;Normal;0.001245;0.08176699823278337;0.00077;0.04833;0.00707;0.0006802644851097813;-7.118196544515544
2737;2;Normal;0.00098;0.10777393701633063;0.001105;0.06796;0.00165;-0.0012058748955073146;-6.415925937538283
2738;10;Normal;0.00256;0.09578627250290095;0.0008;0.00068;0.00029;-0.0005145217729841024;-5.663166863137754
2739;9;Rubbing;0.00661;0.05545558132415528;0.00145;0.02987;0.00485;-8.297519688870942e-05;-5.123331020050641
2740;4;Normal;0.00074;0.11798999279599945;0.00313;0.06987;0.00238;-0.0002815680355491656;-7.15284832681109
2741;3;Rubbing;0.0050349999999999995;0.06725569343929182;0.001605;0.03723;0.00679;-0.0009211700610755586;-5.019566207141763
2742;1;Normal;0.001;0.14417331965381114;0.001305;0.08199;0.00477;-0.0010640279246625828;-6.5652566786715045
2743;10;Normal;0.002515;0.05159013568503189;0.00077;0.00083;0.00027;-0.0015714764166068764;-5.909912936888483
2744;4;Normal;0.00075;0.16890531459963004;0.00198;0.11015;0.01521;-0.00031929334235511903;-7.032600040005382
2745;10;Normal;0.0034850000000000003;0.0784769048829017;0.000735;0.00071;0.00027;-0.0015220130322215464;-5.412906778342386
2746;10;Normal;0.00111;0.0426567368653534;0.00065;0.00061;0.00045;0.00010828191838437224;-6.745875133946752
2747;5;Unbalance;0.00159;0.34882800245966494;0.0017;0.21864;0.00321;-0.0015818319930864335;-6.093717217847845
2748;7;Normal;0.0007199999999999999;0.15979434595754632;0.00207;0.09586;0.0059;0.00023718276012517643;-7.049389349154256
2749;4;Faulty sensor;0.00219;1.4318214066006976;0.00638;0.01671;0.00075;-0.002201961069213633;-5.56533255695045
2750;1;Rubbing;0.064255;0.03822406702589352;0.00154;0.01846;0.00581;-0.0034232261375110595;-1.980227767047182
2751;10;Normal;0.00111;0.09907698976048879;0.00119;0.00086;0.00075;-0.0015132647208043093;-6.122473181509654
2752;1;Normal;0.00044;0.09727439128568217;0.00089;0.06469;0.00495;-0.0013010656837412322;-7.266716613177748
2753;3;Normal;0.001415;0.02554352364103277;0.00054;0.01473;0.0069;-0.0006514631785696083;-6.126397136630934
2754;2;Normal;0.0012;0.09163483944439473;0.00099;0.05646;0.00232;-0.0011160511326674153;-6.462307663500121
2755;1;Normal;0.00084;0.23887294781954693;0.001255;0.15162;0.00487;-0.0007984316549187694;-6.649640735784303
2756;5;Normal;0.00093;0.09301926682144943;0.0005;0.06332;0.00294;-0.0008621739151272497;-7.125067816658704
2757;4;Normal;0.00147;0.11789490743878633;0.00092;0.0795;0.00997;-0.0020456848515240924;-5.979763454028723
2758;7;Normal;0.00074;0.04711680804129244;0.00044;0.02817;0.01036;-0.00164506575219465;-6.86601746421026
2759;7;Normal;0.00082;0.09753801617830865;0.001255;0.05912;0.00708;0.0008734417584972615;-7.216853416364442
2760;10;Normal;0.001655;0.08645306992814077;0.0011;0.0011;0.00567;-0.0007974911045577585;-6.027821423061653
2761;10;Normal;0.001295;0.1579546282955963;0.001175;0.00101;0.00055;-0.0005722359888784967;-5.964642308680296
2762;4;Unbalance;0.04016;0.28431817142068144;0.00226;0.19333;0.02228;-0.003612858558918712;-2.3036064941446517
2763;4;Normal;0.00187;0.10815468968103048;0.00277;0.0649;0.00813;-0.0012559500637146332;-6.167149741679426
2764;5;Rubbing;0.00995;0.0758443135640372;0.00093;0.04703;0.00059;-0.0022681495155377784;-4.131569120588252
2765;8;Normal;0.00171;0.13335765932259008;0.00145;0.08304;0.00118;0.0010187523311724002;-6.645348903617681
2766;1;Rubbing;0.009819999999999999;0.15266532972485927;0.00141;0.09602;0.02754;-0.0028803983985840782;-3.935108289215033
2767;5;Normal;0.0007;0.1946248190750604;0.001415;0.1305;0.00173;-0.002070121802873568;-6.67810354765414
2768;9;Rubbing;0.002955;0.05782523756976706;0.00075;0.03402;0.03694;7.912847807456176e-05;-5.690853081854435
2769;10;Normal;0.000545;0.16469563291113704;0.000855;0.00076;0.00039;-0.001072144619502964;-6.411915705694666
2770;5;Rubbing;0.095765;0.048967016449851214;0.001415;0.03177;0.0018;-0.0037245959496227552;-1.408674847823295
2771;8;Normal;0.00042;0.10076137652890615;0.0014;0.05353;0.01122;0.0002833153630376164;-7.330791663251855
2772;10;Normal;0.00157;0.08308027443382696;0.00107;0.00059;0.001;-0.0006490195670596942;-6.026932351556594
2773;10;Normal;0.00154;0.09529297455741426;0.00108;0.00123;0.00022;-0.0007735514653346662;-6.428941262102433
2774;5;Normal;0.00088;0.1938455955135427;0.0009649999999999999;0.12503;0.00098;-0.0007142388845137374;-6.979149943751653
2775;4;Normal;0.019035;0.07278641288042706;0.00227;0.04622;0.01912;-0.003379122229078011;-3.092984084539048
2776;8;Normal;0.00246;0.16119121067849823;0.0029449999999999997;0.08744;0.0175;-0.00025868332739870846;-5.720826597988532
2777;8;Normal;0.00133;0.030733737162928952;0.00108;0.017;0.00294;0.0009302329948214402;-7.034801726422081
2778;3;Normal;0.00118;0.1645660025643207;0.00132;0.10451;0.01134;-0.00013864810350467817;-6.682783759355389
2779;1;Normal;0.00045;0.12227155311027992;0.00074;0.07233;0.00895;-0.0005482942040957008;-6.913497252982764
2780;1;Normal;0.00082;0.17264119120302665;0.0033949999999999996;0.09496;0.00656;0.0009731074587283694;-6.843456916960425
2781;3;Normal;0.00129;0.07976455039677714;0.001535;0.04704;0.01946;-0.0008190926155819064;-6.379686072995121
2782;1;Normal;0.00059;0.14118046394597236;0.001375;0.08108;0.00257;-0.0007217546451279604;-7.0902340406227164
2783;6;Normal;0.001475;0.07579480720999296;0.001235;0.04825;0.00152;-9.903405233618718e-06;-6.389363323435249
2784;10;Normal;0.001895;0.17637817296933314;0.00111;0.00129;0.00034;-3.139330476895725e-05;-6.093650026757078
2785;1;Normal;0.00047;0.013740189227226822;0.0007;0.00669;0.00315;0.00020563351001401907;-7.726954162888619
2786;5;Normal;0.000755;0.06243193653892213;0.0013800000000000002;0.04114;0.00055;-0.0007069971638324041;-6.766551835816239
2787;9;Normal;0.0032050000000000004;0.08336682913485435;0.001155;0.04685;0.02547;-0.0006794930104774092;-5.664005983849407
2788;5;Normal;0.00038;0.040681780934467456;0.00041;0.02366;0.00532;-0.0005639215326902051;-7.4444214857033995
2789;5;Normal;0.000435;0.13781167584787585;0.000645;0.08033;0.00728;-0.000728212262601989;-7.358444843588045
2790;9;Normal;0.001235;0.10491908167726213;0.001105;0.06465;0.00748;-0.00024200480186671426;-6.269551597385041
2791;10;Normal;0.00103;0.18800194254315564;0.00103;0.00105;0.00012;-0.00015110319125262832;-6.760062425975224
2792;8;Normal;0.001345;0.1441242235018111;0.002005;0.08369;0.00588;0.001081168921064269;-6.721067087644703
2793;10;Rubbing;0.027875;0.08138721398352447;0.0014;0.00129;0.00063;-0.002292141357936686;-2.9167113972147414
2794;8;Normal;0.001015;0.14449625220053286;0.0015;0.08706;0.00607;0.0005430206985204449;-7.519948757148623
2795;8;Normal;0.00159;0.11588853006229737;0.001695;0.075;0.00553;0.000575295448923397;-6.62345792606812
2796;10;Normal;0.00089;0.11644514159036436;0.000645;0.00042;0.00025;-0.00043589732658148454;-6.7453220355549
2797;6;Normal;0.000965;0.17021535271531765;0.001645;0.09807;0.00897;9.510547037008914e-05;-6.775617385761674
2798;5;Rubbing;0.00394;0.08490667582705143;0.00075;0.05466;0.00112;-0.0017516583706135521;-5.098109988004112
2799;8;Normal;0.001725;0.14674025385012798;0.001745;0.09273;0.00089;0.0004257200092952592;-6.225182825205719
2800;10;Normal;0.0009;0.2396378446739997;0.00145;0.00116;0.00043;0.0007976831698010795;-6.856947828282395
2801;9;Normal;0.00077;0.19481617027341439;0.00165;0.11568;0.01205;3.846492073668021e-05;-7.147001838019301
2802;2;Normal;0.00089;0.013483519570201247;0.00046;0.00708;0.00171;-0.0012440316423082628;-6.44049112762256
2803;3;Normal;0.00291;0.18075356345035082;0.00175;0.11928;0.03336;-0.001144247912147346;-5.431941560369126
2804;4;Normal;0.0016150000000000001;0.07989743863228659;0.00186;0.05174;0.01409;-0.0008896520921933115;-6.311247309072928
2805;8;Normal;0.00228;0.15274230389777416;0.00207;0.0881;0.00694;0.0009660915434421448;-6.149639599818212
2806;1;Normal;0.0004;0.06392818940029509;0.0007;0.042;0.00384;0.0007831878989624413;-7.802516430624585
2807;2;Normal;0.00055;0.10023180433375425;0.00079;0.06191;0.00699;-0.0005688262614735232;-6.927189406788231
2808;6;Normal;0.00136;0.15598051544984715;0.0011949999999999999;0.08425;0.00276;-7.45541215455333e-05;-6.475665272651323
2809;5;Normal;0.00091;0.22331521555863587;0.00113;0.1443;0.006;-0.0007152038013178388;-6.695383884759233
2810;3;Normal;0.00071;0.01671910583733472;0.00021;0.01079;0.01935;-0.00037929359139396895;-7.0627159141739035
2811;1;Normal;0.0008799999999999999;0.19385992571957722;0.001305;0.11467;0.00864;0.0006179292220674656;-7.163374439975102
2812;10;Normal;0.00311;0.02592380951943599;0.000365;0.0004;0.00048;-0.0007794682348684024;-5.695328563615
2813;9;Normal;0.002405;0.2160812400464233;0.00262;0.1242;0.02258;-0.0004268083260353034;-5.835767900589442
2814;0;Normal;0.00027;0.15342625101331256;0.00146;0.0917;0.01092;-0.0004051073030953695;-7.898896283829463
2815;0;Normal;0.00036;0.12220543441271342;0.000855;0.06979;0.01435;-0.0005074517942550643;-7.428290403440913
2816;5;Normal;0.000855;0.15991105652830886;0.00078;0.10331;0.00074;-0.001037826204661352;-6.909250744562263
2817;4;Normal;0.001025;0.2058155934325677;0.003515;0.13145;0.01026;0.0008730823930512366;-7.19537270155768
2818;7;Normal;0.00067;0.18353389959350833;0.00135;0.10909;0.00575;-0.0005435127481096017;-7.00300632154211
2819;4;Normal;0.001875;0.05687765817964027;0.00248;0.03368;0.01456;-0.001140700102767581;-6.11848601331048
2820;0;Normal;0.00037;0.12241051057813623;0.00108;0.07083;0.00307;-0.00041983139262265185;-7.483964454627738
2821;8;Faulty sensor;0.0060750000000000005;0.0036097506839115638;0.00016;0.002;0.00047;-0.0031640273728473505;-4.301757683085171
2822;2;Normal;0.00105;0.029763185313403537;0.00076;0.01624;0.00108;-0.0005450808305060727;-6.637196995000102
2823;7;Normal;0.00048;0.1830966223063659;0.00218;0.11345;0.01301;-0.0007696106934125107;-7.076147038250362
2824;9;Normal;0.00196;0.20882559972378867;0.001875;0.12767;0.01119;-0.00023795589038817094;-6.073703509170064
2825;5;Normal;0.00036;0.06088554015527825;0.00053;0.0403;0.00466;-0.0005023781117024873;-7.520136720231399
2826;8;Normal;0.001315;0.10418021741194439;0.001825;0.05191;0.01355;-0.00038353299817670016;-6.296475643625931
2827;1;Rubbing;0.041955;0.09665146455175938;0.00239;0.05905;0.00267;-0.0033355690793899586;-2.4193115058854464
2828;5;Normal;0.000655;0.168768896423482;0.00191;0.11306;0.00155;-0.0012704665645564136;-6.41377773886485
2829;8;Normal;0.00326;0.15669684744754758;0.001705;0.08827;0.01247;7.385891857548072e-05;-6.064586323536359
2830;4;Normal;0.00117;0.1447743378503248;0.00212;0.09672;0.01337;-0.0011049595972458502;-6.5313021751311595
2831;1;Normal;0.00083;0.04698340664532532;0.00051;0.03079;0.00175;-0.0005444063354884028;-7.036919138334507
2832;1;Normal;0.000875;0.2012241146085628;0.0011;0.11661;0.00822;-0.0013353693349053334;-6.367341281827437
2833;5;Normal;0.00118;0.04459683172603184;0.00027;0.02619;0.00565;-0.001067194328611606;-6.295427691580922
2834;8;Faulty sensor;0.003685;0.007626381842000832;0.00011;0.00428;0.00167;-0.0030910881816464614;-4.778316215399833
2835;1;Normal;0.000585;0.05246132098984927;0.0006050000000000001;0.02997;0.00453;0.0005362703228513938;-7.424223971035407
2836;9;Normal;0.0033;0.2453460225885066;0.004215;0.14761;0.01202;-0.00038068768394277513;-5.614298923983669
2837;4;Normal;0.00048;0.07809499471797152;0.0010500000000000002;0.05111;0.01473;-0.00018225771913239446;-7.265978338652118
2838;10;Normal;0.001955;0.11518803366669647;0.00073;0.00039;0.00012;-0.00036298508096527574;-6.20586997413592
2839;10;Normal;0.001235;0.09564912440791082;0.00091;0.00051;0.00105;-0.0006748691562702266;-6.1782785919343235
2840;0;Normal;0.0002;0.10783962768852645;0.00119;0.06898;0.01649;-0.0006952504745645454;-7.909556683669027
2841;3;Normal;0.001115;0.1407542127255877;0.0009649999999999999;0.09202;0.00184;-0.00031432205818802923;-6.776519875921781
2842;1;Normal;0.001695;0.1726683949076958;0.00086;0.1014;0.00434;-0.00012168508301591314;-6.519008315624777
2843;9;Misalignment;0.0030949999999999997;0.3457729765322906;0.0028250000000000003;0.20551;0.06482;-0.0002278859963510679;-5.787753777100623
2844;8;Normal;0.00078;0.09402457604264963;0.00158;0.05293;0.00833;0.001075573489793488;-7.252884520860226
2845;5;Normal;0.00064;0.1061637004818502;0.00083;0.062;0.00351;4.279239665645105e-05;-7.09880088603673
2846;0;Normal;0.00027;0.14221079283936222;0.001315;0.08236;0.00449;-0.00027996612295298133;-7.457370411559145
2847;0;Normal;0.00119;0.14265995408663218;0.001725;0.08237;0.00236;-0.0016674550272554867;-6.279494707488009
2848;4;Unbalance;0.001475;0.2970281602811424;0.003475;0.1866;0.0204;-0.0011384950502177627;-6.154212149875583
2849;8;Normal;0.001375;0.16694837555364234;0.0019;0.10462;0.00721;0.00018465336824204044;-6.392989752853728
2850;9;Normal;0.00177;0.22386188197189802;0.00201;0.13189;0.01551;-0.0001195859819638359;-6.473581704685245
2851;2;Normal;0.00064;0.26651933250704346;0.00196;0.15376;0.01212;-0.0005333438728082854;-6.7640622897574305
2852;9;Normal;0.001305;0.1429165056947587;0.001175;0.08921;0.01266;-0.000247542888135056;-6.679008959200228
2853;0;Normal;0.00017500000000000003;0.07916698617479385;0.00054;0.05016;0.00625;0.0010263254360660429;-8.327969639496565
2854;9;Rubbing;0.0026750000000000003;0.04538283596250899;0.00075;0.02636;0.0159;0.0001116097425941447;-5.948730391527722
2855;0;Unbalance;0.00041;0.29010190020060195;0.00219;0.16731;0.0387;-0.0004999039913914942;-7.41865108911625
2856;4;Misalignment;0.001905;0.18970111702359582;0.002765;0.12802;0.03249;-0.0013358717920748007;-6.104665316052596
2857;3;Normal;0.001405;0.1819329178571047;0.00111;0.1052;0.01152;-0.0009726960665554552;-6.280987579789442
2858;0;Normal;0.00017;0.12449010121290767;0.00164;0.07596;0.00243;-2.9885657678299956e-05;-8.320247404326837
2859;10;Normal;0.00106;0.13907860151727153;0.00091;0.00043;0.00071;-0.0009243075002093351;-6.031548042411102
2860;4;Misalignment;0.00262;0.33740013752220077;0.0029100000000000003;0.22926;0.02481;-0.0016169357118261541;-5.871587479032873
2861;5;Normal;0.0008500000000000001;0.18124453950395306;0.00118;0.12253;0.0007;-0.0011164134806575794;-7.023982076430333
2862;9;Normal;0.00165;0.0714890327253069;0.00069;0.0405;0.00384;-0.0016807716613708435;-5.918265736073449
2863;4;Normal;0.00045;0.19681150093426963;0.002705;0.13128;0.00461;-0.00016055308439472406;-7.416574467837813
2864;3;Normal;0.00059;0.09301492729664416;0.0015300000000000001;0.0542;0.00639;-0.0006260859887112054;-6.835296028833268
2865;7;Normal;0.0015249999999999999;0.08704322144773825;0.00159;0.04247;0.0209;-0.0003846500697061542;-6.037327737177443
2866;3;Normal;0.00234;0.02507361561482508;0.00048;0.0147;0.00018;-0.0011106645706580297;-5.644298625509155
2867;10;Rubbing;0.002835;0.093425140620713;0.00085;0.00076;0.00088;-0.0009083642436374837;-5.1332018652662965
2868;8;Normal;0.000865;0.12916273301537098;0.00142;0.0845;0.00512;5.566867438861885e-05;-6.960983886300653
2869;1;Rubbing;0.01752;0.04494676629080227;0.001475;0.02856;0.01004;-0.002535910026189247;-3.324385742513858
2870;7;Normal;0.00136;0.18324461738343095;0.002;0.10265;0.00694;-1.9533189305774806e-05;-6.461200402244987
2871;8;Unbalance;0.001715;0.2947981054891635;0.002765;0.17666;0.00976;-0.00037737997361318265;-6.122546583832225
2872;5;Normal;0.00058;0.16460844237158676;0.00077;0.09507;0.00223;-0.00017351553433298263;-7.337336617349903
2873;0;Normal;0.00024;0.10584947047576572;0.00133;0.06289;0.00369;-0.0012753413358434686;-7.617515433475339
2874;3;Normal;0.00073;0.08010336572204692;0.00074;0.0529;0.00673;-0.0008065083696109019;-6.924310288445092
2875;7;Normal;0.000575;0.2578691755522556;0.0027949999999999997;0.16045;0.007;0.0010460276117636542;-7.520968348725111
2876;7;Normal;0.00214;0.07883238230575047;0.001665;0.04825;0.00872;0.00014437114967139536;-6.146900339807649
2877;5;Normal;0.000895;0.13039522422236174;0.0007;0.08195;0.00197;-0.0009336558551335532;-7.060963663660344
2878;9;Normal;0.001535;0.2137719368860188;0.0016;0.13038;0.00599;-0.00019438173884937698;-6.306520582221139
2879;5;Normal;0.00066;0.263067620394453;0.00125;0.16462;0.00353;-0.0009345120119692064;-7.007714370958668
2880;3;Normal;0.00175;0.022297468466173462;0.00030000000000000003;0.01268;0.0066;-0.0010229503316027426;-5.8230545400461295
2881;7;Normal;0.00216;0.07172118864045687;0.00059;0.04121;0.00537;-0.0018370108317536148;-6.489596206143553
2882;9;Normal;0.00274;0.21675598054033016;0.002595;0.1432;0.01197;0.00046039669710152653;-6.190749298139796
2883;2;Normal;0.00088;0.06574459977823274;0.00071;0.03737;0.00282;-0.0012044356968546586;-6.573397117368726
2884;4;Normal;0.003955;0.2261350892718775;0.0024749999999999998;0.14879;0.02443;-0.001430188233892398;-5.1083780246599435
2885;4;Normal;0.040315000000000004;0.21830252884472048;0.002025;0.14813;0.01914;-0.00352509534000381;-2.3242438133921755
2886;4;Normal;0.00088;0.2067842984851606;0.001405;0.1337;0.00626;-0.0010401372905057356;-6.930562693891734
2887;4;Normal;0.000635;0.12718767039300627;0.00121;0.08418;0.0194;-0.0004674064764234966;-7.015947964778093
2888;6;Normal;0.00234;0.024114698837016398;0.00186;0.00472;0.00093;0.00023295502115775802;-6.1991387066333035
2889;0;Normal;0.00027;0.2117714322093516;0.00225;0.12157;0.019;1.765281679466994e-06;-7.954469106086489
2890;4;Normal;0.00051;0.1110508036891224;0.00111;0.07351;0.00869;-0.0008357074219598399;-6.941879702656724
2891;0;Unbalance;0.00053;0.3553677437528623;0.002875;0.22961;0.0053;-0.0007450304328044638;-7.132353837185067
2892;1;Normal;0.00051;0.020851805677206948;0.00055;0.01094;0.00163;0.00017636366409142542;-7.623827687201682
2893;3;Rubbing;0.00878;0.03019109140127266;0.00136;0.01379;0.00111;-0.0011135568504195678;-4.525465107008849
2894;10;Normal;0.001425;0.0768003619783136;0.00046;0.00055;0.00378;-0.0007477906926727331;-6.5927842291288155
2895;5;Normal;0.00096;0.2042387372659751;0.00103;0.13386;0.00352;-0.0018322754778588772;-6.4463449208266255
2896;7;Normal;0.00108;0.018657794617799824;0.00049;0.00955;0.00409;-0.0017119418771803616;-6.487201928995212
2897;8;Normal;0.00168;0.06999498267733197;0.00309;0.03794;0.0018;0.0011251162800951396;-6.810491733702767
2898;3;Normal;0.000695;0.03145291560412166;0.00119;0.01731;0.00592;-0.0005819761842943647;-6.743576539165564
2899;7;Normal;0.00082;0.13372157454950942;0.0021149999999999997;0.08392;0.00915;0.00013968500586035345;-6.447086489402739
2900;1;Normal;0.000545;0.10640941358733257;0.000965;0.06677;0.00129;-0.0008193256362899787;-7.048489892965329
2901;10;Rubbing;0.0040750000000000005;0.08894118506069051;0.00191;0.00186;0.00042;-0.0007325366229833905;-5.0466166965942625
2902;7;Unbalance;0.000785;0.3695224419436524;0.003105;0.23402;0.0111;0.000565737052053414;-6.921054797642125
2903;8;Normal;0.0008849999999999999;0.15454076193677835;0.001625;0.09263;0.00642;0.0012725164142324064;-7.00569642496121
2904;7;Normal;0.0005;0.08603470404435642;0.00103;0.04917;0.00425;0.0004983503072277637;-7.098189668752615
2905;7;Normal;0.0008049999999999999;0.05669260004621414;0.00048;0.03073;0.0049;-0.00012944693649845866;-7.103658706889578
2906;10;Normal;0.001645;0.19803481966563358;0.00118;0.00119;0.00097;-5.4312407696281545e-05;-6.0641785708522615
2907;7;Normal;0.001105;0.2565138633680449;0.001535;0.14811;0.01272;-0.00017926544739886135;-6.37413472123262
2908;0;Normal;0.00071;0.17033239327855404;0.00114;0.11437;0.00311;-0.0009074143551070496;-6.753727532579276
2909;8;Normal;0.00304;0.08889005287432336;0.00113;0.05014;0.00194;0.0006706777003569344;-5.994678741132051
2910;2;Normal;0.0013;0.049765435796343634;0.00034500000000000004;0.03151;0.00764;-0.0009827572869330803;-6.199966918178348
2911;6;Normal;0.0031450000000000002;0.04714689067160209;0.00375;0.01175;0.00285;-0.00023249217092710108;-5.532500735938068
2912;8;Faulty sensor;0.006410000000000001;0.0034976849486481765;0.00014;0.00195;0.00046;-0.003215511413254604;-4.25062049746418
2913;1;Normal;0.001745;0.18033417646136854;0.0031650000000000003;0.1143;0.00247;-0.0012443314000133128;-5.516612380738761
2914;10;Normal;0.00152;0.1448378486446136;0.00154;0.00152;0.00051;-0.0011420709396046038;-5.641114049981171
2915;7;Normal;0.000995;0.20440067221024494;0.002;0.12239;0.01204;0.00044456198584327865;-6.889261568176578
2916;8;Normal;0.002595;0.07952868287605422;0.00141;0.04749;0.00756;0.0005615479111066848;-6.067321659149174
2917;1;Normal;0.00064;0.06841479079848159;0.00047;0.03954;0.00403;-1.7237450720385732e-05;-6.7954419880132875
2918;6;Normal;0.0015249999999999999;0.2027458675287859;0.00166;0.12272;0.01189;0.00015849598816118065;-6.874604178446347
2919;1;Unbalance;0.00141;0.25191672215238115;0.00157;0.16819;0.00184;9.824123156047077e-05;-6.745545008116195
2920;2;Normal;0.001255;0.08806795614751145;0.00075;0.05017;0.00094;-0.0013160857510319337;-6.571467687138493
2921;9;Normal;0.0015;0.2143599734092165;0.002005;0.13661;0.00652;0.00044920764759105974;-6.609073706857411
2922;5;Normal;0.000745;0.129409144576417;0.00222;0.08247;0.00207;-0.00030622376817185837;-6.788029596330877
2923;9;Normal;0.00053;0.09049576454177288;0.00097;0.05567;0.01377;0.0008706952953730703;-7.5409087713434015
2924;9;Rubbing;0.004555;0.14906899275167856;0.00173;0.09066;0.00098;-0.00020922259428834798;-5.550153967975518
2925;4;Misalignment;0.05401;0.17674535694043;0.00407;0.11711;0.03777;-0.002070135279718322;-2.4343645983474733
2926;10;Normal;0.00271;0.1677722292276049;0.001715;0.00172;0.00043;0.0006485360184961047;-6.348350894101605
2927;1;Normal;0.00034;0.1594670128898137;0.00119;0.09187;0.00409;-1.4440505857790517e-05;-7.81797967118495
2928;4;Unbalance;0.00085;0.35464714971362726;0.00246;0.22516;0.01041;-0.00012603024803172993;-6.799417002884195
2929;1;Unbalance;0.00051;0.2799566128884974;0.00183;0.16561;0.00561;-5.820379373005211e-05;-7.181866895534389
2930;2;Rubbing;0.008195000000000001;0.11222105640208525;0.0011;0.06808;0.00176;-0.0019648728543616625;-4.302368049343348
2931;5;Normal;0.08256;0.0842210965257518;0.001515;0.05618;0.00337;-0.0036017157828222416;-1.394474743355923
2932;10;Normal;0.00107;0.10190034151071331;0.00119;0.00088;0.00047;-0.0005134690293690941;-6.456783078757261
2933;2;Normal;0.00111;0.1796030200191522;0.00117;0.10253;0.00265;-0.0009909343659296674;-6.543570087994303
2934;8;Faulty sensor;0.003915;0.0076899154741778535;0.00012;0.00423;0.00171;-0.0031080008907419087;-4.749821897331409
2935;5;Normal;0.000625;0.20714675401753221;0.001065;0.13305;0.00516;-0.0005829690508112769;-7.4797195448163745
2936;7;Normal;0.00128;0.11957823255091204;0.00121;0.07126;0.00419;-0.00021824406863222223;-6.737841661477096
2937;9;Normal;0.0022;0.11749316192868418;0.00158;0.07745;0.01934;0.0005308885932980174;-6.48921790025345
2938;5;Normal;0.00195;0.058438008179608585;0.001415;0.03558;0.00331;-0.0013806020789707333;-5.743519399217685
2939;6;Normal;0.001025;0.12828806764465664;0.001835;0.07609;0.0026;0.0006205602040703097;-7.18098293332348
2940;1;Faulty sensor;0.0019;1.1831404523555096;0.004895;0.01454;9e-05;-0.001732056467618429;-5.782592575044659
2941;4;Normal;0.004965000000000001;0.07928240031684207;0.00116;0.05021;0.02202;-0.0012002918032708414;-5.162832693532567
2942;9;Unbalance;0.001355;0.3321636956381597;0.0026449999999999998;0.19863;0.00305;-0.0003387437567350563;-6.622281421031886
2943;4;Faulty sensor;0.00345;0.2153696833354221;0.00136;0.00259;0.00017;-0.0017038991116956617;-5.074942605587181
2944;9;Normal;0.001435;0.1491144131195908;0.001555;0.09194;0.00803;0.0005497374743907456;-6.791840884763839
2945;5;Normal;0.00048;0.03968570397510922;0.00034;0.02317;0.00365;-0.0006879015785214224;-7.195066749163225
2946;6;Unbalance;0.0028;0.6659361127765936;0.004915;0.42606;0.0088;-0.0002303652017744389;-6.2025694162328175
2947;10;Normal;0.001765;0.16299465543385153;0.000745;0.00077;0.00021;-0.0013720705111932544;-5.965583938664389
2948;10;Normal;0.001915;0.12795913175697934;0.001695;0.00143;0.00054;-0.0008106699789256886;-5.881190293480656
2949;4;Normal;0.001725;0.0655162102078562;0.001225;0.04208;0.01112;-0.0015162911300934812;-5.958437750844645
2950;4;Normal;0.00137;0.1021725741087108;0.000955;0.06864;0.01163;-0.0019546127794919576;-5.830590088094264
2951;5;Faulty sensor;2.428575;0.7878201059886706;0.071625;0.10994;0.01528;-0.0028885372121386327;1.504757321163661
2952;7;Normal;0.000835;0.14876207749288795;0.00117;0.09923;0.00391;3.943144973311707e-05;-6.952487751014764
2953;8;Normal;0.00136;0.132163790426879;0.00155;0.08268;0.0015;0.00023520371955099148;-6.491348998013681
2954;2;Normal;0.000955;0.2642349015554153;0.001535;0.14983;0.00544;-0.0005618667828524876;-6.873314787865928
2955;9;Normal;0.00119;0.18012645141677555;0.001635;0.10962;0.00734;0.0008005219311364873;-6.932805366013607
2956;9;Normal;0.0029449999999999997;0.14879588233550015;0.00195;0.09267;0.01716;0.00010458636169325666;-5.805677225632596
2957;7;Normal;0.00223;0.14291374216638508;0.00134;0.09024;0.00449;-0.000888225819111149;-6.738996662251998
2958;4;Normal;0.0062699999999999995;0.24404663837061966;0.00487;0.1622;0.01376;-0.0022994983449043786;-4.403602623074853
2959;3;Normal;0.00201;0.10429244555575443;0.00134;0.06644;0.00826;9.35941812826396e-05;-6.335123096736846
2960;10;Normal;0.0025250000000000003;0.12393991124734599;0.00165;0.00206;0.00053;-0.00023774364513708693;-5.907796163214424
2961;7;Normal;0.00146;0.0760773790295118;0.00038;0.04551;0.01035;-6.84962090663537e-05;-7.157301242759027
2962;5;Normal;0.00103;0.21500067325475988;0.00113;0.1466;0.00353;-0.0017719923322612632;-6.41319910559395
2963;10;Normal;0.001755;0.19051156579063644;0.001935;0.00157;0.00065;0.0004914790337594907;-6.212708126003465
2964;7;Normal;0.001545;0.09535097587334909;0.00117;0.05345;0.00186;-0.0004990670842357612;-6.052483482223043
2965;10;Normal;0.00126;0.041866524813984736;0.00109;0.00091;0.00035;-0.000944759570895365;-6.476029677654622
2966;2;Normal;0.000895;0.16475307220200783;0.0013;0.10333;0.01654;8.342016195721717e-05;-6.871767536365806
2967;0;Normal;0.00042;0.08022505095043567;0.0007;0.0462;0.00629;-0.0012447919099131972;-7.231561273535637
2968;5;Normal;0.000675;0.19944518745760703;0.001065;0.13497;0.00541;-0.000713473451395674;-6.8900499984775765
2969;8;Faulty sensor;0.00435;0.006713128927705769;0.00012;0.00368;0.00199;-0.0032051221654473554;-4.602161604018063
2970;0;Normal;0.00032;0.07432479061524493;0.00075;0.04438;0.00248;-0.001254049165957457;-7.467498851953117
2971;4;Normal;0.00198;0.16617526590922008;0.00265;0.11041;0.01547;-0.0016004692587557982;-5.868000301722296
2972;8;Unbalance;0.000505;0.3295558826663545;0.00249;0.19362;0.00325;-0.00032189484646810235;-6.960789373810538
2973;5;Rubbing;0.09865499999999999;0.12627616996092333;0.00152;0.07128;0.00676;-0.003706184130775567;-1.3865866425726292
2974;9;Unbalance;0.00461;0.4150399295248591;0.0056500000000000005;0.25493;0.02403;-0.0009342000445356698;-5.206395445759725
2975;3;Rubbing;0.0045000000000000005;0.06518507574590982;0.0013;0.03436;0.00657;-0.00136269067110402;-5.1621333080399445
2976;10;Normal;0.000995;0.10643655997823304;0.00129;0.00106;0.00022;-0.0003166048254862717;-6.4685949405529515
2977;10;Normal;0.0030150000000000003;0.05790000345423133;0.00099;0.00108;0.00157;-0.0013301723816061695;-5.518994488700532
2978;1;Rubbing;0.00481;0.12586316140952444;0.00175;0.07539;0.00788;-0.0016554605394761483;-4.926588775717888
2979;7;Normal;0.000675;0.21484827809410062;0.0026;0.13355;0.00682;0.00030182354326640615;-7.177983554465428
2980;4;Normal;0.00119;0.06459850694869038;0.001605;0.03692;0.01131;-0.0007814665617299625;-6.4746662918302835
2981;0;Normal;0.00029;0.1588082252277885;0.001045;0.09528;0.0111;-0.0002656794735171595;-7.866248809194921
2982;1;Normal;0.002765;0.09057800671244648;0.0008049999999999999;0.06019;0.00447;-0.003752727302977423;-5.148326987938521
2983;6;Unbalance;0.00156;0.31787436260258545;0.00246;0.19246;0.00684;-6.693470209039826e-05;-6.679399774162412
2984;10;Normal;0.00083;0.11741861564505007;0.001175;0.00094;0.00055;-0.0009875102966439247;-6.490668804829882
2985;7;Normal;0.00098;0.11652106762298398;0.00155;0.06929;0.01408;0.0006156978050224352;-6.663678186479705
2986;5;Normal;0.000965;0.25860852402811474;0.00142;0.153;0.00558;-0.000706625536064089;-6.649812777338633
2987;4;Normal;0.000785;0.2283331627249971;0.00141;0.14768;0.00852;-0.0006157910376429958;-7.050682261324359
2988;8;Normal;0.001785;0.1695923547805148;0.00221;0.09657;0.00552;-0.0004858337852727487;-6.127945644635944
2989;7;Unbalance;0.00077;0.34772081948022615;0.002385;0.20073;0.00737;-9.89528155392606e-05;-6.950039626149452
2990;1;Normal;0.001055;0.23960573782779074;0.00293;0.13433;0.00055;4.1763108647132753e-05;-6.43934536538189
2991;8;Faulty sensor;0.00696;0.00576064232529672;0.00014;0.00331;0.00086;-0.003238958579616259;-4.158879064412621
2992;9;Normal;0.00262;0.23020770947125122;0.0024149999999999996;0.15247;0.00834;0.00014935432801997317;-6.245232375377966
2993;5;Normal;0.00047;0.035817096476403555;0.00043;0.02295;0.00245;-0.000643429610595095;-7.187812870458819
2994;8;Unbalance;0.001935;0.3051068992992456;0.00285;0.1804;0.00726;-0.00023888533702184274;-5.881250818411291
2995;1;Normal;0.00073;0.04224088777476155;0.00158;0.02518;0.00756;-0.0005937971902256031;-6.738923900869331
2996;7;Normal;0.00105;0.10982028000328536;0.00136;0.06776;0.00303;3.7455146559202084e-05;-7.049425343863565
2997;5;Unbalance;0.00042;0.3159710879178663;0.0016649999999999998;0.18991;0.00137;-0.0005761561890790987;-7.235174033294906
2998;4;Normal;0.009715;0.07434823871484784;0.001805;0.04831;0.01578;-0.002543024706806115;-3.9510142687596113
2999;1;Normal;0.000755;0.08710839970978689;0.0012850000000000001;0.05697;0.00639;-0.0007655185523369785;-6.7602258649747755
3000;3;Normal;0.000875;0.060870879737358816;0.000635;0.03615;0.00737;-0.0005395167982212314;-6.837757420493432
3001;1;Normal;0.001095;0.07790402171903578;0.000655;0.04571;0.00445;-0.0013269240440143327;-6.33066956492349
3002;3;Rubbing;0.0065450000000000005;0.060799571544542984;0.00111;0.03379;0.00462;-0.001361835120533922;-4.825868474408121
3003;1;Normal;0.00034;0.1008648928022035;0.00159;0.05742;0.0097;-0.0004629637892378077;-7.403339472624192
3004;9;Normal;0.00119;0.03366673580850985;0.000825;0.02071;0.00246;0.0007091801532313099;-6.703591180939634
3005;7;Normal;0.001375;0.09723528577630654;0.00119;0.06428;0.00152;-0.00020363402613967537;-6.635909925308028
3006;9;Normal;0.001435;0.15735462751377857;0.0012200000000000002;0.09292;0.01748;-0.0001956770754006134;-6.587355934170248
3007;5;Faulty sensor;0.15475;0.04611909040733566;0.0036049999999999997;0.00895;0.00102;-0.0032268511167371605;-1.0654085894260334
3008;3;Normal;0.00156;0.05186165924842744;0.000775;0.02973;0.00562;-0.0008186544830478254;-6.392435113232691
3009;5;Normal;0.00068;0.10786292736617158;0.00062;0.06779;0.00302;-0.00035706943526892806;-7.126716215298257
3010;10;Normal;0.00118;0.1395028315124822;0.000975;0.00149;0.00051;-0.000994158904926978;-6.516889833127525
3011;3;Normal;0.00157;0.08993953802416377;0.00139;0.0538;0.00129;-0.001376471962478235;-5.981827931953813
3012;0;Normal;0.00029;0.1397622377468249;0.000835;0.09395;0.01033;0.0007794934456085595;-8.237206185641478
3013;4;Misalignment;0.00291;0.1464513478941044;0.00218;0.09312;0.03196;-0.002125433943449575;-5.235304752697285
3014;4;Normal;0.00166;0.21053098536795004;0.00146;0.12217;0.01391;-0.001657209490246822;-6.000212212421924
3015;10;Rubbing;0.023629999999999998;0.2703569407283638;0.00194;0.00265;0.00044;-0.0028586124034073535;-3.119952963806955
3016;5;Rubbing;0.003875;0.10297605401257127;0.00054;0.05985;0.00447;-0.0022585572213794304;-4.964475810760624
3017;7;Normal;0.00102;0.16488199719799612;0.002535;0.10166;0.00679;0.0003593286665465142;-6.529783638022289
3018;5;Normal;0.00095;0.2548635075878852;0.001205;0.16105;0.00219;-0.0020314703707394258;-6.49296471269769
3019;4;Normal;0.00149;0.14695264373259842;0.003445;0.09666;0.02029;-0.001093711861827405;-6.067804318369849
3020;4;Normal;0.016895;0.19729594952760687;0.00274;0.12328;0.01172;-0.0034532458194595013;-3.252637638065172
3021;2;Normal;0.00055;0.05579120629633312;0.000735;0.03175;0.01513;0.0012145555081203305;-7.723818138321458
3022;1;Normal;0.00055;0.06586625084214222;0.00188;0.04153;0.00261;0.0005100266233133283;-7.7098878861013285
3023;4;Normal;0.000745;0.11446178270497101;0.001975;0.07617;0.01254;-0.00026804746236626473;-7.284071357954781
3024;1;Normal;0.00057;0.07790115275141954;0.0020800000000000003;0.04806;0.00092;2.7098791995609425e-05;-7.029990840868898
3025;3;Rubbing;0.01794;0.03648311664318168;0.00212;0.01414;0.00761;-0.0015434230089213415;-3.706920198824613
3026;6;Normal;0.00152;0.1821035161659434;0.00161;0.11173;0.00697;0.001456415544606215;-6.713651478715191
3027;8;Unbalance;0.001315;0.3872629598864317;0.00382;0.23715;0.00385;-0.00020416653890591377;-6.265444912454479
3028;3;Normal;0.00221;0.03318062085012877;0.00056;0.02074;0.00912;-0.0005446813333252664;-6.400173679759626
3029;4;Normal;0.001375;0.10738696662072171;0.00234;0.07024;0.00168;-0.0008141976273682694;-6.593537774768228
3030;7;Normal;0.00072;0.09980321537906481;0.00173;0.06098;0.00654;-0.00014367481104020127;-7.102696219532774
3031;8;Normal;0.0026049999999999997;0.16688444535066774;0.00232;0.09644;0.00827;0.0005597399663162334;-6.287528503465541
3032;6;Unbalance;0.00198;0.5411047638858856;0.004125;0.33469;0.00578;-0.0002800903021390796;-6.32933630831042
3033;4;Normal;0.04194;0.13952216920618746;0.00136;0.09367;0.00216;-0.0036524713477094862;-2.2446049915437234
3034;7;Normal;0.00051;0.22959526301733663;0.0032500000000000003;0.13479;0.01481;0.0005534091692746855;-6.930663866240947
3035;7;Normal;0.00042;0.06426632788638231;0.0006399999999999999;0.03537;0.00494;-3.876891042282259e-05;-7.3160305814424245
3036;1;Normal;0.00042;0.06683751192257234;0.001005;0.04391;0.00816;-0.0010432152139470655;-7.160609020253219
3037;6;Normal;0.0039;0.037651309406181346;0.0008849999999999999;0.01983;0.00807;0.0007349528934142516;-5.5504113992946795
3038;9;Normal;0.0019;0.033238531856867565;0.000825;0.01926;0.00325;-0.0007102412823465058;-6.0080732810657675
3039;5;Normal;0.000865;0.15398077185155296;0.000865;0.09668;0.00238;-0.0010666327415384937;-6.591728112794767
3040;7;Normal;0.00248;0.04747697757861172;0.00037;0.0285;0.00481;-2.4626257028456245e-05;-6.839206946836562
3041;2;Faulty sensor;0.00343;0.004652633662776386;9e-05;0.00275;0.0001;-0.0028741474627708955;-5.007904825702723
3042;7;Normal;0.000895;0.1529471732331134;0.000965;0.09478;0.005;-0.00046828792807228077;-6.871044150071926
3043;7;Normal;0.00038500000000000003;0.12686776935061167;0.00098;0.07398;0.00702;-0.0003924541752882988;-7.284756374274551
3044;4;Normal;0.0016;0.2532501395853515;0.00251;0.14598;0.02299;-0.001572953220562585;-5.858804486453898
3045;5;Normal;0.0009400000000000001;0.1650886885888915;0.0010400000000000001;0.11157;0.00491;-0.000514311873600524;-6.884296043118291
3046;10;Normal;0.0010400000000000001;0.08551498815997112;0.00139;0.00055;0.00034;-0.0011749228744000878;-6.358802458305266
3047;4;Normal;0.00042;0.07051574079593861;0.00068;0.04659;0.00739;-0.0004814829941136604;-7.36761452045194
3048;7;Normal;0.00208;0.11862784453913003;0.0011;0.07556;0.01092;-0.000529600600792095;-6.292335121783599
3049;1;Normal;0.000945;0.0628159748790067;0.00082;0.03921;0.00296;-0.00014813278251645534;-6.8137294671773825
3050;3;Rubbing;0.005945000000000001;0.07564108076964526;0.0025;0.03675;0.00563;-0.0011985231035615304;-4.494735469303398
3051;10;Normal;0.00313;0.11655958476247244;0.00125;0.00117;0.00074;-0.0013930307498066052;-5.590733480504464
3052;6;Unbalance;0.026105;0.41162856460649083;0.003895;0.21164;0.00365;-0.002237181476948984;-2.928783232943455
3053;8;Normal;0.0024549999999999997;0.10265885154237799;0.0014949999999999998;0.06392;0.00647;0.0006201779651186466;-6.311383921805157
3054;1;Normal;0.00051;0.12726811933866233;0.0009;0.07142;0.00228;-0.000869896786010929;-7.110147681013352
3055;1;Normal;0.000205;0.056761717732993246;0.0007700000000000001;0.03209;0.00831;-0.00024205470608449964;-7.31264405690776
3056;3;Unbalance;0.001115;0.2643107739007247;0.0019;0.16802;0.01771;-0.00023442146368847679;-6.555330989917957
3057;7;Normal;0.00117;0.15850170314542367;0.0014;0.10323;0.00128;-0.0007929353132723223;-6.34607874818819
3058;8;Faulty sensor;0.00389;0.0066503984843015234;0.00011;0.0034;0.00132;-0.0031403462839373173;-4.705858671367965
3059;8;Normal;0.00121;0.10225685893865506;0.001115;0.0604;0.00323;-0.0009308143335923783;-6.2984662294229565
3060;10;Rubbing;0.00439;0.04988231149415592;0.00068;0.00058;0.00132;-0.0007778098379259363;-5.256456110639068
3061;6;Normal;0.0046300000000000004;0.024524396017027616;0.001855;0.00637;0.0062;-0.00039417041046932536;-5.31063673237201
3062;7;Unbalance;0.00087;0.37892399989971604;0.0024749999999999998;0.22644;0.00464;-5.928644339740681e-05;-6.751027073778119
3063;2;Normal;0.001065;0.13133309674259572;0.000985;0.08067;0.00402;-0.0007775788310972822;-6.56936668382243
3064;7;Normal;0.00126;0.2550753633732588;0.0022;0.14313;0.00603;0.000581997712338234;-6.456565449328574
3065;7;Normal;0.000925;0.2248509477409424;0.00243;0.12391;0.00929;-0.00022899955774033568;-6.835015169843493
3066;4;Normal;0.00055;0.10632999717859491;0.00099;0.07034;0.0104;-0.00022174060165937055;-7.128764840591385
3067;4;Faulty sensor;0.00887;1.5741418786754897;0.007925;0.0227;0.00072;-0.001841487611267315;-4.345869475339296
3068;10;Normal;0.0019;0.14231716270358963;0.00116;0.00105;0.00012;-0.0002978562550944954;-6.391129051367792
3069;4;Normal;0.01096;0.03525200987177895;0.0006850000000000001;0.02272;0.00408;-0.0025674116063344474;-3.758740017902461
3070;8;Unbalance;0.003055;0.3265361681345575;0.00351;0.19612;0.02453;-0.0005690216477668295;-5.434782416031186
3071;7;Normal;0.00081;0.1103247034892911;0.001465;0.06823;0.01154;0.0012917604087580616;-7.425129355733207
3072;9;Unbalance;0.003385;0.29481282875750164;0.002725;0.16798;0.01235;-0.0007934743900706818;-5.633701404369007
3073;3;Normal;0.00086;0.06332640602465926;0.00131;0.03756;0.01292;-0.0003630517130461173;-6.824087933839212
3074;3;Normal;0.00116;0.07108343126214435;0.001045;0.04306;0.00386;-9.657704355657102e-05;-6.830775676784719
3075;4;Normal;0.00222;0.22709507238159088;0.002535;0.15373;0.02519;-0.0015582527556906836;-5.63993574684682
3076;6;Unbalance;0.00102;0.4018136701258433;0.00361;0.24678;0.00776;8.774883631081783e-05;-6.681883563873731
3077;8;Faulty sensor;0.006155;0.0033951141365203027;0.00013499999999999997;0.00186;0.00043;-0.003242944413206501;-4.290203294811981
3078;4;Normal;0.000925;0.12074251736650184;0.00389;0.07063;0.00961;3.438702115498032e-05;-7.159877843528421
3079;4;Normal;0.000745;0.10366288438973711;0.00147;0.06938;0.02469;-0.0008541868477729721;-6.661113159246131
3080;1;Normal;0.00099;0.06239281689425475;0.00051;0.03916;0.00306;-0.0008915127574981588;-6.759041782465933
3081;1;Normal;0.00135;0.092151646756854;0.00139;0.06083;0.00587;-0.0030332497728830154;-5.671474012420189
3082;4;Misalignment;0.0019950000000000002;0.33673875838697276;0.0035050000000000003;0.22757;0.03042;-0.0011732960799502765;-5.975753017562186
3083;1;Normal;0.00035;0.023535868371487804;0.00038;0.01424;0.00387;-0.000825758004228874;-7.522382054890564
3084;10;Normal;0.00103;0.16184684828565554;0.0011;0.00116;0.00045;-0.00023918503278186595;-6.369919534700997
3085;5;Normal;0.00237;0.044196547376463696;0.00022;0.03011;0.00394;-0.003336480284155648;-5.175649892957585
3086;4;Normal;0.000845;0.16213052334461886;0.00193;0.10926;0.03026;-0.0005957364046073158;-6.664519890592591
3087;1;Normal;0.000405;0.01677044722122818;0.0008;0.00778;0.00047;-0.00011804232435970905;-7.46875048949817
3088;5;Normal;0.00063;0.2334306134593319;0.000965;0.13513;0.0062;-0.0005638512724055716;-6.960309367038696
3089;4;Normal;0.00084;0.08244574155164111;0.00157;0.05027;0.0212;2.987566534796135e-05;-7.298375825482909
3090;7;Normal;0.00128;0.16083350677020009;0.00189;0.09964;0.00303;-0.0009855349829343753;-6.877442196481785
3091;5;Unbalance;0.000545;0.31447927849065027;0.001335;0.18321;0.00591;-0.0011789891840841883;-7.04331866173165
3092;4;Normal;0.0007650000000000001;0.15548750946619472;0.001815;0.10458;0.02676;-0.0006758758391953431;-6.721408445360684
3093;10;Normal;0.00146;0.19247368521436897;0.0012850000000000001;0.00103;0.00087;-0.00027566730282928124;-6.34544640701656
3094;9;Unbalance;0.0038050000000000002;0.4089514444283086;0.00374;0.23321;0.01257;-0.00019183290208493089;-5.757574208219384
3095;4;Unbalance;0.00069;0.3008441799337324;0.0023899999999999998;0.19142;0.00876;-0.00041350921497906493;-7.000844189902356
3096;1;Normal;0.00038500000000000003;0.02914550565696193;0.00051;0.01738;0.00371;0.0008327339680905023;-7.617203756470929
3097;8;Unbalance;0.00118;0.2758474676338356;0.002635;0.17061;0.01428;-0.0003785368302819225;-6.871620077523965
3098;10;Normal;0.00392;0.08305595282699489;0.00078;0.00078;0.00022;-0.0014801871011142587;-5.315019299416182
3099;6;Unbalance;0.0022250000000000004;0.3250365279472447;0.0033750000000000004;0.1848;0.01476;6.132607175004108e-05;-6.112313068582651
3100;7;Normal;0.001105;0.07741868960399678;0.001345;0.04677;0.01812;-0.0003216037050718657;-6.615854446549873
3101;6;Normal;0.00215;0.06766075745954962;0.001715;0.03998;0.00598;0.0007461451107003994;-6.590222608075784
3102;9;Normal;0.00279;0.07690123080939602;0.00155;0.04719;0.0161;-3.2817219891413354e-05;-5.614644722460874
3103;5;Normal;0.000615;0.17362136014903234;0.0007650000000000001;0.1097;0.00283;-0.00039278977041458873;-7.335934654267881
3104;3;Normal;0.00149;0.151934621465945;0.00102;0.08837;0.00179;-0.0009288434452999078;-6.212568084177265
3105;8;Normal;0.00406;0.06493508989752766;0.00197;0.03793;0.0104;-0.0013697714583386384;-4.9853216316528455
3106;9;Unbalance;0.002025;0.3346679977231166;0.0022649999999999997;0.19767;0.0066;-0.00034982268571583287;-5.965169377741918
3107;8;Faulty sensor;0.00375;0.006850926944582026;0.00011;0.00421;0.00164;-0.003062699695774307;-4.8181899098513465
3108;3;Faulty sensor;0.0248;0.019221240854845972;0.001425;0.00386;0.0011;-0.002018796048659785;-3.4842871757804574
3109;5;Normal;0.0005;0.20179993012882833;0.0008849999999999999;0.12967;0.00428;-0.00045543238181692424;-7.395332388422246
3110;7;Unbalance;0.0017599999999999998;0.410939989901202;0.003645;0.23423;0.01033;-0.0008287146279861087;-6.215500364041984
3111;3;Normal;0.00112;0.07001067061527122;0.0012850000000000001;0.04125;0.00848;-0.0004802665293893012;-6.527464231038363
3112;7;Normal;0.00081;0.08192283747527304;0.000915;0.04693;0.00481;0.0008579609589556073;-6.809367190518524
3113;10;Normal;0.00178;0.08261776322317133;0.00079;0.00075;0.0007;-0.0011252116434549314;-5.784279291389524
3114;5;Normal;0.0007199999999999999;0.07220200343480783;0.001135;0.0483;0.00181;-0.0005414936942771359;-6.950919984619582
3115;9;Unbalance;0.003745;0.30317813047777703;0.0035;0.17465;0.02707;-0.00032839025013501884;-5.479300390168247
3116;10;Normal;0.00239;0.06210459081259613;0.000925;0.00144;0.00205;-0.0006768756339849875;-5.608379693647926
3117;6;Unbalance;0.032955;0.4885530360155384;0.005285;0.24309;0.00169;-0.0023559178040908693;-2.755562159277049
3118;4;Normal;0.001265;0.21984551234901295;0.006954999999999999;0.12751;0.00765;0.0003010275041970966;-6.870523956592634
3119;9;Normal;0.003705;0.20719065326408911;0.00157;0.11788;0.00555;-0.0009615593906753921;-5.596532141762079
3120;5;Faulty sensor;1e-05;0.0;0.0;0.0;0.0;-0.01092977077821245;-14.468829076200361
3121;1;Normal;0.000445;0.02861833503193364;0.001075;0.01776;0.00661;-0.00043436990807260343;-6.906008548686116
3122;9;Normal;0.00153;0.0744443349087088;0.00101;0.04704;0.00498;-8.271790611714342e-05;-6.3338622359488355
3123;3;Normal;0.00111;0.18178006876442757;0.00141;0.12285;0.00618;-0.0007925680814058714;-6.533147032470242
3124;1;Normal;0.00018;0.06428549136469285;0.00107;0.037;0.00562;-2.7195258186436545e-05;-7.5372578176552745
3125;5;Rubbing;0.015545;0.13980347384811295;0.000795;0.0897;0.00447;-0.003191222091806414;-3.391835619364769
3126;3;Normal;0.00067;0.09608090861352217;0.001045;0.06105;0.01145;-1.8504051757258938e-05;-7.01453404276757
3127;4;Normal;0.00055;0.25405694578184634;0.001915;0.14685;0.01712;0.00035511593513427517;-7.488770754953954
3128;1;Normal;0.00030000000000000003;0.04068930572029953;0.00057;0.02484;0.00479;-0.0001789434671377971;-7.742765998385049
3129;5;Normal;0.000785;0.15435125817433432;0.00081;0.09711;0.00189;-0.0012408519694005423;-7.206926004091069
3130;8;Normal;0.001155;0.11161444978137912;0.00096;0.0631;0.00434;0.0015527018124755422;-7.231429576442972
3131;10;Normal;0.00166;0.11794288575408014;0.001445;0.00145;0.00035;-0.001185282657214589;-5.999707348600483
3132;8;Normal;0.00109;0.11573919042398732;0.00147;0.06328;0.00933;-0.00011594395106417461;-6.670818574591175
3133;7;Normal;0.001415;0.1364245351833753;0.001035;0.08103;0.00466;0.00015605563399150802;-6.540036380402846
3134;5;Normal;0.00299;0.051729870481183306;0.00045;0.03156;0.00723;-0.002163941884011128;-5.2840968159523465
3135;7;Normal;0.001215;0.21330289426072024;0.00157;0.12835;0.02106;-0.0005440712164560032;-6.331088386384744
3136;5;Normal;0.0005;0.11894623617416401;0.00062;0.0742;0.00103;-0.0004838756907060999;-7.385078603819141
3137;0;Normal;0.00031;0.263930525138719;0.00233;0.16495;0.02057;-0.00016239348230317083;-7.881317187522815
3138;9;Unbalance;0.00245;0.25290613436609244;0.0032300000000000002;0.16661;0.00963;-0.00030983048143634856;-5.730423491282203
3139;1;Normal;0.00072;0.07457908688097489;0.0008;0.04766;0.00359;-0.0013959320135357228;-6.558467102111695
3140;10;Normal;0.00268;0.058833115674762626;0.001405;0.00119;0.00033;-0.0007773770103069669;-5.649299262169128
3141;7;Normal;0.00099;0.1987416959271506;0.0011949999999999999;0.11409;0.00699;1.4184147969365087e-05;-6.608907345741577
3142;2;Normal;0.00134;0.14570845205409327;0.001405;0.08975;0.00765;-0.0005348849478450672;-6.682568837986869
3143;3;Rubbing;0.008985;0.05678092549439468;0.00096;0.03683;0.00389;-0.0018145742228008522;-4.6920670441741805
3144;1;Normal;0.00191;0.07530527936340187;0.001175;0.04893;0.00636;-3.800128584882674e-05;-6.508678337301884
3145;10;Rubbing;0.006245;0.11141867976241686;0.00198;0.00197;0.00031;-0.0013717907358836996;-4.749737812386299
3146;4;Unbalance;0.000755;0.24734330130407817;0.0027;0.16769;0.01668;0.00016159289628222512;-7.008956350268346
3147;7;Normal;0.00068;0.15678944543559048;0.0009;0.09591;0.00561;-0.0004470892968524403;-6.985266876387184
3148;0;Unbalance;0.00042500000000000003;0.26818920876873475;0.0015249999999999999;0.18067;0.01329;0.000371052854834396;-7.532372363398958
3149;4;Normal;0.00087;0.13853351652217596;0.00556;0.07668;0.00263;8.354344519686193e-05;-7.291695471111533
3150;1;Rubbing;0.00632;0.056655914960399324;0.00055;0.0329;0.00444;-0.0021419729483512736;-4.535797897124413
3151;10;Normal;0.003545;0.019188702405321733;0.00042;0.00039;0.00041;-0.0006505412150876629;-5.589051750471389
3152;1;Rubbing;0.270095;0.431090150316613;0.028695;0.1526;0.01213;-0.001207556950471634;-1.0449802430197288
3153;7;Normal;0.00059;0.05297548584015064;0.000575;0.03132;0.00517;-3.4882402776157915e-05;-7.4327552476106025
3154;1;Normal;0.00044;0.11420853777191965;0.0012799999999999999;0.06426;0.00247;-0.000153542537598363;-6.999935566455311
3155;1;Normal;0.00109;0.0661255283532767;0.0008849999999999999;0.0413;0.01226;6.330526695591226e-05;-6.97129992753725
3156;7;Normal;0.00085;0.1752948809862969;0.00123;0.11644;0.00716;-0.0008018145866229375;-6.433258593996097
3157;4;Unbalance;0.00116;0.25660673685622515;0.00267;0.16992;0.02252;-0.0001600237953912396;-6.697433164756758
3158;4;Unbalance;0.002125;0.3011154147498929;0.0047;0.2014;0.02045;-0.0011433823851604318;-6.0283441767300205
3159;6;Normal;0.00118;0.06285657642601926;0.001485;0.03699;0.00709;-0.00040891055096068833;-6.838558627389801
3160;5;Faulty sensor;0.080835;0.02369532021307161;0.0018700000000000001;0.00359;0.0005;-0.0031884673960815534;-1.7921073651701158
3161;10;Normal;0.00137;0.13397292263737476;0.00129;0.00145;0.00033;-0.0008082142065617397;-6.010452689809037
3162;8;Unbalance;0.00241;0.310862424876343;0.002705;0.18897;0.00962;-0.0006649232814646205;-5.910447455496976
3163;6;Normal;0.002065;0.15872897435566072;0.0020350000000000004;0.09679;0.00537;-0.0012814989979680871;-5.965166172368317
3164;5;Normal;0.00046;0.12785402653025832;0.000915;0.07546;0.00347;0.00011506344857606976;-7.4065743154699275
3165;3;Normal;0.0009350000000000001;0.0680118666116436;0.0008;0.044;0.00086;-0.000552222180569968;-6.793684992741106
3166;5;Faulty sensor;0.026535;0.370873586819013;0.006285;0.01108;0.00041;-0.002815544743945247;-2.9915088179249008
3167;0;Unbalance;0.000965;0.4409679413517495;0.0047550000000000005;0.25577;0.01517;-0.0008589450337339407;-6.528530727515348
3168;3;Rubbing;0.009115;0.05433578931054559;0.00243;0.02761;0.01006;-0.0015101293852322777;-4.33697013234047
3169;8;Normal;0.0020550000000000004;0.1862248307825785;0.00168;0.10548;0.01509;-0.0006583093036808409;-6.1626408964404265
3170;3;Faulty sensor;0.01099;0.015988264446149245;0.00081;0.00627;0.00059;-0.002243902280564166;-3.9684924802074466
3171;10;Normal;0.000945;0.17867281830205736;0.001505;0.00155;0.00021;-0.000761426419922703;-6.733158060285443
3172;7;Normal;0.000445;0.17127688372924116;0.00116;0.09824;0.01345;0.00038402399936521335;-7.232469444991793
3173;4;Normal;0.0014;0.13184583042326367;0.001545;0.07555;0.01858;-0.001062110634440366;-6.45328408350539
3174;7;Normal;0.00064;0.04317333320465308;0.0011;0.02642;0.00356;0.0006662829014785783;-7.386041491267584
3175;1;Normal;0.00051;0.19728720105470604;0.00169;0.12765;0.00689;-0.0008570152379029639;-7.299917077467175
3176;4;Faulty sensor;0.003385;0.0068312297575180425;0.00055;0.0016;0.00017;-0.00229845860255651;-5.17157762655216
3177;2;Normal;0.00078;0.12263690186889098;0.00109;0.06992;0.00054;-0.0009807244568539914;-6.68317951838305
3178;2;Normal;0.001055;0.06364018777470726;0.00039000000000000005;0.03834;0.00518;-0.0011546088685175629;-6.2616844849707745
3179;1;Normal;0.001115;0.1097669303570069;0.0011;0.06872;0.00269;-0.0010466137661233525;-6.467940765049545
3180;5;Normal;0.00057;0.09491112632352436;0.000655;0.05545;0.00518;0.0001226511034904959;-7.242170297342196
3181;7;Normal;0.00031;0.1399981374876109;0.00129;0.0791;0.01692;-0.00010773602378604423;-7.06269505798989
3182;9;Normal;0.00207;0.09727209414832191;0.00174;0.05865;0.00834;2.8566915646122055e-05;-6.18206969719783
3183;5;Normal;0.00049;0.033166360970115494;0.00028;0.02177;0.00884;-0.0001455034831126467;-7.65646060496181
3184;7;Unbalance;0.00126;0.30087917093079075;0.0028450000000000003;0.16917;0.00885;3.664961945817473e-05;-6.347900641256267
3185;4;Unbalance;0.00064;0.3019801322935004;0.00214;0.18907;0.00453;-0.0005232384242370541;-7.128073161104886
3186;8;Normal;0.00123;0.21326264745613566;0.0024850000000000002;0.12338;0.01021;0.0007938343131930576;-6.757328724469805
3187;4;Normal;0.00063;0.14287738204488493;0.00113;0.08287;0.01213;6.014566990869984e-05;-7.474014398644305
3188;7;Normal;0.000365;0.04840752007694672;0.0005250000000000001;0.03129;0.00409;-1.2751092356723235e-05;-6.928587060666592
3189;7;Normal;0.00144;0.202510285911605;0.00207;0.12864;0.01906;0.0006665852738609097;-6.407659988446242
3190;1;Normal;0.00147;0.08127445970291036;0.000995;0.05192;0.00623;-0.0024791038983438683;-5.87388103230038
3191;8;Normal;0.00098;0.1152378175773908;0.00129;0.07799;0.00464;-0.0008613323409881098;-6.23088267308771
3192;7;Normal;0.001395;0.05643760005528229;0.0006000000000000001;0.03463;0.00642;0.00013600453345242392;-6.975429456539032
3193;4;Normal;0.02978;0.03587405469137828;0.000585;0.02365;0.0091;-0.0034911253111585324;-2.6144268496295915
3194;3;Rubbing;0.048485;0.07271099641732329;0.0029950000000000003;0.03956;0.00206;-0.0013508428186113756;-3.195895443852849
3195;10;Normal;0.00123;0.06171725204511296;0.00095;0.00077;0.00035;-0.0009960836546352608;-6.331370164801604
3196;6;Normal;0.00099;0.17563471240048192;0.00221;0.10593;0.00245;0.001192876785472858;-7.135314557800455
3197;7;Normal;0.001325;0.10973909877523144;0.0012;0.06422;0.00931;-0.00011223737379707178;-6.288800535576592
3198;5;Normal;0.00058;0.1714710844428296;0.00071;0.10079;0.00391;-0.0006749363814824665;-7.16995243968616
3199;5;Normal;0.00059;0.17573009161779893;0.00098;0.11278;0.00543;-0.0008516456224734762;-7.188444848324266
3200;5;Unbalance;0.00051;0.36574900601368693;0.00198;0.22037;0.00183;-0.00042221459403119784;-7.293676766750053
3201;1;Normal;0.000975;0.09641303801872443;0.0006900000000000001;0.05639;0.00166;-0.0012171391276453146;-6.443102750167044
3202;5;Normal;0.000575;0.2349032292242914;0.001075;0.15093;0.00662;-0.0004265507793261911;-7.291977999066508
3203;1;Normal;0.000225;0.024530464732654376;0.00042;0.01472;0.00237;-0.0009091673230683222;-7.4654386069410545
3204;10;Normal;0.0018;0.04112617536314312;0.00039;0.00033;0.00103;-0.00017549547081305774;-5.818816542946096
3205;4;Normal;0.000895;0.08695902885842274;0.003235;0.05189;0.01304;-0.0002303159557913459;-6.621673739766421
3206;5;Normal;0.00393;0.1598909303243933;0.000795;0.0918;0.00479;-0.0021715026860213375;-5.015299591201483
3207;9;Rubbing;0.007875;0.05577267789877047;0.00164;0.03268;0.00692;-6.295945395645303e-05;-5.078291422899138
3208;4;Normal;0.0020350000000000004;0.22583800499473067;0.00253;0.1485;0.02413;-0.0015326181256680603;-5.685814564642503
3209;5;Normal;0.000635;0.19111734196561023;0.0010400000000000001;0.12519;0.00153;-0.0010847837793908595;-7.2140924249055765
3210;10;Normal;0.00091;0.2387218950997164;0.0015;0.00093;0.00045;0.0006210679122143001;-6.760743599601302
3211;5;Normal;0.00055;0.07485109351238631;0.000535;0.05063;0.00451;0.0001243367802328578;-7.492599601900666
3212;1;Normal;0.00102;0.05525690364108362;0.001605;0.0327;0.00553;-0.00041134718054857924;-6.8003634704154425
3213;1;Normal;0.00074;0.08372570931320916;0.00081;0.05559;0.00264;-0.0001250000601633269;-7.219709564680087
3214;7;Unbalance;0.00134;0.3328666558849053;0.00185;0.18946;0.00062;-0.0004903329210692716;-6.436381300757107
3215;1;Normal;0.001625;0.1026583265010686;0.00097;0.06816;0.00869;-0.003346484350192094;-5.556482387940472
3216;4;Rubbing;0.0029;0.09141568464984551;0.000705;0.05804;0.00237;-0.0007428615751144005;-5.41005223504311
3217;1;Rubbing;0.012889999999999999;0.046828103741236415;0.00148;0.02824;0.00419;-0.0029154409256978995;-3.7592030039357858
3218;10;Normal;0.00184;0.20053654031123605;0.001425;0.00154;6e-05;-0.000536768832406087;-6.36860004005308
3219;10;Normal;0.003025;0.1234031377234793;0.000655;0.00117;0.00277;-0.0004987449027252969;-5.752365440247998
3220;0;Normal;0.00036;0.2580354620977512;0.00277;0.15404;0.01891;-0.00036335999964510796;-7.7318541989483744
3221;7;Normal;0.000705;0.14038020302022647;0.00111;0.08327;0.00855;-0.00022484912221294522;-7.034702264278981
3222;8;Unbalance;0.00155;0.3343149244350303;0.00325;0.198;0.00443;7.845551468807492e-05;-6.271385628508639
3223;9;Normal;0.0034149999999999996;0.0962049317862655;0.001115;0.05446;0.01448;-0.00014583725908072506;-5.904185247193814
3224;8;Normal;0.001685;0.09573439716214856;0.00176;0.05546;0.01045;0.0015171365326837791;-6.978285464221985
3225;4;Normal;0.00059;0.06277404559210757;0.001365;0.04065;0.02292;0.0002741932908317768;-7.473727415573304
3226;7;Normal;0.00167;0.043398238443512885;0.000785;0.02037;0.00166;0.0004616174281507438;-6.549348834662788
3227;2;Normal;0.0006900000000000001;0.14615265751945805;0.0016849999999999999;0.09203;0.00609;-0.0001707051109552391;-6.759678639688477
3228;7;Unbalance;0.001545;0.3255191767008512;0.002715;0.18485;0.01373;-0.0008902527185383108;-6.0350186740275
3229;2;Normal;0.00066;0.1336457619979025;0.000865;0.08123;0.00648;-0.0009556132593929201;-6.820791948463455
3230;8;Unbalance;0.00146;0.4768554365842964;0.00357;0.26923;0.02051;-0.000727463902377342;-5.96798444523717
3231;8;Normal;0.003425;0.1822083815305981;0.001835;0.10996;0.01958;-0.0006044944997761596;-5.656290759252888
3232;10;Normal;0.0024200000000000003;0.09012236903233292;0.00078;0.00083;0.00012;-0.001571549062687319;-5.940341229668803
3233;10;Normal;0.002915;0.037061953537286724;0.00030500000000000004;0.00025;0.00094;-0.0006640502562136123;-6.087429417059743
3234;8;Normal;0.002555;0.22236626295371334;0.00236;0.12669;0.01476;0.00040565190071982347;-5.892790042533465
3235;1;Normal;0.00472;0.08435381911923134;0.001105;0.05548;0.00164;-0.0020751552258487706;-4.83306761527637
3236;7;Normal;0.0024200000000000003;0.036434276444030016;0.000475;0.02331;0.00809;-0.0012082198078501888;-6.5585809851467545
3237;1;Normal;0.0006850000000000001;0.1366262105161378;0.00115;0.08623;0.01288;-0.0006202804967816219;-6.842816490905387
3238;1;Unbalance;0.0013700000000000001;0.2748538779060612;0.001445;0.18259;0.00118;-0.0005195741471094944;-6.455794337725033
3239;10;Normal;0.00086;0.11584592871568687;0.00119;0.00082;0.00059;-0.0008729616387283289;-6.869471394024049
3240;1;Normal;0.0007;0.03759959042330115;0.00027;0.02558;0.00549;-0.0006671388749933976;-6.474273220333615
3241;9;Normal;0.004229999999999999;0.26319022664225206;0.00276;0.15192;0.01269;-0.0004940071718810099;-5.629120959716679
3242;4;Normal;0.00063;0.22558715898738566;0.00201;0.12994;0.02173;-2.5366182336331032e-05;-7.212242448797901
3243;10;Rubbing;0.00108;0.25079685025932846;0.002005;0.00289;0.00031;0.00045466690132192297;-6.713289695572792
3244;9;Normal;0.00237;0.06418112884641405;0.00134;0.04131;0.00689;-0.0001991337139391213;-6.126751481249947
3245;7;Normal;0.00073;0.1254298134416216;0.00103;0.06927;0.00752;-0.0002026128890966787;-6.945089301149211
3246;4;Faulty sensor;0.00483;0.6416006073095629;0.00297;0.00841;8e-05;-0.002496306936750454;-4.747786988753231
3247;8;Normal;0.000995;0.24017381164481694;0.002;0.13538;0.0162;-0.00014951314794543717;-6.694185199163694
3248;9;Normal;0.0021349999999999997;0.1660783938385725;0.001905;0.10961;0.01642;-0.0007846328801906304;-6.042256163373117
3249;3;Normal;0.00176;0.13230955256518706;0.00151;0.0843;0.00523;-9.908259486876366e-05;-6.396471101646076
3250;0;Unbalance;0.00114;0.4237370970306943;0.00272;0.25433;0.01648;-0.0013709174203726518;-6.265186695143614
3251;2;Normal;0.00047;0.15509318714888798;0.000995;0.08854;0.00154;-0.0013417353341448172;-6.58175333369098
3252;7;Normal;0.00111;0.053030345086563416;0.001315;0.03108;0.01507;-0.0004680064628386174;-6.374404194826989
3253;1;Normal;0.000495;0.08216594732612775;0.00119;0.05102;0.00336;-0.0005480272242734145;-6.90154615606754
3254;5;Normal;0.00053;0.06939999495677215;0.00062;0.04007;0.00228;-0.00030586429942184066;-7.224110444090896
3255;10;Normal;0.005215;0.060505663371291124;0.00127;0.00084;0.00057;-0.0019622639876171392;-4.785627962845821
3256;5;Faulty sensor;0.63039;0.20994192816109888;0.017865;0.03239;0.00405;-0.003120405387322445;0.22895056458013596
3257;1;Normal;0.00111;0.12269468529647076;0.00119;0.08119;0.00476;-0.0011061229835510938;-6.4527653927242365
3258;10;Normal;0.00064;0.15262026995127484;0.00092;0.00089;0.00048;-0.0011423741225043082;-6.3255785269721105
3259;4;Normal;0.0007999999999999999;0.15845403907758235;0.00167;0.0884;0.02693;-0.0008060060788794707;-6.607558367147425
3260;10;Normal;0.0012850000000000001;0.05295053635233546;0.000625;0.00041;0.00051;-0.0007838622539367083;-6.46678960949383
3261;7;Unbalance;0.00089;0.48380303791935825;0.00442;0.27552;0.00923;0.00036777870285824174;-6.719871978778806
3262;4;Normal;0.000585;0.075801043528437;0.00119;0.04193;0.0241;5.473014788826731e-05;-7.435519755175988
3263;6;Normal;0.0025700000000000002;0.13417038644946955;0.002985;0.07324;0.00933;-0.000296996509439077;-5.650906999180061
3264;7;Unbalance;0.000785;0.31026670108150506;0.0022250000000000004;0.18787;0.00636;-4.561268895537303e-06;-6.99518376592979
3265;1;Normal;0.00134;0.23158551595469004;0.00142;0.13711;0.0043;-0.00067930962729492;-6.448194813555031
3266;6;Normal;0.001235;0.18419725187960867;0.00154;0.10583;0.01233;0.0005799903725036719;-6.522663530851634
3267;0;Normal;0.00041;0.23585655895056215;0.001255;0.13432;0.02265;0.00010445815261714675;-7.544170376088557
3268;8;Normal;0.001835;0.13360212348611827;0.00166;0.08132;0.00899;-0.0007360545325002828;-5.9993064356070915
3269;1;Normal;0.000435;0.04943498457570307;0.00308;0.02226;0.00344;6.174551836682344e-05;-6.977548107268092
3270;5;Normal;0.00049;0.21500120720591315;0.00084;0.12528;0.00404;-0.0005789503899286629;-7.35358540377971
3271;5;Normal;0.00038;0.06970701542886483;0.00067;0.04461;0.00469;-0.0004758116151017069;-7.532193732838092
3272;10;Normal;0.001925;0.06530041041218652;0.00113;0.00111;0.00035;-0.0004192812918088207;-6.18724147740443
3273;5;Normal;0.000465;0.028840227114223634;0.00013;0.01799;0.00258;-0.0014021881523229804;-7.377749999943322
3274;6;Normal;0.002215;0.07474724476527547;0.000755;0.04272;0.01416;0.000944674571260241;-5.8894237624577785
3275;5;Normal;0.00061;0.14752913407188425;0.00073;0.09211;0.00211;-0.00032722195087609655;-7.107038385991148
3276;10;Normal;0.00206;0.09150829962358606;0.00085;0.00055;0.00023;-0.0007574158965015301;-6.350300230673826
3277;9;Normal;0.00159;0.07214362341884417;0.001345;0.04582;0.00531;0.0014467346646970275;-6.563730220361
3278;9;Normal;0.002445;0.2239117531528883;0.0017;0.12922;0.01628;-0.0006253495326252453;-6.03408220091005
3279;1;Normal;0.001565;0.22626704532476666;0.00216;0.15285;0.01058;-0.0009716946754033715;-6.245011761468575
3280;8;Normal;0.00146;0.076740671094277;0.0013449999999999998;0.04327;0.00441;0.0005394779398654799;-6.921317625898696
3281;4;Normal;0.001665;0.13101501555165346;0.0022;0.08497;0.01518;-0.0013942136651135066;-6.180068250480837
3282;10;Normal;0.00065;0.062263188964266844;0.00363;0.00223;0.00127;0.00010655308089610399;-6.8205624467259
3283;10;Normal;0.000825;0.02167004614669752;0.00041;0.00062;0.00219;-0.000815807540969214;-5.977802131314155
3284;5;Normal;0.00063;0.18181662272740629;0.001;0.10511;0.0032;-0.0006225284603656674;-7.108203050879539
3285;3;Normal;0.00117;0.1621320862753576;0.001875;0.094;0.00489;-0.0009292841572021127;-6.482341350013239
3286;4;Normal;0.001005;0.14447641987535542;0.00306;0.0884;0.0101;-1.0579367614591603e-05;-7.148408298944466
3287;2;Normal;0.00099;0.11999544366349915;0.001275;0.0742;0.00984;-0.0010618145512192496;-6.477723986872486
3288;4;Normal;0.002895;0.3096746636391166;0.00535;0.11583;0.00123;-0.0018796334119483725;-5.225452969256616
3289;10;Unbalance;0.00055;0.26536311612580976;0.00166;0.00139;0.00118;-0.0013713857963785088;-6.721583630724439
3290;4;Normal;0.032115000000000005;0.19288799677533072;0.00217;0.1091;0.01398;-0.0033429538507128587;-2.566535922874035
3291;8;Normal;0.0019399999999999999;0.12312504131979003;0.001655;0.07552;0.00068;0.0004847693991222796;-6.233092539940165
3292;0;Normal;0.00039;0.06452346937355431;0.0006000000000000001;0.0403;0.01329;-0.0012736632460389964;-7.244240527411288
3293;4;Unbalance;0.00294;0.31669517205034875;0.00341;0.21366;0.02363;-0.002404166862402975;-5.094403133722127
3294;1;Normal;0.00103;0.027843613271269232;0.00036;0.01553;0.00309;-0.0012469789526381831;-6.01553671129375
3295;2;Normal;0.0006850000000000001;0.052496685609664924;0.00087;0.0311;0.00434;-0.001021791742873929;-6.758230343319768
3296;10;Normal;0.00117;0.048343149462979754;0.00098;0.00093;0.00029;-0.001083050792062069;-6.236359645889444
3297;4;Normal;0.00141;0.23459428403096272;0.001685;0.14704;0.00366;-0.002131211570911874;-5.965016181067796
3298;0;Normal;0.0005;0.18473604196257967;0.002055;0.10608;0.00615;-0.0013004272913844151;-7.187210444842333
3299;4;Normal;0.00078;0.14196747514835925;0.00132;0.09002;0.0094;-7.009448939300279e-05;-7.275469983310081
3300;8;Normal;0.00301;0.0748021249698162;0.00149;0.03798;0.00119;0.00036113062632678696;-6.088630510833396
3301;7;Normal;0.00046;0.17777126764468998;0.001175;0.10688;0.00771;0.0002032904682582199;-7.3244779338475245
3302;7;Normal;0.00145;0.13501136581784512;0.00114;0.07564;0.00877;-0.0012605149869495587;-6.213484217084027
3303;5;Normal;0.00116;0.1342724856402085;0.001145;0.09023;0.00251;-0.001142778955101174;-6.321870628435874
3304;3;Normal;0.00152;0.04686119503384437;0.00093;0.0278;0.00057;-0.0007850101292417509;-6.061729338687703
3305;6;Faulty sensor;0.14238;0.030795537014314266;0.00266;0.0057;0.00282;-0.0036547349643055445;-1.0315969286850062
3306;2;Normal;0.00139;0.19440698469962442;0.00114;0.11847;0.00668;-0.0013127499778775075;-6.169730249097553
3307;8;Normal;0.0031149999999999997;0.20381277707739523;0.00262;0.11439;0.01427;4.7376669679881856e-05;-6.033843733366866
3308;1;Normal;0.000585;0.156250438399385;0.00172;0.10339;0.01898;0.000731488468446377;-7.185960559396792
3309;5;Rubbing;0.0046099999999999995;0.03480785974460366;0.00038;0.02136;0.00348;-0.0023267464564361517;-4.802789043506847
3310;6;Normal;0.0020949999999999996;0.2893706572892283;0.003005;0.16618;0.01442;3.293897755189565e-05;-5.928391102223485
3311;5;Unbalance;0.00067;0.3182780895694832;0.00155;0.21131;0.00385;-0.0009903073740816176;-7.146663443064117
3312;10;Rubbing;0.004030000000000001;0.11147604316623372;0.00043;0.00034;0.00083;-0.0007108068897762825;-5.327129150790683
3313;4;Normal;0.00068;0.15924028981385333;0.00188;0.10768;0.02855;-0.000558213528944202;-6.730263287907473
3314;4;Unbalance;0.0008849999999999999;0.2681359638317844;0.002855;0.1819;0.02533;0.0001234282940460008;-6.918505419969
3315;7;Normal;0.000915;0.1014376872764753;0.00074;0.0579;0.00249;0.00032008510959860776;-6.776259574137764
3316;9;Normal;0.00231;0.038874694854107855;0.001875;0.02123;0.00161;-2.8335499669325486e-05;-6.1808160488942185
3317;1;Normal;0.00029;0.04775100103662749;0.001335;0.0271;0.00973;0.00041339665026111276;-7.311523169440758
3318;1;Unbalance;0.00165;0.2987312029232969;0.001895;0.19947;0.00212;-0.00015211197309377634;-6.415358957231588
3319;9;Unbalance;0.0011949999999999999;0.2895852794946594;0.00266;0.17619;0.0104;-0.0001644242456374304;-6.5549891611894155
3320;5;Normal;0.00045;0.03169971608705668;0.00014;0.01841;0.00267;-0.0015523415576091586;-7.337712098904979
3321;10;Normal;0.0020150000000000003;0.09156411032713635;0.00086;0.00147;0.00111;-0.00047396057126559114;-5.769396460778431
3322;10;Normal;0.0018;0.07423687762830546;0.00097;0.00086;0.0004;-0.0005696544418824056;-5.937892866893506
3323;4;Normal;0.000785;0.21748118309407827;0.002895;0.13622;0.01201;1.3902120210647753e-05;-7.13314626772296
3324;0;Unbalance;0.000985;0.5226234147069952;0.005645;0.31216;0.02434;-0.001460861049072725;-6.546268947707258
3325;2;Normal;0.00037;0.03868543653624707;0.0006050000000000001;0.02095;0.00673;0.0008924030864231622;-7.940711724829129
3326;6;Normal;0.00209;0.08188974661091583;0.001375;0.04794;0.00924;-0.00023168581733313374;-6.027601798434415
3327;5;Normal;0.00083;0.10734335005020107;0.00055;0.063;0.00253;-0.0007845904749088583;-7.243681576397467
3328;4;Normal;0.00116;0.1299342229745497;0.00149;0.08747;0.02154;-0.0013889211151969024;-6.176600745776162
3329;7;Normal;0.00102;0.044766254031357144;0.00054;0.02571;0.00705;-4.049803151538379e-05;-6.414792577050987
3330;7;Unbalance;0.000865;0.31653717933285497;0.003445;0.19763;0.0034;0.0011666840707624858;-6.814259902768161
3331;4;Normal;0.001065;0.08701521648539409;0.00277;0.05077;0.00894;-0.0004685763403068884;-6.758924821811886
3332;6;Normal;0.00123;0.1157317437006805;0.0017;0.0678;0.0058;0.000935721071313192;-7.0770282389528845
3333;3;Rubbing;0.004365;0.046655191565355296;0.00081;0.02882;0.0034;-0.0005622191441851619;-5.084458584682995
3334;6;Normal;0.0021149999999999997;0.08350816846273183;0.0023049999999999998;0.04598;0.01394;-0.0003252636951822096;-5.977324227299845
3335;5;Normal;0.00045;0.16282247172918116;0.000775;0.10184;0.00358;2.696677906463085e-06;-7.571535826479351
3336;1;Normal;0.00202;0.014109355052588337;0.0009400000000000001;0.00498;0.01184;-0.0010482178694347678;-5.7680137092703285
3337;2;Normal;0.000645;0.1953224679856365;0.0016849999999999999;0.12352;0.00826;-0.0006881574659757857;-6.663223329120351
3338;7;Normal;0.00032;0.16158921529607104;0.001255;0.09264;0.00929;0.0005015797644165075;-7.428166197393463
3339;8;Normal;0.00361;0.22301185304821805;0.003745;0.13551;0.00882;-0.0008423334086395973;-5.205267790569016
3340;1;Normal;0.00061;0.12583674264697095;0.001715;0.07049;0.00102;-0.0006798561894543685;-6.766334652842125
3341;9;Rubbing;0.00412;0.14855370308410357;0.00165;0.08162;0.01577;-0.000778499589573898;-5.286034800068014
3342;4;Normal;0.08611;0.1869366472899308;0.00675;0.10665;0.01575;-0.0027207826879019014;-1.765463875488507
3343;8;Normal;0.00171;0.19553251340889577;0.00165;0.11709;0.01165;0.0010355582379950744;-6.818254862642491
3344;7;Normal;0.001215;0.07427949986369052;0.00191;0.03307;0.00895;0.0010301113828283467;-6.746126759981858
3345;10;Normal;0.0020350000000000004;0.05263038001002843;0.0017;0.00214;0.00029;-0.00041099566398820415;-6.056967546415356
3346;4;Normal;0.000875;0.11616473948664457;0.00191;0.07746;0.01452;-0.0004718724036681305;-7.02185005376458
3347;9;Normal;0.00347;0.14537770564980038;0.00119;0.08996;0.01304;-0.0008405417305383483;-5.816276288798578
3348;7;Normal;0.000625;0.17199330132304572;0.002025;0.10757;0.01587;0.0009081103835921509;-7.2594258669863585
3349;8;Normal;0.00126;0.08623418405713595;0.001975;0.05139;0.00542;-5.5393483983598224e-05;-6.317002161076564
3350;7;Normal;0.00185;0.11530064960788382;0.00136;0.0692;0.00328;0.00025434422325619575;-6.069946904414192
3351;7;Normal;0.002325;0.03949916961152475;0.001115;0.01363;0.00967;-0.0004971677322573133;-6.0207524561921355
3352;7;Normal;0.00093;0.1614355948977796;0.001185;0.10764;0.00374;-1.6913608590034934e-05;-6.542996283426402
3353;8;Normal;0.00111;0.1966817960564729;0.0019950000000000002;0.11825;0.00647;-8.932452304629985e-05;-6.923740065007553
3354;10;Normal;0.00106;0.18369225813844198;0.00131;0.00111;0.00092;-0.0005447719211389112;-6.444354829782043
3355;10;Normal;0.0007;0.12652699119160307;0.00114;0.00106;0.0001;0.00041545779553881835;-6.769249956233579
3356;7;Normal;0.00117;0.15850170314542367;0.0014;0.10323;0.00128;-0.0007929353132723223;-6.34607874818819
3357;4;Normal;0.00272;0.10531171444810877;0.00115;0.0695;0.01023;-0.0024704047740982315;-5.350315332096434
3358;6;Faulty sensor;0.18125;0.03785197220753497;0.00266;0.01247;0.00596;-0.003542456091555154;-0.8500080406497634
3359;10;Normal;0.001155;0.28483423969038557;0.00247;0.0031;0.00023;-4.4808843431378906e-05;-6.480284350222467
3360;0;Normal;0.000315;0.17756411123872978;0.00162;0.11562;0.00338;-0.0002235693215140304;-7.889062696973173
3361;1;Unbalance;0.000505;0.28822465439306194;0.00188;0.19238;0.0017;-0.0003993916872259886;-6.93253995884258
3362;1;Normal;0.000335;0.17042853223565588;0.00205;0.09562;0.00656;0.00026956357562184566;-7.725372821290269
3363;3;Normal;0.0012;0.131056517579249;0.001;0.08887;0.00478;-0.0009697277357444871;-5.999528275955561
3364;9;Normal;0.002615;0.17667468069873513;0.00249;0.10247;0.01628;-0.000656275237676613;-5.814692470933655
3365;7;Unbalance;0.001095;0.31339333225198013;0.00328;0.17179;0.0054;-0.00014145477883942037;-6.689006760108661
3366;4;Faulty sensor;0.00223;1.7519828194077705;0.00714;0.02008;0.00038;-0.001927992354948943;-5.501348611219239
3367;8;Normal;0.0013;0.22760764727925994;0.0018;0.13466;0.01657;-0.00032277851508868575;-6.463525833364705
3368;5;Normal;0.000635;0.009905145127659665;0.00049;0.00327;0.00485;-0.0004060876279906504;-7.003127015016527
3369;8;Normal;0.001155;0.13988443587476057;0.001315;0.07939;0.00388;0.00015387583693031155;-6.553017061228073
3370;4;Normal;0.000705;0.1793141109896262;0.00163;0.10329;0.02594;-0.0007129311493356604;-6.702354541021666
3371;8;Faulty sensor;0.00609;0.0034788360122316774;0.00013;0.00188;0.00044;-0.003193800293093066;-4.306901954985744
3372;6;Unbalance;0.00224;0.3488159734014485;0.004240000000000001;0.20576;0.00339;-0.0002705641738146374;-5.6265029217983225
3373;9;Unbalance;0.003905;0.2833459795020921;0.00255;0.17113;0.01057;-0.00025076054304343145;-5.276243326070235
3374;8;Faulty sensor;0.00394;0.0068265584301315406;0.00011;0.00349;0.0013;-0.0031448677944977397;-4.72339414076606
3375;1;Unbalance;0.0015;0.2992623908879965;0.0019;0.19899;0.00582;-0.0010862955007103492;-6.263450681027745
3376;5;Rubbing;0.10136;0.2249840034313551;0.00181;0.12816;0.00451;-0.0037211877880139383;-1.355247596921418
3377;8;Normal;0.00132;0.12315482369765303;0.00135;0.0736;0.01096;9.074658263060748e-05;-6.797632003693417
3378;10;Normal;0.0029300000000000003;0.060751959639175436;0.0021850000000000003;0.00211;0.00063;-0.0011340104700352544;-5.64846730702946
3379;5;Normal;0.00047;0.048298218393642636;0.00037;0.03047;0.00125;-0.0008530879970513959;-7.39023603530941
3380;5;Normal;0.00051;0.13595319856480023;0.000745;0.09196;0.00513;-0.00017563262429233346;-7.3384708909100675
3381;2;Normal;0.00074;0.03959085121590593;0.0007;0.02167;0.0099;7.644431341188736e-05;-7.052891429811584
3382;6;Normal;0.0028650000000000004;0.18120077317715835;0.0023550000000000003;0.11095;0.00524;0.0002743058733648108;-5.821339683898994
3383;4;Faulty sensor;0.004595;0.7645143855415671;0.0029950000000000003;0.0079;6e-05;-0.002961310206705235;-4.9438717938650765
3384;1;Normal;0.00127;0.20963113509209455;0.001685;0.13189;0.01468;-0.0009544186974729847;-6.392078513421852
3385;10;Normal;0.001225;0.057798780263946754;0.000835;0.00075;0.0005;-0.0009107592132981011;-6.381074517274563
3386;7;Normal;0.000865;0.15258709086944414;0.00099;0.09105;0.00857;-0.0005651358610565837;-6.901701159782353
3387;4;Normal;0.00042;0.1281798213448591;0.00118;0.08477;0.00393;-0.0009835775481752674;-7.3286607353988815
3388;6;Normal;0.001;0.09457297394076175;0.00135;0.05185;0.00707;0.0005624665816600852;-6.631327749880108
3389;2;Normal;0.000735;0.0846849177835109;0.00051;0.05106;0.00269;-0.001146230034014669;-6.588119453127391
3390;4;Normal;0.00469;0.06753901094922846;0.00197;0.04106;0.01415;-0.0009434256430384234;-5.341627857544173
3391;4;Normal;0.00059;0.19364937438576968;0.00206;0.13033;0.0216;1.8199879773565163e-05;-7.2905253613476555
3392;10;Normal;0.0016;0.13768867491554998;0.00123;0.00114;0.00094;-0.0005791961204471329;-6.064526944247799
3393;3;Normal;0.00149;0.10972402243811516;0.00096;0.06508;0.00864;-0.0005502074949953614;-6.408258416933334
3394;5;Rubbing;0.00598;0.13463376916658018;0.00117;0.07907;0.00157;-0.0014938840539639462;-4.6448380709831785
3395;7;Normal;0.000715;0.2987278676320641;0.002275;0.18615;0.00339;-0.00011341807296016234;-6.79288684964797
3396;10;Normal;0.00181;0.14247875806589558;0.001765;0.00179;0.00127;-0.0007827286244694175;-6.233543295396189
3397;4;Faulty sensor;0.003025;1.5944318349493654;0.007705;0.02331;0.00045;-0.0017977408353575415;-5.295348614273539
3398;10;Normal;0.0026750000000000003;0.06516883611052142;0.0013;0.00083;0.00027;-0.0009879880336895338;-5.889875635567498
3399;5;Normal;0.00057;0.26226002230610745;0.00108;0.15064;0.00523;-0.0004914702353180963;-7.262730341238812
3400;5;Normal;0.00067;0.23743540995394935;0.0010500000000000002;0.13593;0.00147;-0.0009644395812546877;-7.159230468349504
3401;8;Normal;0.00111;0.22900393271732258;0.00217;0.13819;0.00795;0.000278712616578028;-6.692623127459714
3402;0;Normal;0.00024;0.15770744972892053;0.00122;0.09455;0.00777;-1.3407396138066874e-06;-7.924587406280806
3403;1;Normal;0.00048;0.26343884508553406;0.0019450000000000001;0.15405;0.00192;-0.0001553622844739006;-7.1283713915914015
3404;5;Unbalance;0.00053;0.2935415985852772;0.001365;0.18861;0.0056;-0.0009219662436607985;-7.197274837137229
3405;3;Normal;0.0017300000000000002;0.16558477254868578;0.001635;0.10567;0.0051;-0.00043592193770170353;-6.103251011992995
3406;9;Normal;0.00179;0.06926106337618561;0.001165;0.0453;0.03611;-0.0001980575319208588;-6.100645809074319
3407;3;Normal;0.001785;0.15346608550425725;0.00095;0.09156;0.00327;-0.0007516103140308088;-6.2834853139094715
3408;4;Misalignment;0.001105;0.26565175041772265;0.0027150000000000004;0.18021;0.02476;-2.848329250868095e-05;-6.763314053172866
3409;3;Normal;0.00151;0.07604468094482347;0.00079;0.05151;0.00665;-0.0007940159031858343;-6.397462792859578
3410;10;Normal;0.001975;0.03473590937344235;0.00043;0.00042;0.00092;-0.000522291449881579;-5.627547705176284
3411;5;Normal;0.0007999999999999999;0.22295536234861005;0.00097;0.12972;0.00044;-0.0010882575328712834;-7.177565088804739
3412;8;Unbalance;0.0025050000000000003;0.30931813897668525;0.0038;0.17206;0.01601;-0.0007044228406520809;-5.894952468256612
3413;1;Normal;0.0006050000000000001;0.07705088383659203;0.001425;0.04283;0.0022;0.0004984139239474261;-7.494110077501868
3414;6;Unbalance;0.002595;0.31919581967814054;0.002595;0.18915;0.02074;0.000826349920561982;-6.3853941727012105
3415;9;Rubbing;0.00335;0.22552567747376348;0.002155;0.1278;0.01575;-0.0001222814128761127;-5.69505839173517
3416;4;Faulty sensor;0.00373;0.17453776439498703;0.00131;0.00224;0.00018;-0.0018756607155256404;-4.889890808959823
3417;10;Normal;0.00095;0.0849733116925544;0.00146;0.00141;0.00051;-0.0004857567373583014;-6.562288581464085
3418;7;Normal;0.00085;0.05333166132795789;0.00063;0.03512;0.00691;0.0003800410021069502;-7.076294425640394
3419;5;Normal;0.0012850000000000001;0.13679200780747391;0.0007;0.08574;0.0051;-0.0003694561761700399;-6.733012347114699
3420;6;Normal;0.001275;0.14943390545655963;0.0016849999999999999;0.09172;0.00185;0.0010284099100528383;-7.082143883946279
3421;6;Normal;0.001375;0.18761100127657757;0.0027549999999999996;0.10993;0.00261;0.001179770263241482;-6.617086321060901
3422;5;Normal;0.000545;0.19362273652647308;0.001005;0.12689;0.00524;-0.0010945622606293732;-6.987582727446672
3423;7;Normal;0.0008049999999999999;0.12674582912269738;0.00096;0.07202;0.00512;8.320596360891526e-05;-7.43017506433963
3424;4;Normal;0.00058;0.21936067901973683;0.0016849999999999999;0.14565;0.00468;-0.00042257842555825433;-7.196016456517845
3425;4;Misalignment;0.001345;0.09170050708692945;0.00145;0.06142;0.03984;-0.0006554572313731685;-6.551731135698058
3426;3;Normal;0.000735;0.05310998776124883;0.00085;0.03429;0.00528;6.261065547501698e-05;-7.07700549255703
3427;10;Normal;0.0022;0.03184749911688515;0.00043;0.0004;0.00034;-0.000689787671997613;-6.111959149901436
3428;3;Rubbing;0.00545;0.09461188086070375;0.001375;0.05404;0.0051;-0.0014871990396096697;-4.884442133859737
3429;5;Normal;0.00143;0.06428394667411141;0.000845;0.04299;0.00196;-0.0009820697390826515;-6.213679398515972
3430;4;Unbalance;0.028319999999999998;0.2908363543300596;0.004955;0.19415;0.017;-0.003298696723361324;-2.734808491865354
3431;4;Normal;0.0017200000000000002;0.10658216642572059;0.0028650000000000004;0.06368;0.01008;-0.0008675943753611705;-6.501113806940577
3432;1;Normal;0.00033;0.11399107596649835;0.001185;0.07095;0.00367;-0.0006621515306781225;-7.590686406485945
3433;1;Unbalance;0.0007750000000000001;0.3284913036900673;0.00323;0.2199;0.00133;0.0001524552792391155;-6.754819478381292
3434;3;Normal;0.00133;0.08691926598861727;0.00074;0.05125;0.0144;-0.0009031083715163131;-6.070820176815081
3435;3;Rubbing;0.01702;0.06785627237035645;0.0023350000000000003;0.03744;0.00316;-0.001613114226569793;-4.016621526341526
3436;1;Normal;0.00074;0.04094787540276052;0.001235;0.02227;0.00925;-0.0002761036494806598;-6.767247516857777
3437;4;Normal;0.04925;0.1958365045133312;0.00218;0.13164;0.00045;-0.003179786844841423;-2.2007717093659274
3438;4;Normal;0.0009;0.19804724486849093;0.0035849999999999996;0.12107;0.0072;-0.0007430315464585607;-6.715622050924898
3439;5;Normal;0.00046;0.22899372851674343;0.00096;0.13157;0.00518;-0.00029008868874430235;-7.80601587661635
3440;1;Normal;0.00063;0.026826930499033987;0.001455;0.0139;0.00262;0.0003187167918169612;-7.436384837971601
3441;3;Normal;0.001795;0.030590371034036185;0.00067;0.01722;0.00942;-0.0008946069937192705;-5.882892481399818
3442;3;Normal;0.00074;0.054505526325318604;0.000835;0.03139;0.00703;-0.0004245725280048543;-6.891533007063834
3443;10;Normal;0.0007;0.14761894390626157;0.001255;0.00119;0.00016;-0.001005241375417686;-6.497086942892974
3444;10;Normal;0.0031;0.03820082198068518;0.000435;0.00059;0.00012;-0.0009796102693219982;-5.7301159246292155
3445;3;Normal;0.0019450000000000001;0.06627570520183095;0.001225;0.04034;0.00313;-0.000515097332273087;-6.233814790083567
3446;1;Normal;0.00034;0.19649396784634382;0.002705;0.10949;0.00367;-0.001000105346242987;-6.964944376577006
3447;8;Normal;0.00238;0.15424285526402837;0.00199;0.09606;0.01178;-0.0006660957921586989;-5.915419890997992
3448;7;Normal;0.00119;0.09128290420445659;0.00119;0.0569;0.00554;6.976253436016733e-05;-6.674950418486288
3449;1;Faulty sensor;0.0025450000000000004;0.003914651964095914;0.00012;0.00066;6e-05;-0.00269163206846382;-5.331876746716501
3450;1;Normal;0.0019399999999999999;0.17191065324755184;0.00142;0.1061;0.00159;-0.00019614392180251883;-6.304000644801431
3451;8;Normal;0.000645;0.10122353234302782;0.001385;0.05872;0.00571;0.001027223928906719;-7.489536904637507
3452;7;Normal;0.0008849999999999999;0.05933140905119311;0.00025;0.03379;0.02466;-0.00018187680637850353;-6.9721644564365155
3453;1;Normal;0.00283;0.04775455999169084;0.00176;0.02131;0.0024;-0.0010341042268688025;-5.477461607035675
3454;4;Normal;0.001835;0.25876215739555114;0.003725;0.11672;0.00115;-0.0017408364832840896;-5.858774711536292
3455;8;Faulty sensor;0.005605000000000001;0.003468659683508891;0.00013;0.00196;0.00035;-0.003158831585850614;-4.344481040291858
3456;3;Normal;0.0015;0.1480470938586773;0.001255;0.10009;0.00941;-0.0010961082878740295;-6.280317593272281
3457;10;Normal;0.0035199999999999997;0.13320677835605815;0.0018800000000000002;0.00119;0.00183;-0.0005353558256938695;-5.576648495427189
3458;4;Normal;0.001645;0.11021512872559736;0.00084;0.06392;0.01169;-0.0021500551586145235;-5.833653009124283
3459;1;Rubbing;0.01127;0.07967399073725377;0.001465;0.05223;0.00507;-0.001940277435899902;-4.064538768542495
3460;10;Normal;0.001665;0.12103120795893925;0.001055;0.00155;0.00057;0.001214250071409069;-6.810108246530973
3461;10;Normal;0.00267;0.20128728797417883;0.001905;0.00206;0.00223;-0.001125042139544479;-5.774552456112389
3462;2;Normal;0.00038;0.1396772851969854;0.00115;0.08625;0.01441;0.0010260480081758217;-7.747484100820891
3463;8;Normal;0.00193;0.12728783406123306;0.00218;0.08137;0.00812;0.0008273562634115957;-6.658841833535182
3464;8;Normal;0.002405;0.1616878545222244;0.001925;0.09699;0.01001;1.6027653170704776e-05;-5.9644686335457475
3465;8;Normal;0.00224;0.13076207210043744;0.00192;0.08169;0.00183;0.000737795997325357;-6.258260591530744
3466;2;Rubbing;0.015844999999999998;0.057784118925531786;0.001365;0.03334;0.00621;-0.0014784255429632679;-3.7488866104960077
3467;3;Rubbing;0.014;0.025453300375393367;0.00103;0.01337;0.00051;-0.0018973830996230087;-3.7678929846623994
3468;7;Unbalance;0.00084;0.2709582015736006;0.0026550000000000002;0.17245;0.00839;0.0007432809981129014;-7.115450255123786
3469;10;Normal;0.001835;0.03769293833067409;0.00071;0.0007;0.00082;0.00121707934458043;-6.796412761360266
3470;5;Unbalance;0.0009;0.37394067791562874;0.00177;0.21476;0.00208;-0.0011461360383960987;-7.012713634371368
3471;10;Normal;0.0009;0.13179106836201002;0.001015;0.00097;0.00055;-0.000941981393087811;-6.373616853138261
3472;1;Normal;0.001155;0.06219423687127289;0.000905;0.03478;0.00168;-0.0010477908780746298;-6.20311484596378
3473;2;Normal;0.000705;0.030629510280120377;0.000675;0.01759;0.00696;-0.0005103181860943871;-6.794742090393987
3474;9;Normal;0.004195;0.1107671684209721;0.00236;0.05905;0.01938;-0.0004623881155712199;-5.59300130541402
3475;6;Unbalance;0.00181;0.45422941483351775;0.0037749999999999997;0.29036;0.00515;-0.0009216037664023162;-6.193263390842115
3476;9;Normal;0.001275;0.05901094898406566;0.00118;0.0352;0.0042;0.00014505686741735722;-6.84743457907562
3477;4;Unbalance;0.0008049999999999999;0.36669363534154775;0.00251;0.22987;0.01042;-0.00031178864481581784;-6.7813605228838005
3478;0;Normal;0.00029;0.15702068812739295;0.00191;0.09347;0.00993;-0.00043475265149490463;-7.669697652389331
3479;10;Rubbing;0.00255;0.08113636792462428;0.0011;0.00073;0.00034;-0.000732152687322206;-5.512767753093314
3480;10;Normal;0.00107;0.08888754693431472;0.001255;0.00127;0.00054;-0.00032130929097938727;-6.587273849011332
3481;4;Normal;0.00159;0.2133925122866311;0.00236;0.14388;0.023;-0.0013791715703800691;-5.987778516134378
3482;5;Normal;0.00085;0.08367444352967039;0.00066;0.05573;0.0065;-0.0021660601905734316;-6.410606257372357
3483;2;Normal;0.00082;0.200026688469314;0.00116;0.12189;0.00193;-0.0006590837886006147;-6.891703830075806
3484;9;Normal;0.00339;0.2628505497426247;0.00337;0.14987;0.02494;-0.0006216867426747867;-5.568092766901362
3485;8;Normal;0.00242;0.041747593942645364;0.00079;0.02281;0.01967;-1.3081987217997479e-05;-5.81217126890862
3486;4;Faulty sensor;0.00256;0.0524424208060612;0.000665;0.00198;0.00024;-0.002013949954606163;-5.351803679464437
3487;5;Normal;0.0006000000000000001;0.13733574698526235;0.0008;0.08869;0.00667;-0.0005894986090418763;-7.2392812990183275
3488;10;Normal;0.00103;0.016792257144291237;0.00039;0.00017;0.00046;-0.0007053905627838687;-6.229455390567057
3489;1;Normal;0.00021;0.022558960525697985;0.00066;0.01447;0.01025;-0.00020036351539960527;-7.357083959553814
3490;1;Normal;0.00044;0.08967530373519791;0.0012950000000000001;0.05503;0.002;-0.0008928763215307346;-7.126784107034294
3491;7;Normal;0.001305;0.08818526294115134;0.0009350000000000001;0.05002;0.00265;0.00011527892647685727;-6.611929369434675
3492;4;Misalignment;0.00141;0.09215319636344686;0.001405;0.06211;0.03607;-0.0007511450160515895;-6.453690675079007
3493;10;Normal;0.00195;0.2760474446539942;0.00098;0.0008;0.00066;-0.0015494175286808129;-5.3345869843504055
3494;1;Normal;0.00027;0.0437683778543368;0.00178;0.02328;0.00709;-0.0003728497353669664;-7.199341095280567
3495;2;Normal;0.0009350000000000001;0.13032954193121377;0.001605;0.07813;0.00898;-0.0003551502761146262;-6.74930554893763
3496;7;Normal;0.0008849999999999999;0.256587595179502;0.002745;0.15956;0.00997;-0.00018473439938215935;-6.761192491867299
3497;7;Normal;0.0007;0.11747698881057517;0.001105;0.06994;0.00512;0.0004123835335698535;-6.865783197651408
3498;6;Normal;0.0018;0.14239647713338976;0.00229;0.08354;0.01255;0.0005784176791425066;-6.611919078092335
3499;7;Normal;0.000565;0.03320262339032866;0.000655;0.02074;0.00903;0.0014264565550301423;-7.69124548881776
3500;1;Normal;0.00058;0.3471478451611071;0.00202;0.20007;0.00948;-0.001120989854755873;-6.924458837924414
3501;5;Faulty sensor;0.1372;0.0400328689953643;0.003425;0.00596;0.00103;-0.0031418328815067515;-1.2548024963542017
3502;3;Normal;0.00091;0.19479229579221047;0.0016649999999999998;0.12839;0.00321;-0.0006338714255043566;-6.484379320575854
3503;10;Rubbing;0.00415;0.08523129882854069;0.001365;0.00122;0.00089;-0.0007582792077305784;-5.374453819168135
3504;8;Normal;0.0008550000000000001;0.14841340673941827;0.00189;0.0813;0.0139;-0.0003348917419384534;-6.665117433431219
3505;8;Normal;0.002275;0.137878555983155;0.00227;0.06061;0.01717;0.0001461963608248296;-5.896491062467391
3506;3;Normal;0.001135;0.2473694251519375;0.00172;0.15054;0.00295;-0.0004220185195937618;-6.4183300213301235
3507;10;Rubbing;0.003425;0.16607643601667277;0.00103;0.00086;0.00062;-0.0012441482670794211;-5.153022221639631
3508;4;Normal;0.00118;0.13680436688936504;0.003665;0.08134;0.01742;-0.0005627341034110702;-6.665726651876168
3509;3;Normal;0.00214;0.14371584255049963;0.00135;0.08744;0.00982;-0.0019199948721748165;-5.268345316113493
3510;3;Normal;0.0076749999999999995;0.05807385900730207;0.001575;0.03155;0.00314;-0.0014606449541325081;-5.077502654265633
3511;1;Normal;0.00151;0.22875847459711734;0.00136;0.15222;0.00277;-3.231462890722019e-05;-6.578580990656681
3512;0;Normal;0.00034500000000000004;0.16513051111166582;0.000915;0.09398;0.01458;0.00034948116588091454;-7.7452343931397145
3513;10;Normal;0.00169;0.2767478079407315;0.00239;0.00365;0.00025;0.00027415679439859336;-6.16808642776088
3514;10;Normal;0.001775;0.09168649355275835;0.0020350000000000004;0.00074;0.00059;-0.0018068160746131773;-5.544066589914652
3515;1;Faulty sensor;2.069865;0.26744126027971077;0.023145;0.04195;0.01162;-0.003770325969968358;1.6645541134853998
3516;9;Unbalance;0.00495;0.37838329693579237;0.00503;0.21196;0.01713;-0.0009186167165948961;-5.316934080339854
3517;4;Normal;0.00064;0.20646839467579536;0.00166;0.14044;0.01327;0.000318451160501091;-7.412550561927799
3518;5;Unbalance;0.00064;0.27475466547449195;0.00136;0.17645;0.00163;-0.0010822046185249962;-6.920979615427312
3519;1;Normal;0.00091;0.1644766934857337;0.001875;0.09271;0.00094;-0.00035844920645011644;-6.4497126256846355
3520;4;Normal;0.001495;0.16108705162116538;0.00357;0.10161;0.01294;-0.0010124882949178182;-6.13770365785135
3521;2;Normal;0.001265;0.09428239708450355;0.00135;0.05793;0.00703;-0.0002256409380586645;-6.615315752437167
3522;9;Normal;0.0007199999999999999;0.11290289278844895;0.000855;0.06659;0.00523;-0.0001495609269524327;-6.560910049880168
3523;1;Normal;0.000415;0.14570388018168906;0.000995;0.08412;0.00228;-0.000668658605034285;-7.08811367198752
3524;2;Normal;0.001025;0.14451943744700918;0.00113;0.08336;0.00618;-0.0005497724904721199;-6.867178119806806
3525;8;Normal;0.00073;0.11723275694105297;0.00138;0.06646;0.00746;-0.0003019716623156156;-7.1273927346620916
3526;3;Normal;0.001555;0.04024880867802176;0.00074;0.02414;0.00186;-0.00030224840366606756;-6.191355707321269
3527;4;Normal;0.0011;0.2331184926169522;0.00417;0.1489;0.01012;0.00029684426937625496;-6.95074000167868
3528;1;Rubbing;0.0526;0.07371684814206314;0.001925;0.0441;0.00941;-0.00311566703193569;-2.266425895639418
3529;4;Normal;0.0009400000000000001;0.02613138534406471;0.00029;0.01652;0.00373;-0.0007127758174379063;-6.729323853968403
3530;4;Normal;0.00065;0.2094284834973505;0.00165;0.13896;0.00758;-0.000624476248710086;-6.949452276026367
3531;3;Normal;0.001815;0.09523751256726522;0.00102;0.05533;0.00724;-0.0021471677129273805;-5.534291891603461
3532;1;Rubbing;0.046005000000000004;0.09063890776040937;0.001605;0.05721;0.00118;-0.00335709725847764;-2.0556715181485155
3533;4;Normal;0.00112;0.1169549032747238;0.0026;0.07665;0.01739;-0.001215251664968834;-6.416253167369582
3534;4;Faulty sensor;0.00288;1.822912478178807;0.009735;0.03011;0.0008;-0.0018288253854891014;-5.3691479817908805
3535;0;Normal;0.000335;0.16313924451216513;0.00154;0.10593;0.00575;-0.0008433356396077012;-7.626541900372155
3536;1;Rubbing;0.008820000000000001;0.06846381014813593;0.00141;0.04091;0.0078;-0.0019776724906106755;-4.265713676349014
3537;10;Normal;0.00237;0.10437449688501496;0.00076;0.00069;0.00032;-0.00116945629768475;-5.992480126361922
3538;5;Normal;0.00043;0.03598934564562129;0.00018;0.02309;0.00425;-0.0013893692280705441;-7.492848520629025
3539;6;Normal;0.00284;0.16396776756423803;0.00247;0.0986;0.01327;-0.00027135633947324855;-6.092400918454056
3540;4;Unbalance;0.00574;0.340559657769384;0.003125;0.19658;0.03268;-0.002592316651894859;-4.566933001041415
3541;4;Normal;0.0037;0.0769988714203007;0.001165;0.05119;0.01881;-0.0013856550668144279;-5.236754517854411
3542;5;Unbalance;0.00107;0.3058416984323753;0.00148;0.19652;0.00291;-0.0018394438532879675;-6.398658066689981
3543;8;Unbalance;0.001365;0.34925661368111555;0.00344;0.20273;0.006;-0.0005102386899266705;-6.076922368897428
3544;10;Normal;0.00093;0.14401303100761403;0.001535;0.00181;0.00097;-0.0006043028972681098;-6.460831349839309
3545;8;Faulty sensor;0.003925;0.007911162999205617;0.00012;0.00413;0.00166;-0.0030902088152785154;-4.719232135793686
3546;2;Normal;0.0008799999999999999;0.14691626901061708;0.00147;0.0927;0.00102;-0.0004107398944416279;-6.958851140148783
3547;8;Faulty sensor;0.00417;0.007084892377446534;0.00012;0.00411;0.00163;-0.003099810014578173;-4.705659042519811
3548;9;Normal;0.0029049999999999996;0.2435309877613114;0.0021;0.14677;0.01142;-8.100540977534987e-05;-5.892653404692519
3549;7;Normal;0.001505;0.09054250217439322;0.000865;0.05399;0.00476;-0.0006093836305893652;-6.209040325477254
3550;9;Normal;0.001885;0.043962504478248274;0.00099;0.02804;0.002;0.00040986050448488476;-6.330279704331065
3551;10;Rubbing;0.004745;0.1374047269929241;0.0022050000000000004;0.00171;0.00055;-0.001002759716240885;-4.877151977588848
3552;2;Normal;0.00222;0.07083721832483261;0.00073;0.04381;0.00829;-0.0019969242029490956;-5.63663558249684
3553;9;Normal;0.001575;0.05022545569728561;0.001095;0.03139;0.04361;-0.00023131407574049546;-6.198374458822151
3554;0;Normal;0.001605;0.10011763780673213;0.00071;0.05688;0.02395;-0.0019409624885155597;-5.9400474243208015
3555;1;Normal;0.00025;0.14464325597828612;0.00133;0.08226;0.00997;0.00016762459282145792;-7.670938045189766
3556;7;Normal;0.000335;0.15870671882437742;0.001365;0.09458;0.00672;0.00013048105807223628;-7.217892551527521
3557;3;Normal;0.001365;0.029598361441133866;0.001365;0.01453;0.00045;-0.0013393088937914376;-5.932468720480356
3558;4;Normal;0.0008600000000000001;0.15020633209022846;0.002805;0.09274;0.02382;-0.0007386198732992812;-6.607831934182356
3559;3;Normal;0.000985;0.14713607647344684;0.0010400000000000001;0.09588;0.00687;-0.0010329227137697377;-6.372594395704266
3560;0;Normal;0.00021;0.18672384421921054;0.001155;0.10647;0.00519;-0.0002618723205421508;-7.962051243689167
3561;2;Normal;0.00061;0.03621966730935004;0.00045;0.02169;0.00789;-0.0008770864332679394;-6.901880905570501
3562;6;Normal;0.0027099999999999997;0.09167616811363791;0.0020150000000000003;0.05289;0.00364;0.00033232118836895174;-6.192639989287397
3563;5;Normal;0.00049;0.10665997796737067;0.000535;0.07217;0.00686;-0.000673905877954031;-7.237152952361234
3564;7;Normal;0.00089;0.10468408904890944;0.001335;0.06475;0.02554;0.0005060966569912324;-7.411718252544473
3565;10;Normal;0.001015;0.054382692099600956;0.002215;0.00385;0.00075;-0.0010417618953737046;-6.229102127430587
3566;5;Normal;0.000915;0.07691285328214005;0.000535;0.04815;0.00426;-0.0016621296115583262;-6.511536520296132
3567;3;Normal;0.00127;0.0403295400420089;0.00045;0.02334;0.00562;-0.0004273585897385107;-6.773172325447354
3568;1;Normal;0.00021500000000000002;0.0734682482437141;0.001655;0.04067;0.00348;0.00034093944691491817;-7.776932250492722
3569;6;Normal;0.0034;0.18260794068166916;0.0038250000000000003;0.09975;0.00978;-0.00041595855921285036;-5.508593196086088
3570;8;Normal;0.00102;0.0628706863331394;0.00076;0.04064;0.00527;0.0006666285631891522;-7.380815105582599
3571;7;Normal;0.00124;0.03085307602168704;0.00064;0.01549;0.0076;-0.00010748686527618777;-6.917694358921215
3572;5;Normal;0.001545;0.056465438987047645;0.000455;0.03248;0.00542;-0.001711332717741134;-5.904028768377438
3573;1;Rubbing;0.01808;0.03162806032623563;0.00036;0.01746;0.00155;-0.00272023207125834;-3.3320922861883764
3574;0;Normal;0.00043;0.12618942110969522;0.001005;0.08015;0.01088;0.0011912355902762497;-8.098655329147057
3575;10;Normal;0.00192;0.24177225978180372;0.00201;0.00154;0.00092;-0.00025537398948324017;-6.092891885229225
3576;6;Unbalance;0.00192;0.5548134173756075;0.00398;0.35471;0.00805;-5.454341139892878e-05;-6.31208117731722
3577;3;Normal;0.00084;0.21282106991555136;0.00148;0.13532;0.00707;-0.00021195240597345424;-6.743178986866993
3578;5;Normal;0.00041;0.20723816540396223;0.001055;0.12506;0.00421;-0.00026809546213928933;-7.489004559185077
3579;5;Normal;0.00076;0.1962975667195088;0.00091;0.12242;0.0042;-0.0005909941057179508;-7.068944113135712
3580;9;Normal;0.0032649999999999997;0.3087358542508466;0.00243;0.19145;0.01574;-0.0014441664641867713;-5.40164367911561
3581;7;Normal;0.00068;0.08730643676155843;0.00065;0.05065;0.00244;-0.0003598952694829289;-6.890258744590657
3582;1;Normal;0.00039;0.10061146753725442;0.00082;0.05779;0.01426;-3.928860883473738e-06;-7.408442845472926
3583;4;Normal;0.00082;0.11335524469560286;0.0018;0.07351;0.01509;-0.0004902430110220915;-7.012694331081833
3584;4;Normal;0.00147;0.17305920518712664;0.00149;0.10818;0.00597;-0.0010084290565533522;-6.240599170601855
3585;7;Normal;0.00108;0.15060184427821594;0.00108;0.09147;0.00255;-0.0001458568349864404;-6.43883372539714
3586;9;Rubbing;0.00453;0.11658912213409964;0.0012850000000000001;0.07026;0.01637;0.00022584900135905108;-5.3261812249084
3587;5;Normal;0.000465;0.17511965309467695;0.00077;0.10021;0.00408;0.0001398630706170187;-7.871692028388178
3588;3;Normal;0.001;0.1274616381504647;0.001235;0.08353;0.0069;-0.0007219910210596813;-6.595740327076223
3589;5;Faulty sensor;0.14128000000000002;0.04508800838360462;0.0032199999999999998;0.01717;0.00156;-0.003161363288972437;-1.1780640555530697
3590;5;Normal;0.00038;0.09831529992834279;0.00076;0.06616;0.00273;-0.0012373809250361759;-7.341677966175002
3591;1;Normal;0.001585;0.10785993417390909;0.00093;0.06642;0.00155;-0.0006277484373609395;-6.235208306086346
3592;5;Rubbing;0.05562;0.06021514427450955;0.001415;0.03993;0.00323;-0.0032692986605642243;-2.1130044177035914
3593;6;Unbalance;0.001115;0.3905099281708469;0.00313;0.24049;0.00703;-0.0005740862106484092;-6.73337244065656
3594;1;Normal;0.00035;0.10844342211494434;0.00059;0.07142;0.00466;-0.00028358607871248033;-7.215350441824027
3595;4;Normal;0.001225;0.16005399026578498;0.0028650000000000004;0.10625;0.0069;-0.00097803325163634;-6.458543355728182
3596;4;Unbalance;0.00123;0.28654206549824407;0.0023550000000000003;0.19493;0.02204;-0.0012719084451963888;-6.251936107216499
3597;7;Normal;0.00139;0.03695685186809071;0.00041;0.02286;0.00679;-1.5338695904574147e-05;-6.671263440652927
3598;8;Normal;0.0034;0.19019931203871374;0.0022849999999999997;0.11479;0.01146;-0.000257510516050385;-5.877094504835166
3599;6;Normal;0.00106;0.1519763083510058;0.00231;0.08893;0.01199;-0.0001409067307679773;-6.352324518363797
3600;7;Normal;0.00113;0.19800396258661085;0.00158;0.11867;0.02082;-3.958737905277781e-05;-6.385153770964019
3601;5;Normal;0.000845;0.1411920093348062;0.0007650000000000001;0.08873;0.0067;-0.0005839843578018774;-6.982564821951407
3602;10;Normal;0.00166;0.08656073532497284;0.00179;0.00167;0.00072;-0.0009575499836097164;-6.012230335882832
3603;5;Normal;0.00185;0.2160105444185538;0.001485;0.12752;0.00174;-0.0018613230281833428;-5.775494006683068
3604;10;Normal;0.00105;0.12400015887086598;0.00176;0.00149;0.00017;-0.0005217035049721423;-6.370866104245582
3605;2;Normal;0.001045;0.07849169510209345;0.0008849999999999999;0.04638;0.0101;-0.000510453668641384;-6.65061168111425
3606;1;Rubbing;0.073115;0.0454006784090282;0.00112;0.02638;0.00101;-0.004277763211466905;-1.7994797057926717
3607;8;Faulty sensor;0.00762;0.0058322980033602536;0.00016;0.00333;0.00082;-0.0032454218975571897;-4.089626802328319
3608;10;Normal;0.0011450000000000002;0.08375927112863386;0.00111;0.00062;0.00019;-0.0007670054645078451;-6.625590039331897
3609;10;Rubbing;0.0046;0.08115636019438033;0.00138;0.00137;0.00068;-0.0007941057778469518;-5.270508866642313
3610;3;Rubbing;0.00818;0.09573143475368998;0.00096;0.05536;0.00212;-0.001952180085522603;-4.718647154016869
3611;5;Normal;0.000435;0.027416854305335615;0.00014;0.01788;0.00255;-0.0016202122304259919;-7.3258726925020685
3612;10;Normal;0.00213;0.09893410786983425;0.0019450000000000001;0.0018;0.0004;-0.0007316053011040098;-5.65681296762988
3613;6;Normal;0.00149;0.06571133920412822;0.00101;0.03764;0.00374;-0.00026841008291794206;-6.193897852681041
3614;9;Unbalance;0.004725;0.3807406827487706;0.0030350000000000004;0.22037;0.01859;-0.0003847270700834357;-5.559231212889791
3615;7;Normal;0.001025;0.05971618122418747;0.00042500000000000003;0.03578;0.01192;-4.0017477674023023e-05;-6.7071671107582995
3616;10;Normal;0.002145;0.08189235251230727;0.00102;0.00046;0.00059;-0.001131739139354232;-5.762665145839663
3617;1;Normal;0.00055;0.019033533565788567;0.00022;0.01272;0.00457;-0.0008359811107305326;-7.0579526328886955
3618;3;Normal;0.00123;0.06170891102588022;0.00071;0.03565;0.00762;8.713390330249265e-05;-6.739071510951064
3619;6;Normal;0.0025;0.0646590248921216;0.00163;0.04062;0.00158;-0.000213638186417591;-5.900920568455563
3620;5;Normal;0.00042;0.08591859461141108;0.00046;0.04912;0.00413;0.0002581364769545384;-7.83806994371924
3621;6;Unbalance;0.02618;0.44909243803475474;0.003955;0.2594;0.00847;-0.0023922147361096265;-2.9316941436460517
3622;1;Normal;0.00035;0.11636881197296807;0.0010249999999999999;0.06691;0.00533;-0.0006218362108812756;-7.43117569242024
3623;9;Unbalance;0.00143;0.30079248012541804;0.00216;0.17985;0.01455;-0.0006382497223829623;-5.907918714459384
3624;5;Normal;0.00077;0.2126982978305186;0.00101;0.13433;0.00155;-0.00132429439104415;-6.806225498661409
3625;10;Rubbing;0.0030600000000000002;0.09161012334889632;0.00079;0.00087;0.00054;-0.0009158236397354965;-5.047196362056328
3626;2;Normal;0.00108;0.12605292340917762;0.00136;0.07774;0.0064;-0.0013154586288536033;-6.4320021956435935
3627;4;Faulty sensor;0.0035050000000000003;0.8458022100349467;0.004565;0.15246;0.00413;-0.0015793678553885976;-5.027896553622586
3628;5;Normal;0.0008500000000000001;0.18437259910301207;0.000875;0.10742;0.0035;-0.0016105098652203407;-6.545165284422135
3629;4;Normal;0.0006850000000000001;0.20191411614842583;0.00152;0.12639;0.00754;-0.001041976197158796;-6.722183297838016
3630;9;Normal;0.00229;0.12590543911999988;0.001085;0.0789;0.01396;-0.00011225629145471951;-6.1517387096731415
3631;1;Normal;0.00075;0.15203528274713077;0.00295;0.09892;0.00348;0.0006119134847534707;-7.566475867088857
3632;6;Normal;0.00122;0.0518932375170407;0.00112;0.03099;0.01237;0.00016258318847345733;-6.578773584135862
3633;4;Normal;0.10682;0.25180637938702033;0.01208;0.13935;0.01799;-0.0018200852936530126;-1.8266374524100395
3634;0;Unbalance;0.00055;0.3044870039919602;0.00145;0.17384;0.01204;-0.00029752496985226075;-7.329941871599081
3635;2;Normal;0.000825;0.05706160355265176;0.00042500000000000003;0.03426;0.0077;-0.0008483686744224842;-6.7517304627991415
3636;7;Unbalance;0.00074;0.2996775792414241;0.00339;0.18303;0.00628;-8.557055219585788e-05;-6.64543717306783
3637;6;Unbalance;0.00333;0.4242219832823377;0.003105;0.27088;0.00976;-0.0004405690680602965;-5.981119008571289
3638;5;Normal;0.00105;0.05123941549237267;0.000405;0.03304;0.00153;-0.0024678612363779645;-6.236060694523717
3639;1;Normal;0.000405;0.12266608129389311;0.00103;0.07939;0.0005;-0.0006823481918719008;-7.453678134774286
3640;5;Normal;0.00048;0.03512773405729439;0.000375;0.02136;0.00528;-0.0005805251480654688;-7.206893827585638
3641;9;Unbalance;0.003875;0.3014361794808314;0.0023350000000000003;0.17111;0.01941;-0.0004419454797131151;-5.634186255244978
3642;8;Normal;0.00125;0.17112714512899466;0.00193;0.11103;0.01176;8.206006118294728e-05;-6.640384439950615
3643;8;Normal;0.003385;0.24346178981515765;0.0027099999999999997;0.13499;0.02169;-0.0003353743365827288;-5.661878640494431
3644;5;Normal;0.0006850000000000001;0.2549903925641121;0.00112;0.14853;0.00521;-0.0010418722243310077;-7.025813673812918
3645;4;Unbalance;0.001435;0.30927669488663384;0.004955;0.19297;0.02861;-0.000811497106829185;-6.329115863707574
3646;4;Misalignment;0.06636;0.19187990983946185;0.00679;0.11952;0.04172;-0.0017548715941653214;-2.2846825592422633
3647;1;Normal;0.00066;0.07432280134655851;0.00149;0.04153;0.00241;-0.0008271518836905002;-6.991362097538735
3648;6;Normal;0.00149;0.17063873710268723;0.00174;0.10494;0.01569;-0.00018083851359994304;-6.3661408027693875
3649;10;Normal;0.001055;0.13534394371378428;0.0012200000000000002;0.00135;0.00059;0.00014501023218010026;-6.678455565718814
3650;0;Normal;0.00123;0.13168010669801264;0.000985;0.08866;0.00485;-0.0014528236338859474;-6.081300467977327
3651;5;Normal;0.00042;0.02659847176061061;0.00013499999999999997;0.01717;0.00167;-0.0012407181377176513;-7.4295557750674375
3652;2;Normal;0.00089;0.16003727534546447;0.00096;0.09132;0.00132;-0.0009919451633571576;-6.583346562705883
3653;10;Rubbing;0.003405;0.11633182238751356;0.00051;0.00043;0.00024;-0.000632101809677281;-5.496536767650724
3654;2;Normal;0.001145;0.11312330440718216;0.00106;0.07084;0.00972;-0.0005867462192448077;-6.555513424849651
3655;1;Normal;0.000895;0.04346769720148515;0.001205;0.02724;0.00522;0.0007383921379365002;-7.355491564000957
3656;5;Rubbing;0.0033350000000000003;0.07199057438303991;0.000635;0.04106;0.00266;-0.0018606129034075068;-5.212164257329752
3657;6;Unbalance;0.0015400000000000001;0.520018281120962;0.0039049999999999996;0.32059;0.01041;-0.0001052184654734874;-6.58645800878924
3658;9;Normal;0.0025849999999999996;0.07859402903528995;0.00059;0.0447;0.00902;-0.0008445349967682764;-6.0324075721802615
3659;5;Rubbing;0.005325;0.07718693671859247;0.000655;0.04522;0.00315;-0.0021942763864530985;-4.735133859127643
3660;3;Normal;0.00103;0.24304504500195015;0.00148;0.1422;0.0028;-0.0011513667563090506;-6.334298898760119
3661;5;Normal;0.00071;0.17380126179058655;0.00101;0.11158;0.00379;-0.0008274608877192383;-6.9916598775267484
3662;5;Normal;0.00084;0.11054040030685613;0.0005250000000000001;0.06321;0.00316;-0.0009356743413045554;-7.11696506208934
3663;3;Normal;0.00222;0.06662223277555324;0.000745;0.04348;0.00111;-0.001841900452139201;-5.625762661668961
3664;10;Normal;0.001025;0.05048619910430968;0.00174;0.00217;0.00016;-0.00030659901759222223;-6.446697702271303
3665;10;Normal;0.001425;0.16268114703308434;0.001045;0.00096;0.00024;0.0003359752289875478;-6.3746373447355
3666;5;Normal;0.001115;0.12675645545691155;0.001085;0.074;0.00051;-0.0008148192287371269;-6.4228579366446725
3667;1;Normal;0.000655;0.06503065046576115;0.00137;0.04128;0.00831;0.0002156598022875003;-6.915619414809585
3668;6;Unbalance;0.0014;0.6437662262032702;0.00499;0.39617;0.00699;-7.455047399490803e-05;-6.557075160842434
3669;5;Normal;0.0010400000000000001;0.16573539302152693;0.000855;0.09513;0.00116;-0.0016780711129049345;-6.432532305147472
3670;5;Normal;0.00037;0.058872626066789314;0.00047;0.03969;0.00576;0.0001431010844356995;-7.5885408924382505
3671;6;Normal;0.000925;0.0903200453941427;0.001025;0.05407;0.00143;0.00021886654954733373;-6.61079389681265
3672;6;Normal;0.00294;0.043421324254333836;0.00188;0.0213;0.00162;-0.0003141254638373856;-5.701106037477495
3673;5;Normal;0.00051;0.11572100889639703;0.00069;0.07478;0.00095;-0.0002504769677960345;-7.313120772890501
3674;5;Normal;0.0006000000000000001;0.22604543370747396;0.00112;0.14133;0.00255;-0.0006359351249475847;-7.049758490239599
3675;1;Normal;0.00207;0.07143874858926352;0.00115;0.04748;0.0056;0.0006639573771897404;-6.732484828700532
3676;5;Normal;0.00044;0.14502404111043107;0.000735;0.09314;0.00693;-0.00076499975699785;-7.346854475576209
3677;4;Normal;0.001325;0.09962211451279279;0.00292;0.06226;0.00237;-0.0006323517902440614;-6.465243105590554
3678;3;Normal;0.006685;0.029432264608758873;0.00143;0.01562;0.00305;-0.0016802884124940594;-4.528336675695551
3679;5;Normal;0.00063;0.07822082906745492;0.00055;0.04622;0.00256;4.2046579195898035e-06;-7.357367065443585
3680;10;Normal;0.003385;0.052003757556545856;0.000645;0.00154;0.01197;-0.0016329484015072465;-5.5396207181656685
3681;2;Normal;0.00084;0.21742172936484522;0.00119;0.12312;0.01004;-0.0006354271674655533;-6.81390600373387
3682;8;Normal;0.00096;0.11278774756151487;0.00138;0.06576;0.01171;0.0014388163077953364;-7.317078303426396
3683;7;Normal;0.001165;0.15260390918977143;0.001385;0.09089;0.00288;0.00020413134151021881;-6.528511796269989
3684;9;Misalignment;0.00297;0.27750862581188357;0.00239;0.17088;0.02811;-0.000615039798914777;-5.853123131505004
3685;1;Normal;0.000585;0.052817728084422574;0.00087;0.0342;0.00644;-0.00023410841308122771;-6.882087732462849
3686;1;Normal;0.00030000000000000003;0.13563780999411632;0.000785;0.07627;0.00107;-4.1130155639304356e-05;-7.497875343779513
3687;9;Normal;0.0027749999999999997;0.22075380857416713;0.0015600000000000002;0.13766;0.00472;-0.0013550096232213301;-5.616760634694945
3688;1;Normal;0.001015;0.026234229548435385;0.00051;0.01559;0.00263;-0.000940992715617791;-6.844113173390153
3689;9;Normal;0.00176;0.018630217390036008;0.00069;0.01088;0.00361;-9.930898139258464e-06;-6.317010208131424
3690;3;Normal;0.0031349999999999998;0.024167587798537112;0.00049;0.01506;0.00652;-0.0011026537946770842;-5.491527392005043
3691;10;Normal;0.0035250000000000004;0.10815639278378325;0.00044;0.00021;0.00027;-0.0010136028180182965;-5.689834946690095
3692;9;Normal;0.00371;0.22195481567201913;0.00211;0.14779;0.02241;-0.0003308174463234372;-5.7510103357369955
3693;1;Normal;0.00022;0.025683483019247996;0.000325;0.01463;0.00273;0.0003172209985305491;-7.6645706879202
3694;8;Normal;0.00222;0.11220821092950373;0.001905;0.0607;0.01457;-0.0008730011324118065;-5.831714179788849
3695;7;Normal;0.000715;0.13750792340807128;0.0017699999999999999;0.08306;0.00918;0.0008269276973276337;-7.183001647708205
3696;0;Normal;0.00022;0.14817949655738474;0.001265;0.08534;0.02181;-5.405661954378259e-05;-8.125133158095611
3697;5;Normal;0.00057;0.12280032898978732;0.000715;0.08042;0.00227;-0.0008148739553418897;-7.212849493952424
3698;1;Normal;0.001485;0.1999477339206424;0.00102;0.13303;0.00152;-0.0007443790625603878;-6.4197646641312645
3699;1;Unbalance;0.0019199999999999998;0.3250660165258743;0.004405;0.20772;0.00389;-0.0023773337239684313;-5.194812122204152
3700;9;Unbalance;0.00266;0.3413216286730157;0.00254;0.1972;0.01633;-0.00036448965470661733;-5.839492741768677
3701;3;Normal;0.00157;0.025112767669056315;0.00106;0.01336;0.00273;-0.0007443352065724362;-6.068313434635092
3702;4;Normal;0.001155;0.1728805714937338;0.00244;0.11638;0.01633;-0.0011219194556288548;-6.3462598609437455
3703;6;Normal;0.0022;0.0719859138998735;0.0022199999999999998;0.03846;0.01584;8.139100321525142e-05;-6.020464867202967
3704;3;Normal;0.000665;0.07456668156757414;0.0009699999999999999;0.04427;0.00746;-0.000504680762534112;-6.845834841816364
3705;4;Normal;0.00064;0.14396445533533617;0.001875;0.08261;0.02915;-0.00020248075446096899;-7.183254005868821
3706;9;Unbalance;0.00616;0.33939855995569573;0.00274;0.19143;0.01517;-0.0007719704994637566;-5.293977713468823
3707;4;Normal;0.001385;0.1543839175562014;0.0028;0.09383;0.01071;-0.0005201171477704958;-6.530983009831781
3708;9;Normal;0.00176;0.17797357050978102;0.00131;0.1009;0.00893;-0.0010366856088599797;-6.143773996419752
3709;9;Normal;0.00361;0.09116483532590841;0.00225;0.05463;0.00914;0.0003410071563274066;-6.019610021640406
3710;9;Rubbing;0.004405;0.24132348559557978;0.00216;0.14771;0.02256;-0.0008397492412420257;-5.236084223617588
3711;7;Normal;0.00097;0.18362087599181096;0.0019;0.11526;0.01163;0.0011399428582645427;-7.268566025238456
3712;5;Faulty sensor;0.272455;0.09780711323825073;0.00858;0.01533;0.00298;-0.003128093652305437;-0.4860560576213975
3713;10;Normal;0.00098;0.04865632846814483;0.000835;0.00107;0.00036;-0.0007262280249116715;-6.479071295151123
3714;5;Faulty sensor;1e-05;1.4142135623730951e-05;0.0;1e-05;0.0;-0.013523051996831684;-11.994790971297494
3715;4;Normal;0.033235;0.12869109176629126;0.0011949999999999999;0.08678;0.014;-0.0035569922409037277;-2.49547017434023
3716;10;Normal;0.00086;0.09060353745853415;0.00118;0.00151;0.00084;-0.0009376704574381705;-6.215011488462748
3717;3;Normal;0.001315;0.022878636322997924;0.00065;0.01373;0.00818;-0.0005814508101430666;-6.79532031579309
3718;9;Normal;0.00204;0.21876583485544537;0.0013800000000000002;0.12902;0.01628;-0.0006630735787573884;-5.969226442387528
3719;4;Normal;0.00194;0.10613943423629128;0.0030949999999999997;0.06432;0.02064;-0.0006541814614705596;-6.378674784365663
3720;5;Normal;0.00072;0.030842817640416704;0.00048;0.01927;0.00457;-0.0002149895950644796;-7.058077717597826
3721;1;Normal;0.00043;0.04610208672066808;0.000985;0.02585;0.00339;8.111769317262367e-05;-7.615816698632634
3722;8;Unbalance;0.00224;0.3517724505983946;0.0034;0.19754;0.00916;-0.0008877896035480294;-5.663731566555603
3723;10;Normal;0.00178;0.13741818438620124;0.00109;0.00085;0.0004;-0.0017128032061283116;-5.690856951782459
3724;9;Normal;0.003935;0.237538532453158;0.00119;0.13952;0.01752;-0.001036663948638899;-5.558628258648174
3725;2;Normal;0.000465;0.10689791719205757;0.00138;0.06127;0.00809;-0.00013259504189826695;-6.803135223373746
3726;10;Normal;0.00068;0.1633496464642639;0.00134;0.00133;0.00074;-0.0006374409396108336;-6.785867253987947
3727;4;Normal;0.00057;0.2276442944595801;0.00178;0.14463;0.0083;-0.0007294153175362762;-6.95035690150062
3728;10;Normal;0.00072;0.09760304400990781;0.00119;0.00235;0.00118;-0.0006714180586372777;-6.440294942767501
3729;10;Normal;0.001165;0.045597861791974406;0.00041;0.00029;0.0004;-0.0013068972397058877;-6.277350802563313
3730;3;Normal;0.002005;0.11754090351873257;0.001795;0.0707;0.00997;-0.0009960974964880129;-5.949487848353031
3731;7;Normal;0.001445;0.046970365125257436;0.001745;0.02598;0.00534;0.001182411156971919;-6.69943926781364
3732;9;Normal;0.00111;0.06167484089967318;0.00143;0.03777;0.02554;0.0009498655846557954;-6.699332854670219
3733;1;Normal;0.00059;0.016423671940220923;0.00053;0.00915;0.00749;0.0005289628063353909;-7.420629384317988
3734;2;Normal;0.00095;0.059910015857116916;0.00049;0.03698;0.00189;-0.00045623035150749896;-6.621919689909706
3735;6;Normal;0.0026249999999999997;0.27935845646767166;0.00258;0.17163;0.00911;0.0006739473498815463;-6.317485218378741
3736;3;Normal;0.00093;0.12382848824079215;0.00132;0.07163;0.00486;-0.0006579857597694975;-6.651956039721472
3737;5;Normal;0.00042;0.1711664523205409;0.000755;0.09975;0.00429;0.00015692863846044193;-7.9508621816352205
3738;2;Normal;0.00067;0.10560650169378778;0.00147;0.06471;0.00758;-0.0003421636325482833;-6.700815831347309
3739;8;Faulty sensor;0.00395;0.007046914218294417;0.00011;0.00432;0.00158;-0.003182391689127097;-4.697966158171762
3740;4;Normal;0.00113;0.13926678713892987;0.001515;0.09447;0.02224;-0.0012926083478631636;-6.198255379253846
3741;5;Normal;0.00033;0.08442293112656064;0.000655;0.05623;0.00288;-0.0010279998324286648;-7.400136558148576
3742;6;Unbalance;0.00192;0.512249845876014;0.0038;0.29606;0.00933;-1.7565874299743368e-06;-6.0716810412706685
3743;9;Normal;0.0025;0.11970849593909365;0.00111;0.068;0.00965;-0.0015083378951125772;-5.523779661340165
3744;5;Normal;0.00043;0.05363199138573916;0.00042;0.03413;0.00972;-0.00043318235083227973;-7.4516651846679105
3745;1;Normal;0.000375;0.14497987929364542;0.0012100000000000001;0.09376;0.00373;-0.0011692891526510197;-7.448357772540978
3746;5;Rubbing;0.081315;0.127670660686001;0.00136;0.08653;0.0065;-0.0037151449761048663;-1.5756785819653558
3747;5;Normal;0.00102;0.2215919975991913;0.001155;0.13839;0.00136;-0.0005018625859639808;-6.744821795455913
3748;7;Normal;0.000915;0.24060010182873987;0.00153;0.1525;0.00309;-0.000569292143726142;-6.739479503601751
3749;10;Normal;0.001165;0.16970412782251348;0.0021149999999999997;0.00197;0.00025;-0.0010616036570451784;-6.290372739179295
3750;5;Normal;0.000645;0.18377197528459008;0.00085;0.11611;0.00434;-0.0008634156669650514;-7.156827877175984
3751;3;Normal;0.00223;0.09749702867267289;0.00149;0.05503;0.00661;-0.001693631218060724;-5.551820045348597
3752;7;Normal;0.001035;0.04351719085602837;0.000655;0.02684;0.00428;0.0002648270924336834;-6.997306594796273
3753;10;Normal;0.0021200000000000004;0.049751011045002895;0.00063;0.00066;0.00043;-0.0015388614480608958;-5.795011063571262
3754;5;Rubbing;0.077915;0.2056269457050802;0.00134;0.11731;0.00398;-0.0036798026922365986;-1.6305416293440014
3755;5;Normal;0.000665;0.24347454117422623;0.00103;0.13934;0.00201;-0.0009879300948717543;-6.865267623671631
3756;9;Normal;0.0011;0.25814239190803207;0.002365;0.16045;0.0238;-0.0008242815778590112;-6.485943550819987
3757;6;Normal;0.00161;0.25518230679261444;0.002555;0.15097;0.01563;0.000919777679336651;-6.736759050564503
3758;1;Normal;0.0023;0.036130300303208115;0.000875;0.02312;0.00697;-0.0006743128766672304;-6.065265693628504
3759;9;Misalignment;0.00119;0.11518243312241672;0.00109;0.07661;0.03422;0.0013101197185678736;-6.679512443447417
3760;1;Normal;0.00187;0.10320358472456273;0.001235;0.06542;0.01728;-0.0004842832650232987;-6.2872747249493885
3761;1;Normal;0.002145;0.053826469325044896;0.000615;0.03564;0.00882;-0.00298044508951595;-5.665313187688244
3762;7;Normal;0.001365;0.23271163743998707;0.00203;0.14589;0.00364;-0.0016772616406426466;-6.2429332745159485
3763;2;Normal;0.00049;0.10072334436465065;0.00089;0.06205;0.00174;0.0010532052168433343;-7.567086424597893
3764;1;Normal;0.0007;0.038647570428165336;0.00074;0.02523;0.00511;-0.0009594903487032264;-6.7637158595392926
3765;2;Normal;0.000835;0.0769902513309315;0.00064;0.04335;0.00645;-0.001421153354841024;-6.703305674253698
3766;7;Normal;0.00116;0.14120470317946213;0.00105;0.08454;0.00568;-0.00017063646648426286;-6.818717642159679
3767;10;Rubbing;0.00277;0.1500044159349984;0.00083;0.00075;0.00025;-0.0010440237644804735;-5.40683999739911
3768;4;Normal;0.02044;0.20508544658263786;0.00351;0.1378;0.01543;-0.0031246118868392485;-3.1086367462022775
3769;9;Normal;0.00353;0.12376077205641536;0.00201;0.06913;0.01028;-0.0006819396616659266;-5.7864620113306415
3770;7;Normal;0.00253;0.048599472219356454;0.000315;0.02814;0.00873;-0.0002092025812096615;-6.724402118398425
3771;10;Normal;0.002155;0.055060505809518316;0.00069;0.00029;0.00099;-0.0012089610908576707;-5.8839006865149575
3772;7;Normal;0.00162;0.03683888706245073;0.00046;0.02434;0.01418;-0.0015785137539315584;-6.975050879615871
3773;10;Normal;0.003105;0.11299729023299629;0.001605;0.00176;0.00055;-0.0023376476741827044;-4.973086657626938
3774;0;Normal;0.00019;0.1669058108634927;0.00221;0.09939;0.00916;0.00013382953900250717;-8.308209946316262
3775;10;Normal;0.00168;0.12523848529904855;0.00123;0.00155;0.00042;0.0009117390173343407;-6.818979747709384
3776;1;Normal;0.000655;0.05707811489529065;0.000505;0.03587;0.00346;0.0001600103820822403;-7.022554615430805
3777;4;Normal;0.00075;0.1126676608437399;0.00178;0.0755;0.02726;-0.0007437481985203164;-6.639687554328398
3778;2;Normal;0.00047;0.0894939394596081;0.0010500000000000002;0.05442;0.00524;-0.0001062910400054009;-7.065778339763448
3779;8;Faulty sensor;0.0053;0.008749217107833135;0.00016;0.00481;0.00198;-0.0031564035674012695;-4.4804136237452505
3780;5;Normal;0.00147;0.09673593851304696;0.000855;0.06504;0.00263;-0.001794042789869599;-5.909128053106141
3781;9;Normal;0.00112;0.2707066133288953;0.002105;0.16203;0.0125;-0.0004408074946278283;-6.887502319837897
3782;1;Normal;0.000575;0.12307417763284058;0.001105;0.07692;0.00472;-2.656249807071e-05;-7.0165373145571905
3783;4;Normal;0.0043;0.13178379300961102;0.00107;0.08893;0.0075;-0.0031058742947874278;-4.691921315229985
3784;0;Normal;0.00018;0.1200975095495323;0.0011250000000000001;0.07635;0.00803;-0.000307058137547426;-8.247589258526274
3785;5;Normal;0.00047;0.12216960874129049;0.00063;0.07105;0.00281;-0.0002656167630956575;-7.652984177114601
3786;4;Normal;0.00065;0.14334067601347497;0.00129;0.09114;0.0102;-0.0009782204139682348;-6.654061422313665
3787;4;Unbalance;0.014485000000000001;0.32640753713724197;0.004654999999999999;0.20474;0.01267;-0.0032125473305561723;-3.5860031655415248
3788;10;Normal;0.0047;0.2643560561061539;0.00176;0.00169;0.00075;-0.0018841158071754114;-4.713913804111414
3789;1;Normal;0.00024;0.17183216782663252;0.00143;0.09767;0.00616;0.0002533879102377662;-7.655212835890153
3790;4;Normal;0.000845;0.10584739864540839;0.001795;0.06845;0.01398;-0.0006952823256918913;-6.861887795338076
3791;0;Normal;0.00027;0.1606902542159916;0.000975;0.09169;0.01501;-0.0006280477140677901;-7.738548656352658
3792;1;Normal;0.00067;0.03319875148254826;0.002125;0.01287;0.00632;-1.2569129270220612e-05;-6.734204404445922
3793;6;Normal;0.0016849999999999999;0.10674056398576878;0.00219;0.06737;0.00362;-0.00039384943231316437;-6.099307014259702
3794;4;Normal;0.00123;0.23641843075361108;0.00234;0.15705;0.01938;-0.0008881236627894752;-6.528287642928938
3795;3;Normal;0.00103;0.17497157483431416;0.00119;0.10206;0.00829;-0.0008744338451983023;-6.490842424900939
3796;2;Normal;0.00068;0.05277832699129444;0.0005;0.03099;0.00846;-0.0007826846540998945;-6.767993338520431
3797;8;Unbalance;0.00101;0.3257919661379022;0.0029;0.1975;0.01025;0.0008607422796166198;-7.05035117399309
3798;10;Normal;0.00114;0.2537071224857513;0.00247;0.00201;0.00145;-0.0007327870804302785;-5.901883651777096
3799;8;Normal;0.00087;0.19950314408550057;0.00225;0.11625;0.00507;0.0013235437493475126;-7.04935434936819
3800;6;Normal;0.002565;0.2000228891902124;0.00266;0.12216;0.01037;0.0008365332114087049;-6.23002637257695
3801;7;Normal;0.00098;0.25604636259865127;0.0031200000000000004;0.14155;0.01524;0.0005514374770348917;-6.445616847169896
3802;4;Normal;0.001265;0.13344446223054743;0.00312;0.08782;0.00857;-0.0005622163264489246;-6.586516487091517
3803;1;Normal;0.00117;0.17293422304448589;0.001415;0.10999;0.00932;0.0002336280883901136;-6.711410791174697
3804;10;Normal;0.001715;0.18346890799260784;0.00151;0.00103;0.00216;3.06470088517986e-05;-6.013225185625454
3805;9;Normal;0.001315;0.07360776793246755;0.00099;0.0466;0.00057;0.00117433258672073;-6.663025630511854
3806;7;Normal;0.00066;0.32312775693214596;0.00157;0.18398;0.00662;5.39267124586228e-05;-7.138988632760743
3807;8;Normal;0.00078;0.12839531611394556;0.001315;0.07434;0.00949;0.0005139394025463707;-6.706097382184218
3808;7;Unbalance;0.00122;0.2864612663171061;0.00206;0.19107;0.00265;-0.00035924119296327475;-6.444636153779845
3809;5;Faulty sensor;0.02579;0.05763568425897276;0.003385;0.01444;0.00107;-0.0028081623532594194;-2.902693272427265
3810;2;Normal;0.00041;0.1380261449871002;0.00129;0.08727;0.00548;-0.00028130821334788984;-7.204207304043017
3811;8;Normal;0.00154;0.05165982675154844;0.00223;0.02599;0.00354;0.0006533581317899443;-6.464584929239896
3812;6;Unbalance;0.0032649999999999997;0.29553369300301446;0.0039299999999999995;0.18981;0.0084;-0.0005299441574243538;-5.393180519259621
3813;3;Rubbing;0.00489;0.15003671350706133;0.003465;0.09256;0.00598;-0.0007868085317022984;-4.708186069356933
3814;9;Unbalance;0.0032;0.4971728190478639;0.00344;0.29526;0.02887;-0.0004587776833415086;-5.795594886324146
3815;10;Rubbing;0.002175;0.1432672017595095;0.00143;0.00107;0.00038;-0.001017979759456543;-5.133077764702773
3816;6;Normal;0.00657;0.020049498746851503;0.00147;0.00644;0.01778;-0.00038207420165311385;-4.982660066602038
3817;10;Rubbing;0.0035250000000000004;0.07135169094001907;0.00149;0.00147;0.00055;-0.0007989671248741542;-5.301418273693481
3818;10;Normal;0.001505;0.15335196542594426;0.001675;0.00283;0.0009;0.00018277015839673113;-6.01955992425787
3819;1;Normal;0.00043;0.04089651329881314;0.001;0.02523;0.00555;-0.000296069739947593;-7.05543871005316
3820;5;Normal;0.00117;0.06737133440863406;0.00139;0.04194;0.00061;-0.0007417845480109657;-6.374000875121785
3821;7;Normal;0.001025;0.18977183089173166;0.0021;0.12032;0.00138;0.0005663312879762875;-7.143559681564502
3822;7;Normal;0.0010400000000000001;0.13217718940876297;0.001055;0.07443;0.00238;-0.0004919998388433873;-6.749825444088328
3823;4;Unbalance;0.00133;0.2888131854676999;0.003045;0.196;0.03272;-0.0010305824797191003;-6.299403499679458
3824;7;Normal;0.00074;0.19586981109910737;0.00154;0.11695;0.00307;0.00010409856959030075;-6.744313926153491
3825;8;Normal;0.00125;0.1092970791009531;0.00161;0.06558;0.01133;0.0012434059453732044;-7.278050411521362
3826;4;Normal;0.00055;0.10624406524601739;0.0032050000000000004;0.06783;0.02348;0.0003075944291074068;-7.619543384486516
3827;9;Normal;0.00193;0.1462466874838538;0.0016;0.08418;0.00647;-0.0012473836057260894;-5.856378150482046
3828;1;Unbalance;0.00217;0.27955838960760954;0.00357;0.17911;0.0039;-0.0008703217973832368;-5.455000979561904
3829;4;Normal;0.001135;0.13451194036218492;0.00239;0.08878;0.01319;-0.0011956923997594173;-6.409890182629633
3830;9;Unbalance;0.00242;0.37422865096087976;0.00256;0.23293;0.01659;-0.001268403576139105;-5.528955052265236
3831;9;Normal;0.001055;0.2583504422291551;0.00223;0.16134;0.01197;-0.0003099865577764177;-6.98070043104151
3832;1;Normal;0.000645;0.10366251395755363;0.002275;0.06517;0.00615;-3.9797769139582135e-05;-6.8263979225828
3833;1;Normal;0.00027;0.11095476555786146;0.00139;0.07349;0.00486;0.000279007275344606;-7.720072405058584
3834;10;Normal;0.00172;0.04939884006735381;0.001;0.00156;0.00306;-0.0011035655318771824;-5.972444370750535
3835;2;Normal;0.000695;0.14835814402991163;0.00092;0.08936;0.00378;-0.0007278346576452799;-6.922270473636841
3836;9;Normal;0.00227;0.12128912234821389;0.001395;0.07743;0.01148;-0.00021966663612019862;-5.8593866529280865
3837;4;Normal;0.00099;0.1650497979398945;0.006035;0.09373;0.00839;-6.287376411721906e-05;-7.002700085283668
3838;0;Normal;0.00072;0.21803986401573452;0.00121;0.12418;0.00628;-0.0009477403681997934;-6.884244031760977
3839;10;Normal;0.00584;0.07675523500061739;0.0008;0.00081;0.00122;-0.002410947082784474;-4.4619392858189055
3840;7;Unbalance;0.00119;0.43222698643189783;0.00372;0.26042;0.01924;0.0008529090350603423;-6.861394166031564
3841;2;Faulty sensor;0.00394;0.007932546879785837;0.00011;0.00456;9e-05;-0.0031092193887573387;-4.7514328253232945
3842;5;Normal;0.00065;0.1892082529912477;0.00095;0.12396;0.00235;-0.0011158886265226742;-6.838496475358915
3843;5;Normal;0.00068;0.14342296678008024;0.00074;0.08348;0.00271;-0.0009695543058412224;-7.212041318151877
3844;7;Normal;0.00042500000000000003;0.06327448063793176;0.00072;0.03791;0.0067;0.0001356926534490448;-7.07375003004332
3845;1;Normal;0.00133;0.1621756042072913;0.00137;0.09657;0.00247;-0.0010650461055019245;-6.117421350703297
3846;1;Normal;0.00044;0.07054537121597702;0.00076;0.0442;0.02294;-0.0004689421073080363;-7.25724383209613
3847;1;Normal;0.001845;0.21064557436604264;0.00127;0.13268;0.00179;-9.873154205446375e-05;-6.562341752245621
3848;4;Normal;0.00421;0.21541897154150563;0.0026249999999999997;0.14609;0.02255;-0.0024928315714936324;-4.877077425371597
3849;10;Normal;0.00105;0.05544068181398928;0.000635;0.00033;0.00064;-0.0007418856086584641;-6.557060845953181
3850;2;Normal;0.00025;0.05020939155178043;0.00056;0.02784;0.00192;0.0005973853030425641;-7.911312707904764
3851;4;Normal;0.00055;0.14841473275925138;0.00128;0.08615;0.01678;-0.0005349972069027863;-6.860795364610833
3852;5;Faulty sensor;0.24927;0.0878576678497671;0.007465;0.01376;0.00145;-0.003125123386980244;-0.565625770459115
3853;8;Normal;0.00185;0.06065464532910897;0.00181;0.03272;0.00179;0.0013456403652015749;-6.478906562597017
3854;4;Normal;0.00089;0.15986299384160174;0.001275;0.10339;0.01969;-0.000631426720625846;-6.647770648247038
3855;1;Normal;0.00041;0.03554411906349629;0.00074;0.01943;0.00117;0.0009920698901655467;-7.920617974119243
3856;4;Normal;0.0015;0.15503491509979292;0.00111;0.09845;0.00886;-0.0019903269126614683;-5.907080003014433
3857;8;Normal;0.00127;0.19111087436354846;0.001865;0.11862;0.01052;5.606252023534476e-05;-6.8489402372753645
3858;3;Normal;0.00132;0.15269114119686186;0.00094;0.09069;0.00388;-0.0009726828060818445;-6.3933077933354525
3859;1;Unbalance;0.00136;0.28571587512772195;0.00165;0.16472;0.01864;-0.0015094958744882741;-6.377332654463814
3860;7;Normal;0.0012;0.20650632314774287;0.00192;0.12402;0.01107;0.0014242862197481809;-7.264881697537588
3861;10;Normal;0.001685;0.2022664680563736;0.00136;0.00146;0.00016;-0.00025206393119177155;-6.547200887973527
3862;4;Faulty sensor;0.00266;1.8519216690508271;0.00733;0.01901;0.00061;-0.0022184459590457862;-5.382956044954568
3863;7;Normal;0.00098;0.20866076392077168;0.00133;0.12617;0.00305;-0.00039548486020148777;-6.255584758180812
3864;0;Normal;0.00023500000000000002;0.11676298814264734;0.00128;0.07167;0.00607;0.0003854650622339967;-8.13676401868916
3865;8;Normal;0.00115;0.2533169346885439;0.00236;0.15642;0.00768;-0.00029818116572903207;-6.83652299716449
3866;5;Normal;0.000445;0.060878621863508044;0.0004;0.03793;0.00195;-0.000260654127636031;-7.309528822015776
3867;3;Normal;0.0019399999999999999;0.18289285497252208;0.00141;0.11646;0.00701;-0.0011525473097028502;-6.082394043653928
3868;4;Normal;0.030755;0.0791203924408872;0.00133;0.05198;0.01433;-0.0027190008340028876;-2.8298368343168994
3869;7;Normal;0.00106;0.12440619478144968;0.00134;0.08274;0.01193;0.0013215908024115084;-6.983566961785429
3870;1;Normal;0.00096;0.1790623017276389;0.001265;0.10811;0.00566;-0.0011020173686653169;-6.25135066457503
3871;6;Normal;0.00126;0.17316299951202047;0.001815;0.10642;0.01;0.0005509261091032941;-6.613007455983625
3872;1;Rubbing;0.01152;0.06530082311885509;0.00124;0.04138;0.00403;-0.0022567685682444794;-3.8268210325247227
3873;5;Normal;0.00039;0.21197747191623925;0.00109;0.12778;0.00322;-0.001221366214695359;-6.9917229977470035
3874;9;Unbalance;0.001165;0.3381162263187024;0.00268;0.21134;0.00747;-0.0008980433630911153;-6.371169821066303
3875;1;Normal;0.00075;0.2614570211334934;0.00228;0.15762;0.00333;-0.001062534006110097;-6.562224313146309
3876;3;Normal;0.001735;0.03540145618473907;0.00168;0.01878;0.00434;-0.00020584916705603966;-6.477348385907474
3877;1;Normal;0.00027;0.12585766841952856;0.0019;0.08247;0.0034;0.0007617373216760885;-7.911097102636147
3878;7;Normal;0.00042;0.14870384964754613;0.00086;0.08598;0.01153;0.00048339074140810883;-7.166686865030129
3879;10;Normal;0.00103;0.06073625770493273;0.000415;0.00027;0.0004;-0.0005136622037768032;-7.0519404778147745
3880;5;Normal;0.0009649999999999999;0.14782081923734558;0.00134;0.09928;0.00182;-0.0010754291287462503;-6.524129586599874
3881;1;Normal;0.00134;0.17597274703771604;0.001665;0.11283;0.01311;0.00047925866118713703;-6.761207633483213
3882;1;Normal;0.00634;0.07864904449514945;0.001215;0.05145;0.00453;-0.002695785498223835;-4.446748645088541
3883;3;Normal;0.001225;0.06931143123612439;0.00075;0.03987;0.00599;-0.00021128313299143838;-6.5587121444041845
3884;5;Normal;0.00056;0.12980843038878484;0.000945;0.0871;0.00302;-0.0015037400027186362;-6.959161066451358
3885;2;Normal;0.001265;0.04090627335751816;0.000675;0.023;0.00232;-0.0006588588871904543;-6.580224426036493
3886;3;Normal;0.00102;0.07293597054951693;0.000865;0.0466;0.00436;0.0006387540289611733;-7.059954116383348
3887;1;Normal;0.00025;0.05775411760212426;0.001185;0.03236;0.00539;-0.0006523186466201232;-7.341731536860499
3888;4;Normal;0.002005;0.10393328581354483;0.00276;0.06701;0.02046;-0.001310736605887254;-5.941793538204352
3889;1;Normal;0.00055;0.04886677808081887;0.001185;0.0303;0.00339;0.00030890662326546123;-7.541128887298556
3890;8;Normal;0.0022849999999999997;0.14135876378916165;0.0016;0.08235;0.00787;-0.0001819857241834335;-5.7550380937332575
3891;1;Faulty sensor;0.001475;1.0018422396265791;0.004675;0.01378;0.00012;-0.0017291260839641554;-6.0056534247040885
3892;4;Normal;0.0017000000000000001;0.14333075141085388;0.0019950000000000002;0.09637;0.01061;-0.0013690790489560931;-6.332414375851397
3893;4;Normal;0.00077;0.193100822629009;0.00133;0.12114;0.00827;-0.0006075882701839719;-6.963442078020303
3894;0;Normal;0.0004;0.20874002107885303;0.00206;0.13059;0.01371;-0.0004905209306117055;-7.484622934358374
3895;0;Normal;0.00042;0.25024423310038535;0.00143;0.15939;0.01288;0.001076209891213332;-7.931736677674099
3896;10;Normal;0.002;0.12465592404695416;0.001575;0.00139;0.00063;-0.0008076143362493789;-5.931027605175526
3897;3;Normal;0.00107;0.0674387737136434;0.0009400000000000001;0.03857;0.01106;2.2864536616173954e-05;-6.603144176617306
3898;1;Normal;0.00029;0.12696008427848496;0.00123;0.07832;0.00301;-0.0008446692473470189;-7.464496629735788
3899;4;Normal;0.00042500000000000003;0.024506799056588358;0.001085;0.01433;0.00643;-0.00025056098884796167;-7.635202995519193
3900;9;Normal;0.002595;0.11921668675147788;0.0014550000000000001;0.0675;0.00869;-0.00043760770452385485;-6.085669374471143
3901;5;Rubbing;0.00722;0.07368123438162529;0.00061;0.04345;0.00072;-0.0027452143917808345;-4.21933051014314
3902;10;Rubbing;0.005764999999999999;0.03844588664603795;0.00024;0.00018;0.00043;-0.0010433352859327983;-5.173300579178894
3903;1;Normal;0.00092;0.3349150077258408;0.0037150000000000004;0.19845;0.03268;0.0006177691547998175;-6.636255374963994
3904;5;Normal;0.00049;0.026484212278261178;0.00016;0.0179;0.00233;-0.0014790889993140303;-7.259990255342374
3905;7;Normal;0.00193;0.2706590746677451;0.00211;0.16169;0.00387;-0.0004648503603114235;-5.868783925250753
3906;3;Normal;0.0012850000000000001;0.07109097903391119;0.00173;0.04064;0.00521;-0.0018685768469059749;-5.901641705884472
3907;0;Unbalance;0.00053;0.32310877456361353;0.002855;0.20845;0.00833;-0.001650862078403008;-6.9265548886483765
3908;9;Normal;0.005245;0.27597617451512;0.002195;0.1547;0.02277;-0.0005683684596782389;-5.412213708087942
3909;6;Normal;0.00206;0.08452282295333018;0.000865;0.05019;0.00276;0.0008667293543570826;-5.949342364977183
3910;8;Normal;0.00101;0.09166516023004596;0.00156;0.05293;0.0081;0.0007789974430494889;-7.146655699261835
3911;5;Faulty sensor;4e-05;0.00038301436004411116;0.0;0.00022;2e-05;-0.0046029629345559165;-9.166897459795106
3912;1;Normal;0.0008;0.21707930785775045;0.001175;0.14399;0.0047;-0.0007064666736801515;-6.707760272502
3913;5;Normal;0.0005;0.20179993012882833;0.0008849999999999999;0.12967;0.00428;-0.00045543238181692424;-7.395332388422246
3914;10;Normal;0.00143;0.20409129158295802;0.0015249999999999999;0.00154;0.00044;-0.0002459053179087817;-6.586173586290761
3915;4;Normal;0.00078;0.14971584986233086;0.005;0.08654;0.0124;-3.648520919829398e-05;-6.9095165962160845
3916;3;Normal;0.0015;0.13902750015734297;0.0012;0.08402;0.00163;-0.0001551945574978324;-6.415796237070893
3917;9;Normal;0.00585;0.17960486686056143;0.0033150000000000002;0.09978;0.00553;-0.00022714398363543319;-5.381045443007013
3918;3;Normal;0.00122;0.11968737945163642;0.001445;0.06938;0.01687;-0.000501727639699907;-6.417512607251661
3919;9;Normal;0.0010249999999999999;0.11604606369886056;0.00122;0.06586;0.01268;0.0002690149962885852;-6.565094513547981
3920;1;Normal;0.00039;0.16461914378346157;0.00248;0.09232;0.00141;0.0005101167818587377;-7.527300893769108
3921;10;Normal;0.001105;0.06150869288157569;0.002045;0.00162;0.00022;-0.0004561757522104342;-6.460479175411629
3922;2;Faulty sensor;0.004575;0.0027841515763334435;0.00012;0.00142;0.00033;-0.003197475595960387;-4.555772421195353
3923;10;Rubbing;0.00354;0.0804381924212622;0.00137;0.00074;0.00029;-0.0006464334138608245;-5.590593344431718
3924;1;Normal;0.00025;0.07096179746877893;0.001015;0.04339;0.00524;-0.0011416422723178033;-7.449801764162661
3925;5;Normal;0.00038500000000000003;0.12316250728204586;0.00071;0.07702;0.00375;0.0004004572224439813;-7.853001645955335
3926;4;Unbalance;0.001595;0.3333865052757835;0.0025;0.20908;0.00861;-0.0011935128911912966;-6.231270792766113
3927;9;Unbalance;0.00295;0.28936477999231347;0.001835;0.17067;0.01369;-0.00012899676938049078;-6.118996283349792
3928;2;Normal;0.00106;0.10814687651522811;0.000695;0.06512;0.00545;-0.000531052531562239;-6.927295183166598
3929;0;Normal;0.00033;0.15414885143912033;0.00124;0.08879;0.01031;-0.0005795269625110297;-7.632276132733977
3930;3;Normal;0.0016;0.26138389124045114;0.0015;0.1527;0.01364;-0.0008123314349753911;-6.27207963024344
3931;1;Normal;0.00025;0.033249467664911575;0.00045;0.02134;0.00332;0.00023078055338456526;-7.526400442590311
3932;4;Normal;0.001345;0.0763674033865235;0.0019450000000000001;0.04669;0.01331;-0.00019346876931826661;-6.713394497655103
3933;6;Normal;0.00137;0.06611957501375822;0.001305;0.04306;0.01013;0.0002228403232439526;-6.475731592719162
3934;3;Normal;0.001075;0.14944515816847329;0.001565;0.08617;0.00342;-0.0004935822151591274;-6.483335948367268
3935;5;Normal;0.00446;0.09248135649956697;0.00066;0.06281;0.00224;-0.0032049128654311853;-4.594336127395355
3936;7;Normal;0.00073;0.13693017089012924;0.00151;0.09055;0.00954;0.0010418323769202577;-7.579296461501518
3937;7;Normal;0.00138;0.08588707120399439;0.00112;0.048;0.00306;-0.0003617005529454351;-6.186064800203187
3938;6;Normal;0.00138;0.1338200224181718;0.001005;0.07716;0.00178;-0.0003156421676962179;-6.501220558795399
3939;4;Misalignment;0.000995;0.16091091759106962;0.001025;0.10415;0.02659;-0.0017910371195548206;-6.166583869812757
3940;5;Normal;0.00047;0.10633646317232862;0.00084;0.06809;0.00129;-7.824179264214377e-05;-7.573153515082412
3941;3;Normal;0.00135;0.197133541539739;0.0013;0.12881;0.00371;-0.000889933211375322;-6.26712627369279
3942;7;Normal;0.00082;0.14388216532982814;0.001955;0.0907;0.00493;-0.0001687025464240425;-6.499228244120479
3943;10;Normal;0.001585;0.02320412463334913;0.00051;0.00049;0.00068;-0.001059131701838803;-5.7692847801692
3944;10;Normal;0.0021;0.13093648345667452;0.0007650000000000001;0.00083;0.00206;-0.0014396807606379205;-5.7573348237131
3945;4;Normal;0.0011;0.23473360411325858;0.00329;0.1472;0.0132;-0.0002409313120276577;-6.839857335952301
3946;2;Normal;0.00048499999999999997;0.19613907540314346;0.0011;0.11123;0.00673;-0.0003198911693437684;-7.526519046578672
3947;3;Normal;0.000855;0.03579807397053646;0.000565;0.02241;0.00625;0.00040535802487618616;-7.069540160099641
3948;7;Normal;0.00034500000000000004;0.13047889407869764;0.0008699999999999999;0.07418;0.00892;0.0006895976441638256;-7.704222563118809
3949;1;Normal;0.000495;0.04728177027142702;0.00363;0.00933;0.00532;-6.648207740109379e-05;-6.979746203587819
3950;10;Normal;0.00105;0.04510603839842289;0.000915;0.0011;0.00034;-0.0007596336714349097;-6.438872997756365
3951;3;Normal;0.0036950000000000004;0.12706424398704774;0.00127;0.07523;0.01058;-0.0017561575448168322;-5.3554043412743315
3952;0;Normal;0.00045;0.17685812449531407;0.001455;0.10604;0.00521;-0.0009931455477874666;-7.31935704024048
3953;6;Normal;0.00164;0.18536478360249553;0.001765;0.1096;0.01233;-0.00021517649548939854;-6.417252701968443
3954;8;Normal;0.00089;0.09552086002544156;0.00133;0.05668;0.00734;0.0005254077997705159;-7.159430136056288
3955;5;Normal;0.000875;0.22523956513010765;0.00135;0.15036;0.00136;-0.0010318902743900224;-7.135435353184921
3956;9;Unbalance;0.00312;0.3158220464122161;0.0023;0.18041;0.00817;-0.0011346089767902202;-5.4221756969397825
3957;4;Normal;0.000835;0.09711480319704098;0.00255;0.05724;0.00961;7.2719370733671e-05;-7.179140275543985
3958;10;Normal;0.00278;0.053346629696729674;0.000615;0.00067;0.00029;-0.0015154903235141792;-5.741310762700459
3959;9;Normal;0.00111;0.028430195215650562;0.000695;0.01748;0.00479;0.0005651567736111903;-6.658411600149999
3960;10;Normal;0.00103;0.11483308887250225;0.001155;0.00119;0.0001;-0.0016081629024443027;-5.955370988999692
3961;2;Normal;0.00101;0.07677842144769582;0.00098;0.04554;0.00413;0.0005272839664220568;-6.996715038901392
3962;6;Normal;0.00116;0.23447577572107528;0.00204;0.14677;0.01545;-0.00032644971789432133;-6.660913967567614
3963;1;Normal;0.0039;0.11003410971148901;0.0012850000000000001;0.06999;0.00343;-0.0029673888332767662;-4.691244560844985
3964;1;Normal;0.00079;0.05296866809728181;0.00145;0.03085;0.00929;-0.0002894938838782993;-6.640797846635054
3965;3;Normal;0.00161;0.23603072024632724;0.0015;0.13782;0.00147;-0.0003162455703888968;-6.4534211009275015
3966;9;Normal;0.001595;0.10977483728068103;0.00115;0.0649;0.0221;0.000644048554292796;-6.537215607098473
3967;8;Normal;0.001355;0.13066345778372773;0.0011250000000000001;0.07933;0.00611;-0.0005982937434931581;-5.911741662250955
3968;3;Normal;0.00177;0.22421382963590805;0.0021349999999999997;0.14351;0.00496;-0.0004104971798857724;-6.057048578993834
3969;4;Normal;0.00094;0.2175970376636594;0.002;0.14771;0.01815;-0.0006756417657941508;-6.756367289670182
3970;10;Normal;0.002385;0.1044313583173177;0.0013700000000000001;0.00129;0.00027;-0.0007500927786274561;-5.697726880472082
3971;0;Normal;0.00036;0.1284635329578009;0.00146;0.07682;0.0115;-0.0003229847691344736;-7.601451324458174
3972;9;Unbalance;0.001605;0.28668473346168954;0.002025;0.17002;0.01815;-0.0009604148707030073;-5.971543425853402
3973;1;Normal;0.00024;0.11655853422208089;0.00109;0.07888;0.00805;0.00042521424075992685;-8.013583207924142
3974;3;Normal;0.00141;0.1501346475667759;0.0011350000000000002;0.09138;0.00584;-0.0009822995801018755;-6.26319633217889
3975;7;Normal;0.001475;0.13661840798369743;0.001065;0.08444;0.00123;-0.0010221701059167467;-6.1694721042394205
3976;5;Normal;0.000455;0.06949809134069798;0.00071;0.0409;0.00186;-0.00030081818783510875;-7.207826873385246
3977;9;Misalignment;0.0025;0.21214653379209383;0.00194;0.12589;0.06175;-0.0006071560721096868;-5.858858922730915
3978;10;Normal;0.00151;0.12010833151784267;0.0018;0.0013;0.00027;-0.0004018010384214617;-6.3011625089515535
3979;5;Normal;0.00094;0.10146505457545471;0.00055;0.06865;0.00389;-0.001017077752871159;-7.006445285282313
3980;10;Normal;0.00299;0.20698484702992148;0.00206;0.00153;0.00055;-0.001143723083027956;-5.629638396633205
3981;1;Normal;0.000575;0.04507799019477243;0.00084;0.0281;0.00605;0.0005878382383248713;-7.5992115905457736
3982;9;Misalignment;0.00369;0.25509049315880045;0.00201;0.15013;0.03053;-0.000470964132037528;-5.640142050032298
3983;6;Normal;0.0013;0.03410553913955913;0.001375;0.01343;0.00711;0.0007963684624514751;-6.652886427913903
3984;9;Normal;0.00585;0.026178643967936916;0.00109;0.0138;0.00304;-0.00020841807757983327;-5.14123859646313
3985;9;Normal;0.0038;0.13297220987860583;0.001075;0.08134;0.00843;-0.001237036431252201;-5.358881173671335
3986;1;Normal;0.0009;0.11354123303892731;0.0016250000000000001;0.07217;0.00522;-0.0002188585840953307;-6.99114944400282
3987;10;Normal;0.00057;0.06593963148213675;0.00082;0.00093;0.00049;0.0017092896854971995;-7.505702878931509
3988;5;Faulty sensor;0.13242500000000001;0.03823979863963721;0.00318;0.00623;0.0011;-0.003009524556049752;-1.3111075847288776
3989;0;Normal;0.00055;0.0683892001707872;0.000745;0.04088;0.00496;-0.001972276281605041;-6.7779511905847
3990;10;Normal;0.00239;0.09487096605389869;0.00122;0.00086;0.00027;-0.0006061997457276359;-5.831455725269102
3991;9;Normal;0.001915;0.20867400269319608;0.0023049999999999998;0.12772;0.01329;-0.00021243141793190082;-6.262767655603291
3992;5;Rubbing;0.005895;0.06848163403424308;0.0005;0.04322;0.00522;-0.0027236272442594427;-4.5058362398850615
3993;10;Normal;0.00184;0.08221871380652947;0.0021349999999999997;0.00147;0.00181;-0.0006767550167131627;-5.6864172615417985
3994;2;Unbalance;0.001905;0.2979476621824712;0.001715;0.17006;0.0024;-0.0017713281688444189;-5.756417089919424
3995;5;Faulty sensor;1e-05;4.4721359549995795e-05;0.0;3e-05;0.0;-0.015442934466332039;-9.453712490455125
3996;1;Normal;0.00034;0.11164326177606958;0.00113;0.06217;0.00039;-0.00015932633344619996;-7.297105426906129
3997;4;Normal;0.00055;0.06099719501747602;0.00109;0.03926;0.0259;0.000141617886741445;-7.518765011941808
3998;10;Normal;0.00134;0.05974627687145033;0.00077;0.00051;0.0008;-0.0009274731960896284;-5.976019558422167
3999;7;Normal;0.00156;0.08491768955877214;0.0010400000000000001;0.04755;0.00373;-0.00038323060390770924;-5.911246410127947
4000;1;Normal;0.00122;0.043402490711939565;0.00058;0.0286;0.00619;-0.0017324630030756138;-6.219690264558856
4001;5;Normal;0.00092;0.07816187177902023;0.000635;0.0521;0.00225;-0.0008751056819952393;-7.1483998425850155
4002;0;Normal;0.00025;0.09058666899715433;0.00128;0.05412;0.01248;-0.0005418629238860147;-7.919508797511168
4003;10;Normal;0.001655;0.12746831527873898;0.001495;0.00119;0.00065;-0.000458429301195266;-6.0042974875984365
4004;5;Normal;0.000705;0.18665308221403684;0.00092;0.12486;0.00513;-0.0003589227079308402;-7.356771058298782
4005;2;Normal;0.00109;0.13626933147263914;0.001005;0.08381;0.00604;-0.0010810767580157058;-6.297010301232165
4006;7;Normal;0.00117;0.19125600330447146;0.001705;0.12098;0.01297;-0.0011839308043406246;-6.3387891514210155
4007;10;Unbalance;0.00078;0.36104893851111103;0.001475;0.00165;0.00019;-0.0009090017045928134;-6.321132933410556
4008;2;Normal;0.00131;0.07426602251366368;0.00064;0.04455;0.00112;-0.0012722487662659833;-6.632055746159207
4009;7;Normal;0.0008699999999999999;0.21823297505189262;0.00261;0.13309;0.00861;0.0004240845718113638;-6.7505350588540605
4010;4;Normal;0.00133;0.0635065492685597;0.001115;0.03808;0.01487;-0.000836461381232849;-6.478376873945853
4011;7;Normal;0.00136;0.10437500994011928;0.00089;0.06276;0.00423;3.778836196228329e-05;-6.1305679457623174
4012;9;Unbalance;0.003215;0.3829059627375891;0.00331;0.2187;0.01989;-0.0011207879822182996;-5.479906954115881
4013;7;Unbalance;0.001185;0.31227603350241273;0.001515;0.17775;0.00804;-0.0004968090595882628;-6.445842829651345
4014;4;Normal;0.00055;0.09771471332404347;0.000875;0.0621;0.01422;-0.00019863907245550082;-6.988198033197993
4015;4;Normal;0.00059;0.061533514445381715;0.001185;0.03925;0.02748;0.00033219744180787745;-7.524329213826186
4016;1;Normal;0.0005;0.1988113042560709;0.001465;0.1225;0.00095;-0.00044141157803081045;-6.534036309367474
4017;10;Normal;0.00091;0.013425486955786744;0.000625;0.00036;0.0005;8.863834725927467e-06;-6.658016747329995
4018;8;Faulty sensor;0.0038799999999999998;0.005661678196436106;0.00011;0.00341;0.00133;-0.0031389458727520522;-4.709031599151044
4019;10;Normal;0.002245;0.07914149354163087;0.00182;0.0015;0.00027;-0.000976598761239395;-5.299634159451749
4020;5;Normal;0.0020150000000000003;0.0707986193368204;0.000635;0.04707;0.00542;-0.0022373049809962975;-5.645280542482589
4021;10;Normal;0.00623;0.2665722898202287;0.00181;0.00286;0.00058;-0.0017280854413550205;-4.486743244155942
4022;4;Normal;0.02829;0.14982547647179367;0.00321;0.09968;0.01871;-0.00345467058850667;-2.7011115744408425
4023;9;Normal;0.004575;0.18437787557079616;0.00191;0.10595;0.01253;-0.00012796655509051777;-5.4540176345646705
4024;1;Normal;0.00189;0.07867041311700351;0.00065;0.04696;0.0016;-0.001513797460379816;-5.732928842844313
4025;3;Normal;0.001595;0.04401001931378808;0.00051;0.02513;0.00655;-0.00024059791321800027;-6.751545734139012
4026;5;Normal;0.00067;0.24862843079583635;0.001085;0.14226;0.00554;-0.0009664648311205566;-7.040332376108349
4027;9;Rubbing;0.00521;0.04422146537599133;0.00083;0.02418;0.03334;-0.00030045673677554796;-5.314769506895989
4028;7;Normal;0.00072;0.0999831025723847;0.00075;0.05972;0.00228;-0.00043002083738382437;-6.5937662142162035
4029;2;Normal;0.000915;0.07323952143481004;0.00119;0.04459;0.00955;-0.0005276413537583653;-6.690983913335673
4030;6;Normal;0.00214;0.20818303773362515;0.00383;0.11728;0.00696;-0.00033838219020230966;-5.822117437039957
4031;6;Unbalance;0.04397;0.4260030721720208;0.00506;0.24072;0.00727;-0.002355518322254069;-2.4679350928584163
4032;1;Normal;0.00148;0.14357315243456906;0.00173;0.08151;0.00128;-0.0005725983022533127;-6.472853367328198
4033;0;Unbalance;0.000465;0.27490136467467746;0.00141;0.18532;0.01307;7.438518255049114e-05;-7.373798881259569
4034;4;Normal;0.00084;0.06437547048371764;0.001065;0.03826;0.02571;9.279669383450537e-06;-7.262157776785582
4035;5;Normal;0.00039;0.10943304482650568;0.00063;0.07054;0.00617;-0.0008119016920238665;-7.219166322425509
4036;2;Normal;0.00091;0.0456213634167152;0.00038;0.0256;0.01199;-0.0010866567538500198;-6.459522321719413
4037;7;Normal;0.001305;0.06238531557987023;0.0007650000000000001;0.04047;0.00545;-0.0008295986007478064;-6.15428043724869
4038;4;Normal;0.00086;0.16318423300061805;0.00357;0.09983;0.01867;-0.00016449040919416856;-6.946729459397611
4039;10;Normal;0.001185;0.09523951648344295;0.001505;0.00168;0.00062;-0.0012607494644823658;-5.894516894814827
4040;1;Normal;0.000675;0.07687205148817092;0.00079;0.04405;0.00687;-7.426468081565109e-06;-7.031485753275443
4041;6;Normal;0.0033150000000000002;0.015320610301159677;0.00109;0.00408;0.00443;-0.00015766276651213497;-5.702166627242566
4042;1;Normal;0.00084;0.04795452741921247;0.00109;0.02793;0.00556;-0.0011476686486937924;-6.690069396142772
4043;4;Normal;0.001645;0.21365445279703393;0.00414;0.13288;0.02523;-0.0008157638982482117;-6.479897806803688
4044;1;Normal;0.000875;0.11425326341072277;0.000815;0.07327;0.0022;-0.00107024391929234;-6.465288260902391
4045;9;Normal;0.00126;0.1378160596592429;0.00168;0.0811;0.02097;-0.0007232389974478125;-6.341509379263118
4046;5;Normal;0.00043;0.03598934564562129;0.00018;0.02309;0.00425;-0.0013893692280705441;-7.492848520629025
4047;7;Normal;0.0006850000000000001;0.19511986495485284;0.001415;0.11372;0.00615;-1.5913507307346866e-05;-6.907885551857223
4048;7;Normal;0.002005;0.25027655083926664;0.00281;0.14156;0.00091;-0.00019932740800178376;-6.249863297773375
4049;4;Normal;0.000945;0.19513200736937036;0.00131;0.12609;0.01232;-0.0008405017345245173;-6.812175185342317
4050;9;Normal;0.0016150000000000001;0.12418833882454504;0.00138;0.07887;0.00929;0.00041646788588580087;-6.5329346070993495
4051;1;Normal;0.00044;0.1509060906656852;0.000785;0.08595;0.00297;-0.001475464444249288;-6.603730835881066
4052;9;Normal;0.001955;0.1095786575935296;0.00142;0.06254;0.00786;-0.00044982479876672766;-6.126934871265831
4053;7;Normal;0.00098;0.07111304591985917;0.00135;0.03905;0.00666;0.00020476545342977407;-6.765558149126953
4054;1;Normal;0.0005;0.12242310321177127;0.001025;0.08003;0.0032;-0.0008449857325361335;-6.922016646915347
4055;2;Normal;0.000855;0.14352014980482705;0.001165;0.08184;0.00359;-0.0009074551666534494;-6.688338977283603
4056;1;Normal;0.00033;0.13006727643800342;0.00148;0.07786;0.00554;0.00020951078263638765;-7.4630055129028126
4057;1;Normal;0.001415;0.2200017327204493;0.00188;0.13081;0.00151;-0.0006610309777518675;-6.150275082190865
4058;8;Faulty sensor;0.009049999999999999;0.005636630198975271;0.00022;0.00348;0.00082;-0.0033000689916927433;-3.915623473049398
4059;6;Normal;0.00195;0.0870459315534046;0.002175;0.05406;0.00784;0.0003793543297329214;-6.281400381261425
4060;3;Rubbing;0.00694;0.12664435242046918;0.0018;0.07299;0.00387;-0.0008148398785158377;-4.700775037288917
4061;1;Unbalance;0.00149;0.29580181608637895;0.0017;0.1875;0.00705;-0.0012160503690273456;-6.306904728289683
4062;9;Normal;0.004945;0.21393957394554192;0.00265;0.12047;0.01206;-0.000883186557013538;-5.1610879821456574
4063;1;Normal;0.00066;0.0964255344812773;0.00082;0.06176;0.00434;-0.00046118564609847607;-6.994702718287578
4064;5;Normal;0.00083;0.1968496027428046;0.00118;0.12275;0.00111;-0.00030592259504631775;-7.106574195442131
4065;1;Normal;0.001405;0.049524315240091904;0.0024549999999999997;0.02828;0.00959;-0.0009275603653290119;-6.139582508004682
4066;4;Faulty sensor;0.00301;1.5800616194946324;0.00744;0.0231;0.00076;-0.0016215443600186203;-5.453197769164737
4067;1;Faulty sensor;0.25656;0.1725260806371025;0.01446;0.03334;0.00458;-0.0027464644350049545;-0.6282951245899724
4068;6;Normal;0.0028;0.012497027646604613;0.001005;0.00287;0.00207;-0.0008434299915951709;-5.863995570375714
4069;7;Normal;0.00117;0.015039584435748217;0.00042500000000000003;0.00656;0.00152;0.00010300644003726486;-6.784721098686032
4070;8;Normal;0.001175;0.05163814578390669;0.00132;0.02864;0.00173;0.0009350211507739931;-7.28326174544529
4071;0;Normal;0.00043;0.2021348188709704;0.001175;0.13628;0.01276;0.0005756102540478415;-7.675852609539388
4072;5;Faulty sensor;0.05464;0.00813919529191922;0.00071;0.00115;0.00035;-0.0036704666227945068;-2.1911909044846944
4073;5;Rubbing;0.03368;0.10713771744815175;0.005955;0.03946;0.00874;-0.0026444997284646413;-2.781329677294184
4074;4;Faulty sensor;0.00333;0.7353867302311077;0.0031149999999999997;0.00909;0.00027;-0.0019698072258233913;-5.121650585044417
4075;5;Normal;0.00051;0.09230133530995095;0.000545;0.06286;0.0035;-0.00027816935816508373;-7.663343749759085
4076;1;Normal;0.00018;0.11601416896224358;0.001025;0.07704;0.00301;-0.0001732872759321278;-7.623956866095242
4077;10;Normal;0.00071;0.06726869033956288;0.001145;0.00108;0.00069;-8.48282062796131e-05;-6.598152179006189
4078;9;Normal;0.002495;0.1513130767647;0.0023150000000000002;0.08432;0.01039;-0.00038174209894147797;-5.93000043169643
4079;1;Normal;0.00069;0.06616499678833213;0.003205;0.03599;0.00288;-2.5449879482815435e-05;-6.683758747245411
4080;1;Normal;0.00118;0.0008810221336606704;6e-05;0.00035;3e-05;-0.002522036543797425;-6.151951003101665
4081;1;Normal;0.00039;0.15039674331580455;0.00123;0.10007;0.00297;-0.0003212561787628918;-7.5038483081653755
4082;1;Normal;0.001485;0.06678515104422539;0.002635;0.03766;0.00232;-0.0001475961465006522;-6.2885207384304636
4083;10;Normal;0.00821;0.16171294351411702;0.00143;0.0011;0.00047;-0.0022471941559488546;-4.253306117527464
4084;4;Normal;0.00134;0.24614597031030186;0.00515;0.15397;0.01939;-0.00014711546017101717;-6.6956556272637116
4085;5;Normal;0.00038;0.20580735555368282;0.0009649999999999999;0.13225;0.00438;-0.00035391589616204036;-7.732185732818007
4086;10;Normal;0.0020150000000000003;0.10896734510852323;0.00119;0.00125;0.00039;-0.00028687726625567967;-6.42426356794995
4087;10;Normal;0.00161;0.03448466760750349;0.00049;0.00029;0.00049;-0.0004736785820438234;-6.557244038565198
4088;3;Normal;0.001015;0.06837319284631953;0.0009350000000000001;0.03898;0.00568;-0.0001533611457791109;-6.753107659661275
4089;7;Unbalance;0.00102;0.307110565106445;0.00263;0.19004;0.01071;5.1419442363954797e-05;-6.696992698378237
4090;5;Normal;0.0006850000000000001;0.09769535301128707;0.0007;0.06522;0.00151;-0.0006359458256386358;-7.479100879073695
4091;5;Normal;0.0028250000000000003;0.07828548779946383;0.00056;0.05017;0.00651;-0.002466833813460057;-5.26428042568841
4092;4;Normal;0.00093;0.12456173489479022;0.00105;0.07904;0.00574;-0.0011508589774189973;-6.403438510008971
4093;8;Normal;0.001605;0.06085102875054785;0.00127;0.03769;0.00963;0.0012262722792292222;-6.914892605925497
4094;5;Normal;0.00034;0.1363475977052768;0.000725;0.0794;0.00051;-0.00037868552842290615;-7.763206852089841
4095;0;Normal;0.00033;0.06835323254974852;0.00063;0.03932;0.00343;-0.000976653880424444;-7.367526449437703
4096;4;Normal;0.023024999999999997;0.24645981092259242;0.00369;0.14186;0.01462;-0.0026630398642604283;-3.0086612012625524
4097;5;Faulty sensor;0.016094999999999998;0.004667236869926359;0.0004;0.00066;9e-05;-0.0029932713907796513;-3.4758819433407018
4098;2;Normal;0.00136;0.07306441336245709;0.00096;0.04342;0.00476;-0.00040759844036846875;-6.737727974573429
4099;0;Unbalance;0.000495;0.33840603230439026;0.0034200000000000003;0.20896;0.00695;-0.0008588548952986063;-7.198822312034919
4100;7;Normal;0.00069;0.03457167916083915;0.00047;0.02277;0.0046;2.6617272204108408e-05;-7.320742011147013
4101;5;Normal;0.00065;0.1762143884590586;0.000865;0.11132;0.00214;-0.0012172393797768369;-6.920604019270897
4102;2;Normal;0.00054;0.05290384107037976;0.00077;0.03191;0.0076;-0.00025499959076603315;-7.036499873970151
4103;2;Normal;0.000985;0.07552714412712823;0.000665;0.04305;0.00245;-0.0007945480440784727;-6.836660988567962
4104;5;Normal;0.00061;0.1783891739988725;0.00086;0.10397;0.00508;-0.000651294018164232;-7.344957679058758
4105;4;Normal;0.00057;0.1065844261606732;0.00098;0.06768;0.01705;-0.0010388583462031804;-7.066303843057419
4106;4;Faulty sensor;0.349;0.06491336688233017;0.0029049999999999996;0.03456;0.00589;-0.0039122234157474255;-0.352869392034719
4107;7;Normal;0.00096;0.06361915827799045;0.00036;0.04214;0.01671;-0.0005172687599586406;-6.5436625883384485
4108;3;Normal;0.000995;0.05661711843603488;0.000735;0.03432;0.00276;-0.0004854379294162047;-6.842846737979885
4109;8;Unbalance;0.00135;0.3948788119157572;0.00391;0.23586;0.00493;0.00029668474140100235;-6.162452542378431
4110;6;Normal;0.0015;0.08076495960501683;0.00133;0.04522;0.00858;-0.0003996199156835724;-6.2755584841978465
4111;6;Unbalance;0.00095;0.3284582454437702;0.00305;0.19817;0.00768;0.00028410088085493236;-6.743373849794319
4112;4;Unbalance;0.001495;0.3014076492061872;0.0034549999999999997;0.18884;0.01746;-0.0010752746152518932;-6.2635957409500715
4113;7;Normal;0.00095;0.2384150379065884;0.0024349999999999997;0.15129;0.01554;0.0005844655935984323;-6.652508146314244
4114;4;Normal;0.047225;0.16128720687022888;0.00228;0.10888;0.03078;-0.003589246804697623;-2.1466621295581003
4115;2;Normal;0.00074;0.128173478535928;0.00114;0.07378;0.00441;-0.0007481115912901999;-6.735043416446899
4116;7;Unbalance;0.00176;0.30802228036296336;0.001895;0.17382;0.00225;-0.0007166368182023261;-5.961768539016747
4117;10;Normal;0.002425;0.08140412765947437;0.0010600000000000002;0.00093;0.0005;-0.0009745551685147608;-5.679781260577678
4118;10;Normal;0.001935;0.14476796779674708;0.001535;0.001;0.00023;-0.0005217968386316809;-6.406461738644924
4119;5;Unbalance;0.00069;0.28421974984156184;0.00151;0.17129;0.00228;-0.002026883418708624;-6.360267369136056
4120;9;Unbalance;0.00252;0.396813956281782;0.003615;0.22909;0.02316;-0.00014678729895359195;-6.027759445365799
4121;10;Normal;0.00169;0.14560527497312728;0.00115;0.00116;0.00051;-0.000529278357495884;-6.026646196130524
4122;2;Normal;0.00105;0.11334242012591755;0.0012;0.07147;0.0007;-0.0013735203382795047;-6.462016307758143
4123;8;Normal;0.00178;0.10909999908340971;0.00136;0.06243;0.00514;-0.0008442566024052312;-5.765718631974415
4124;0;Normal;0.00046;0.13812960218577336;0.000915;0.08306;0.00233;-0.0003570315434210088;-7.498409305398653
4125;2;Normal;0.0009;0.1547183424807802;0.00153;0.09392;0.00626;-0.0001990288450416544;-6.7430939210508
4126;4;Unbalance;0.000775;0.2798991623781679;0.00212;0.17763;0.00184;-0.000470137317003094;-6.998484552937278
4127;1;Normal;0.00025;0.11570319139937327;0.001265;0.06762;0.00876;0.00019497466592938677;-7.6448438112782755
4128;1;Rubbing;0.23061;0.5560714970217409;0.04796;0.08329;0.00744;-0.001347794745407246;-1.0253782903430657
4129;7;Normal;0.00135;0.0676438659451099;0.00074;0.04242;0.00519;0.0006190164020620101;-6.920503408457169
4130;5;Normal;0.0004;0.05503091767361327;0.00057;0.03234;0.00125;-0.00011059221038586064;-7.311977395250547
4131;4;Normal;0.000715;0.17170934744503574;0.00236;0.11521;0.01674;-0.00023474967753932176;-7.1127817255162
4132;9;Misalignment;0.001055;0.21479861102902878;0.0023899999999999998;0.13136;0.04848;-0.00041051981381905715;-6.420009330579983
4133;7;Normal;0.00241;0.03955715358819438;0.00046;0.02389;0.00505;-0.001537331743187612;-6.250615897763458
4134;7;Normal;0.0014299999999999998;0.03639900685458327;0.00078;0.0232;0.0086;-0.0013001968645003888;-6.870710351408784
4135;7;Normal;0.00099;0.16447971820257962;0.001645;0.09657;0.00797;0.0006823784179461735;-6.786383377654229
4136;9;Normal;0.00156;0.14765155197287969;0.00106;0.0832;0.01712;-0.0002950949328785745;-6.150201516358565
4137;7;Normal;0.00099;0.1794777356665723;0.00206;0.1093;0.01;-0.0002882415882560345;-6.317186404078364
4138;1;Normal;0.00031;0.14077722649633356;0.001105;0.08105;0.0017;3.266901296447432e-05;-7.673243420968885
4139;5;Unbalance;0.0045000000000000005;0.30114445072091234;0.001255;0.17202;0.00623;-0.0030162088293148428;-4.646135476316253
4140;1;Normal;0.0014;0.11520848276060229;0.000645;0.06784;0.00629;-0.000832281178145438;-6.484658086080938
4141;4;Unbalance;0.002345;0.30460153200533974;0.0048649999999999995;0.20452;0.01804;-0.0013297594320545428;-6.01322704822377
4142;1;Normal;0.00124;0.16177905303221427;0.0013900000000000002;0.09738;0.00914;-0.0016075334425764967;-6.145708083954963
4143;0;Normal;0.0002;0.13716195755383487;0.001435;0.08471;0.00408;-0.000247955565378661;-8.070791340215923
4144;10;Normal;0.00127;0.2040223389729664;0.00192;0.00277;0.00032;0.00040401708364752164;-6.3486921399898595
4145;5;Normal;0.00067;0.24084027881564993;0.001105;0.15218;0.00428;-0.001370027170190608;-6.929669336092195
4146;10;Unbalance;0.00092;0.29095560606388043;0.001585;0.00171;0.00045;-0.001138252077181734;-6.15986805863787
4147;10;Normal;0.00364;0.03947310983441766;0.001345;0.00138;0.00371;-0.0016008298649371746;-5.35903460190798
4148;5;Normal;0.00103;0.2472592570562324;0.001055;0.14152;0.00359;-0.00176714954005871;-6.449912037987051
4149;0;Normal;0.00205;0.09162312426456544;0.00118;0.05726;0.01923;-0.0030988532857389403;-5.57278116778176
4150;4;Normal;0.000925;0.1287544717670031;0.001775;0.08668;0.00973;-0.0009991914482467557;-6.886634211112688
4151;1;Faulty sensor;0.57872;0.46683776839497465;0.040235;0.06802;0.00792;-0.002379521963826467;-0.03025479128267139
4152;1;Normal;0.000435;0.14052530341543476;0.00089;0.08196;0.00321;-0.0009216031816112758;-7.11336459616142
4153;3;Normal;0.00233;0.09541219838154867;0.00108;0.0577;0.00379;-0.001591487775168417;-5.56028016859286
4154;6;Normal;0.00086;0.15978587547089385;0.00175;0.09822;0.00702;0.001237495438087467;-6.982650495368141
4155;8;Normal;0.001065;0.12179234212379693;0.001105;0.06916;0.00502;-0.0006720145927046962;-6.350750142933121
4156;5;Normal;0.00082;0.14769729245995;0.00098;0.10055;0.00438;-0.0003275366157654513;-7.048863005748912
4157;1;Normal;0.00116;0.12431828626553698;0.000735;0.07818;0.00553;-0.0007571198973310042;-6.57591257162362
4158;7;Normal;0.00049;0.24332515057017842;0.001495;0.14863;0.01372;1.1547751710015045e-05;-7.1209308231114985
4159;7;Normal;0.001015;0.12008315868597061;0.00172;0.07464;0.00824;-0.00035542755253301946;-6.558110043877404
4160;10;Normal;0.0013;0.14345371309241178;0.001335;0.00102;0.00057;-0.00037837527415728555;-6.4617737262522255
4161;5;Rubbing;0.07517499999999999;0.19470068412822794;0.0014;0.13236;0.00362;-0.003706305374385115;-1.6519942279596025
4162;9;Misalignment;0.002665;0.2207783897939289;0.00249;0.13024;0.04978;-0.0008208717125096283;-5.7090602940283635
4163;7;Normal;0.00084;0.13415037420745424;0.001175;0.08297;0.00878;-0.00010331957140648676;-7.157434393668364
4164;5;Normal;0.00069;0.22890920754744662;0.0012850000000000001;0.15293;0.0027;-0.000886095495427692;-7.012206858139482
4165;5;Normal;0.000795;0.19626734139942895;0.0011949999999999999;0.12402;0.00139;-0.0007881671524252127;-7.024047006929849
4166;1;Normal;0.001605;0.04151150563398057;0.00048;0.02363;0.00746;-0.002277592419219375;-6.027698908471912
4167;1;Normal;0.00118;0.15926964337248956;0.001115;0.1061;0.00443;-0.0008468079797279101;-6.523246194505712
4168;5;Normal;0.0004;0.12772018008130118;0.00079;0.07401;0.00432;-0.0008263099497425507;-7.310902452776886
4169;10;Normal;0.001065;0.0576956523492022;0.00068;0.00062;0.00035;-0.0006815634285953366;-6.140860123899337
4170;6;Normal;0.002515;0.25445036352892086;0.0030600000000000002;0.14338;0.02322;-0.0002087747627719215;-5.950418374467334
4171;4;Normal;0.008295;0.2162790147009182;0.001675;0.13575;0.00199;-0.0035963249733512153;-4.083730926285405
4172;1;Normal;0.0005200000000000001;0.09077018287962188;0.000855;0.05709;0.01231;0.0003204349162538456;-7.383691563312754
4173;5;Normal;0.00054;0.07780827526683777;0.000575;0.0489;0.00306;0.0005407662833959553;-7.668696876216504
4174;7;Normal;0.00092;0.09077271616515616;0.000655;0.05122;0.0037;-0.0002426587857233962;-6.785761426838851
4175;6;Normal;0.001665;0.028227158907690304;0.00225;0.00557;0.00485;0.00021135841220319517;-6.451009990828536
4176;5;Normal;0.0004;0.18781178370911664;0.000925;0.12469;0.00408;-0.00033417368103917975;-7.605886259343437
4177;10;Normal;0.0012200000000000002;0.13438141873041823;0.00068;0.00062;0.00023;-0.0010765806160753875;-6.454534425360584
4178;7;Normal;0.00061;0.1769569639771207;0.0011949999999999999;0.10681;0.01876;2.96248460358949e-05;-7.1292017428429135
4179;3;Normal;0.0009;0.21224290847988303;0.00139;0.13866;0.0101;-0.0004327023001973068;-6.59897039906824
4180;3;Normal;0.00056;0.13257548868474897;0.001075;0.08778;0.00122;-0.00012213643253061797;-7.142954205685432
4181;8;Faulty sensor;0.008145;0.00915867894403991;0.00024;0.00445;0.0001;-0.0032696652331668137;-4.002351062379283
4182;1;Normal;0.001795;0.052132598247162015;0.000965;0.03438;0.00912;-0.0002840118276608828;-6.460819827873546
4183;10;Normal;0.00146;0.07653193908428037;0.00109;0.00085;0.00063;-0.00045949869630554883;-6.349223573452675
4184;10;Normal;0.002985;0.04636188736451526;0.00133;0.00214;0.00486;-0.0006472522169920888;-5.670497193859262
4185;8;Unbalance;0.00099;0.38370529446438445;0.0038450000000000003;0.22393;0.00694;-0.0005981026975192518;-6.367896392107674
4186;5;Normal;0.00044;0.08174117872896132;0.00041;0.04803;0.00454;0.0001124851611937428;-7.801211246367929
4187;7;Normal;0.0011949999999999999;0.1998279777708817;0.00151;0.11959;0.00251;0.00023202060226752493;-6.520302741247888
4188;6;Normal;0.002805;0.16755486981881487;0.00277;0.09377;0.01221;2.4014442036159972e-05;-5.716382269638293
4189;2;Normal;0.00179;0.17194532125068132;0.00129;0.1046;0.0059;-0.0015583878935599338;-5.986968108768727
4190;1;Normal;0.00081;0.2077486782148084;0.001205;0.13196;0.00603;-0.0007706068721128259;-6.720455317587413
4191;3;Normal;0.00163;0.15024340617810822;0.0011;0.09871;0.005;-0.00034469323130730813;-6.051668062669126
4192;4;Normal;0.000625;0.16733988376953055;0.00216;0.11213;0.01427;-0.0002397544843348956;-7.2197733708771095
4193;6;Unbalance;0.00235;0.5013439355372716;0.003725;0.28999;0.01586;-0.00020397920599528414;-6.082397326446827
4194;10;Normal;0.0012200000000000002;0.028606843586806287;0.00093;0.00101;0.00034;-0.0010896275240857498;-6.237563736463866
4195;4;Normal;0.0007650000000000001;0.18749880266284372;0.00229;0.1268;0.02162;-0.00019014327310331444;-6.863336853085765
4196;7;Unbalance;0.0012;0.3486841580857955;0.001665;0.19851;0.00528;-9.377043436989456e-05;-6.656166932455954
4197;3;Normal;0.00158;0.17106069858386527;0.00152;0.11229;0.00464;-0.00021913693090924938;-6.200149664958516
4198;5;Rubbing;0.05625;0.15466951671224682;0.005895;0.0728;0.00898;-0.002525138053262637;-2.338270005379269
4199;7;Normal;0.001635;0.21465753632239426;0.001635;0.12094;0.00326;-0.0004900231710018158;-5.9838349125191606
4200;0;Normal;0.00036;0.09463927197522178;0.00089;0.0603;0.0196;0.000711615801762085;-7.936970489200592
4201;5;Normal;0.00058;0.13676607839665508;0.00074;0.07951;0.00255;-0.0006032687157942346;-7.281105919075624
4202;4;Unbalance;0.003905;0.31096424070944234;0.00336;0.21082;0.01982;-0.002661500342343273;-4.726765627378908
4203;9;Normal;0.00185;0.05649103380183443;0.0005200000000000001;0.03212;0.00301;-0.0016101515576770365;-5.9683166461821475
4204;3;Normal;0.001395;0.07191986651822986;0.00139;0.04805;0.00631;-0.0013945034561054516;-5.931501198958148
4205;10;Normal;0.0008;0.11617571045618785;0.00115;0.00197;0.00047;0.000330965676244173;-6.671170164547983
4206;5;Unbalance;0.00285;0.27522646130050793;0.0012850000000000001;0.17229;0.00219;-0.0023744723124291454;-5.263420733489859
4207;3;Normal;0.00114;0.16868017933355417;0.001485;0.09745;0.00206;-0.0003605584550264744;-6.4030124171272815
4208;4;Normal;0.00082;0.17188904153552084;0.003025;0.10938;0.00389;0.0005204246912939353;-7.298055508062746
4209;10;Normal;0.0026049999999999997;0.061486522913562124;0.00298;0.00286;0.00057;-0.0009718622992511376;-5.854552863290823
4210;5;Normal;0.000655;0.136692946782195;0.000785;0.09246;0.0034;0.0003198163789898503;-7.620739225158147
4211;1;Normal;0.0005;0.2683701434586195;0.001235;0.15792;0.00371;-0.0005650558592967159;-6.793484595478512
4212;1;Normal;0.001645;0.1921348747624959;0.001415;0.1298;0.00848;-0.0008126495422271003;-6.212560844550305
4213;1;Normal;0.00053;0.07117788490816511;0.00361;0.03749;0.00462;0.00034017780301287087;-7.06326263570333
4214;9;Unbalance;0.003045;0.31551252700962606;0.00231;0.18129;0.01771;0.0001683003346381487;-6.075589815268652
4215;9;Unbalance;0.001305;0.2767375706332626;0.0025700000000000002;0.16286;0.011;-6.75138361495219e-05;-6.598535888207171
4216;2;Normal;0.00041;0.14062949121716967;0.00111;0.08694;0.004;0.0006570944728972228;-7.59282197628237
4217;1;Normal;0.00046;0.050566028121654956;0.00046;0.02913;0.00419;0.00030682900401416243;-7.211992884570675
4218;5;Rubbing;0.009705;0.10912465074400009;0.000915;0.06836;0.00139;-0.0023574430800547583;-4.066676899242415
4219;8;Faulty sensor;0.008625;0.005469561225546342;0.00021;0.00336;0.00079;-0.003263907768961234;-3.986209353161856
4220;3;Normal;0.00155;0.01028344786538056;0.00051;0.00504;0.00214;-0.000684115733078798;-6.111032114464337
4221;4;Misalignment;0.00163;0.10190118056234679;0.002105;0.06245;0.0352;-0.0007511877416350765;-6.3327562488690425
4222;4;Normal;0.00084;0.17541146826818366;0.00508;0.10403;0.00152;0.0003569372332650601;-7.307433157348963
4223;7;Normal;0.00044;0.07438478070143112;0.0016;0.03855;0.01028;-0.000124721710983259;-7.271709547378961
4224;1;Normal;0.00037;0.024686836573364356;0.00029;0.01423;0.00623;0.000544967555034264;-7.677164028067217
4225;8;Faulty sensor;0.004035;0.006598780190307902;0.00012;0.00341;0.0013;-0.003171857506643449;-4.678225897484999
4226;8;Faulty sensor;0.007265000000000001;0.005952503674925367;0.00017;0.00344;0.00093;-0.003446717700524853;-4.052393501775684
4227;3;Normal;0.0025849999999999996;0.05750599881751469;0.000955;0.03218;0.00669;-0.002949015583905439;-5.1222560241992525
4228;10;Normal;0.001955;0.0540709931478977;0.00106;0.0008;0.00043;-0.00043156274864429117;-6.125925563463455
4229;5;Normal;0.00063;0.24746822099008997;0.001075;0.14549;0.00528;-0.0009688527795028874;-7.060815479906166
4230;9;Normal;0.0033049999999999998;0.12719694571804782;0.001785;0.08372;0.01035;-0.0002772074753023157;-5.649565729133963
4231;6;Normal;0.00162;0.04998827662562493;0.00119;0.02721;0.00232;0.00015483688041710832;-6.1874638912729
4232;6;Normal;0.0020550000000000004;0.037992079437693324;0.00136;0.01934;0.00429;0.0002953815521906841;-6.354208865177098
4233;1;Normal;0.00034;0.1547671470306279;0.00149;0.089;0.00488;-0.00013650265898944555;-7.587484949023047
4234;5;Normal;0.00061;0.21057276295855548;0.001;0.13139;0.00348;-0.000743114182208241;-6.963350977090788
4235;4;Unbalance;0.00206;0.33719396346909886;0.0036;0.22306;0.02593;-0.0012669114757671407;-5.914791819577857
4236;4;Normal;0.00251;0.06880160245226852;0.00095;0.04345;0.01761;-0.0022998251582836155;-5.310472766504483
4237;3;Normal;0.001145;0.06319515013036997;0.00064;0.03642;0.004;-0.0004758376743571168;-6.605480166356697
4238;8;Normal;0.001395;0.10136956545235855;0.001305;0.05797;0.00246;-0.0009080503756185292;-6.252528265786945
4239;6;Normal;0.00095;0.230559949470848;0.0017850000000000001;0.13743;0.0146;0.00033289574989385387;-7.034837376100832
4240;0;Unbalance;0.00049;0.3416569734397353;0.00288;0.21744;0.0064;-0.001140167438229271;-7.151071239328038
4241;9;Normal;0.002345;0.05166198892803102;0.00082;0.02868;0.00275;-0.0017345058593772288;-5.59776054809203
4242;0;Normal;0.001075;0.15896159284556757;0.0020550000000000004;0.09108;0.01465;-0.0018157248737832032;-6.400463251284875
4243;5;Normal;0.00054;0.23128633682083344;0.001095;0.14607;0.00439;-0.0009297337093716143;-7.185945867889632
4244;9;Normal;0.00257;0.25101285186221045;0.00197;0.14248;0.00982;-0.0007232875529554925;-5.682887160278734
4245;3;Rubbing;0.007495;0.030033849237152403;0.00165;0.01366;0.00244;-0.0015205160063540117;-4.434210721191905
4246;10;Normal;0.00154;0.21652437391665633;0.00135;0.00096;0.00062;0.0003859701515314452;-6.5637094056056915
4247;0;Normal;0.00025;0.09262677096822494;0.001045;0.05705;0.00287;-0.0005007956233373126;-7.9524604748952115
4248;3;Normal;0.00129;0.16129290653962433;0.001215;0.09834;0.00975;-0.0003818529341659753;-6.499687313812083
4249;8;Normal;0.001365;0.11607943400964703;0.00115;0.07198;0.00935;-0.00040515164814561603;-6.965071319734816
4250;0;Normal;0.00032;0.19179426633765673;0.002175;0.11994;0.00586;-0.0008415328305969166;-7.480150195077853
4251;5;Normal;0.0005200000000000001;0.2490551149846154;0.00109;0.14416;0.00393;-0.0009878237743998644;-7.025362736187369
4252;7;Normal;0.00029;0.15070835676895955;0.001335;0.08911;0.01265;-0.0002348233525137311;-7.456500855856266
4253;2;Normal;0.00066;0.1060532837775427;0.00056;0.06012;0.00859;-0.0009935193680161768;-6.7992147880211995
4254;4;Normal;0.00078;0.17497294733758129;0.001235;0.11109;0.00844;-0.0003355452661689255;-7.153021727703089
4255;7;Normal;0.00121;0.15095559777629974;0.001635;0.10026;0.00498;-0.00018129208599739014;-6.703092213804916
4256;9;Normal;0.00239;0.11363082856337887;0.00184;0.06898;0.01465;-0.0009079293824288227;-5.6328644070458465
4257;7;Normal;0.00059;0.22126260303087825;0.00223;0.14115;0.00564;0.0012618378870617709;-7.1273789142804755
4258;10;Normal;0.00199;0.08131639318120301;0.00079;0.00084;0.00168;-0.0007615150414315032;-5.941577703638239
4259;8;Faulty sensor;0.00441;0.006427760107533572;0.00012;0.00365;0.00208;-0.0031460073712398025;-4.6238463286601235
4260;2;Normal;0.00077;0.13766489458100784;0.00097;0.08289;0.01042;-0.001116263484442769;-6.67041151077371
4261;6;Normal;0.002075;0.08092882119492413;0.000925;0.04919;0.00825;0.00036054184666569483;-6.156849307467187
4262;7;Normal;0.00106;0.18545615088208858;0.00212;0.11535;0.01348;-0.0006394865657052193;-6.388232185488463
4263;10;Normal;0.001325;0.05503798869871609;0.00058;0.00048;0.0007;-0.0007422421777637993;-6.458325751832224
4264;10;Normal;0.001695;0.17431158968926883;0.001185;0.00164;9e-05;-0.0004802676249973396;-6.226473838833437
4265;4;Normal;0.00129;0.2139129582330159;0.00363;0.13092;0.00715;-0.0010363483135643597;-6.302728240263322
4266;4;Unbalance;0.00084;0.3017543563894315;0.00221;0.1915;0.00827;-0.00027284867713054056;-6.755672054761103
4267;7;Unbalance;0.000775;0.32430032115309415;0.00419;0.19915;0.01631;-7.306486035331962e-05;-6.60594835651475
4268;0;Normal;0.00096;0.11638733264406399;0.0015149999999999999;0.06712;0.00959;-0.0013926688724752135;-6.418325649063839
4269;0;Unbalance;0.00034;0.3631677511839398;0.001815;0.20694;0.01975;-0.0002107919180517483;-7.746777466134936
4270;9;Normal;0.00213;0.2636953808848384;0.00152;0.15142;0.01389;-0.0007964967960990296;-5.862165071277224
4271;8;Faulty sensor;0.00779;0.005836454403145801;0.000165;0.00348;0.00087;-0.003304957370565204;-4.036896878315201
4272;4;Normal;0.001795;0.18398597446544665;0.00277;0.12048;0.02873;-0.0013502540536001158;-6.106503801793057
4273;9;Normal;0.001575;0.04187981494706011;0.00191;0.02291;0.00112;0.00033455806482155496;-6.794892267802654
4274;7;Normal;0.00084;0.19266128983270098;0.001265;0.11542;0.00352;3.577957690755533e-05;-6.80193602988773
4275;6;Normal;0.0037749999999999997;0.14495219004899512;0.00168;0.08937;0.00961;-0.0007530261163586348;-5.62806120955625
4276;7;Normal;0.00067;0.1186847875677418;0.001255;0.07504;0.00302;0.0009548568588222461;-7.2624478928954845
4277;3;Rubbing;0.016945;0.0478079480839745;0.0022449999999999996;0.01672;0.00256;-0.001399079141739649;-3.8504482114699163
4278;5;Normal;0.00099;0.16451154761900452;0.00173;0.10459;0.00143;-0.001153589029691539;-6.288680869962339
4279;7;Normal;0.00021;0.15467332187549346;0.00117;0.09399;0.0082;0.0004452078272385374;-8.065444617866172
4280;7;Normal;0.00082;0.12320324630463274;0.001635;0.07478;0.01667;0.0007149673288575276;-7.003074204373145
4281;3;Normal;0.00084;0.18883539233946584;0.001335;0.12337;0.00596;-0.00034046010824267004;-6.732990884482387
4282;4;Normal;0.001845;0.14213793019458246;0.00203;0.07908;0.0179;-0.0012969246733739769;-6.2343737715702225
4283;1;Normal;0.000725;0.04972413096274283;0.001065;0.0245;0.00072;1.4207636794380672e-05;-7.225094043284403
4284;5;Faulty sensor;5e-05;5.830951894845301e-05;0.0;4e-05;0.0;-0.010562872787224512;-6.626253546683864
4285;10;Normal;0.00211;0.09920248333585202;0.0009649999999999999;0.00101;0.00055;-0.0004337294641602697;-5.79915878637851
4286;5;Normal;0.0028250000000000003;0.07828548779946383;0.00056;0.05017;0.00651;-0.002466833813460057;-5.26428042568841
4287;2;Normal;0.00075;0.07483552298207048;0.00066;0.04618;0.00847;-0.000831514187590155;-7.005892423730817
4288;5;Faulty sensor;0.128585;0.04115016038850882;0.0035250000000000004;0.00754;0.0013;-0.0028169567765474455;-1.348889268338547
4289;7;Normal;0.0010400000000000001;0.12443161736471964;0.00165;0.08069;0.00359;0.00022572211312284058;-6.657747847330318
4290;2;Normal;0.00413;0.06634053210519193;0.000855;0.03747;0.00111;-0.0022714163127175078;-4.866464355024323
4291;5;Normal;0.000665;0.1199358582743293;0.00126;0.0769;0.00093;-0.0006436853590008547;-6.615883604246346
4292;10;Normal;0.0014;0.1452186754518853;0.001085;0.00075;0.00031;-0.000505071285200685;-6.3640359023865765
4293;4;Normal;0.00103;0.18838825361470923;0.00558;0.11068;0.02393;-0.0003757912099879055;-6.849128159944157
4294;0;Unbalance;0.00129;0.3354408552934481;0.00217;0.19508;0.01344;-0.0011032230127435696;-6.138593174156334
4295;1;Normal;0.0020800000000000003;0.08012876761812826;0.001365;0.0456;0.00324;-0.0010095315199188742;-5.745157908608236
4296;7;Unbalance;0.00083;0.32711227308066565;0.003475;0.20213;0.01325;-0.0007297772342445149;-6.5108684922443665
4297;5;Normal;0.00059;0.21073100910876882;0.001025;0.1436;0.0018;-0.0008412508814307971;-7.333357581301387
4298;6;Normal;0.00226;0.25159692665054556;0.0030749999999999996;0.16088;0.01326;-0.00032930264710234237;-5.876624742735738
4299;9;Normal;0.00055;0.19156738135705673;0.00222;0.11862;0.01317;0.0002846015833985258;-7.267225723944489
4300;9;Normal;0.001885;0.18292870359787716;0.00129;0.10408;0.00428;-0.0009255730084675644;-5.871977619035591
4301;4;Faulty sensor;0.001895;1.6331501498637533;0.00666;0.01875;0.00063;-0.0016604600149006713;-5.789652623808293
4302;6;Normal;0.00143;0.1720192166590698;0.00251;0.09671;0.00313;-4.7105885939842616e-05;-6.453962293940075
4303;9;Unbalance;0.0021000000000000003;0.3143743648900145;0.0022849999999999997;0.19569;0.00612;-0.0008165723563471648;-6.152335763787039
4304;7;Unbalance;0.00107;0.3165789854049065;0.003295;0.17873;0.0053;0.0002569181864317163;-6.43364856206486
4305;10;Normal;0.00073;0.08221375128286021;0.00109;0.00082;0.00021;-0.0007983398252361657;-6.541173111717307
4306;0;Normal;0.00086;0.11842471912569605;0.00079;0.06734;0.01594;-0.0016198978209828446;-6.612287287698596
4307;5;Faulty sensor;1.17946;0.40837278472003985;0.034705;0.06605;0.00627;-0.003266470842828809;1.1132341178688976
4308;4;Unbalance;0.00102;0.2990470882653767;0.002;0.19402;0.02593;-0.00023274609615531872;-6.812958062319976
4309;5;Faulty sensor;3e-05;0.0006494613152451808;0.0;0.00038;2e-05;-0.0029655156980946005;-9.97877929381426
4310;6;Normal;0.003555;0.11438280465174824;0.001655;0.06539;0.01081;-0.00011692513516958235;-5.547244202294706
4311;1;Normal;0.00027;0.03444002322879588;0.00030500000000000004;0.01978;0.00666;0.0007332131642266384;-8.022235073875288
4312;0;Normal;0.00029;0.045358438024252996;0.0007650000000000001;0.02541;0.0134;-0.00021995502229641683;-7.740135338742253
4313;7;Unbalance;0.0009350000000000001;0.30523350749876726;0.003315;0.18288;0.01709;0.0011155406452516344;-6.798446655246831
4314;5;Normal;0.0004;0.04460542007424658;0.00041;0.02765;0.00181;-0.0005767759198500671;-7.384488794286191
4315;1;Normal;0.00034;0.021700002304147346;0.00047;0.01405;0.00379;0.000747305171837571;-7.799330143594042
4316;5;Normal;0.0007;0.13806386638074422;0.00105;0.08026;0.00278;-0.0006356254305948826;-6.75264530531769
4317;0;Unbalance;0.000635;0.3028655714999643;0.00185;0.19253;0.01021;0.0002496214506916288;-7.244503489097591
4318;7;Normal;0.00039;0.08926128948205937;0.00091;0.04573;0.00616;-2.8137971257744545e-05;-7.562703576576276
4319;10;Normal;0.00051;0.19840317336171817;0.000755;0.00073;0.00115;-0.0016011519758616845;-6.267546636967021
4320;1;Normal;0.001915;0.1528868689587173;0.00131;0.09667;0.01198;-0.0010318693857271058;-6.0397420291828485
4321;4;Normal;0.001885;0.2585385648215755;0.001905;0.16426;0.01129;-0.0022372804445899563;-5.677802283331255
4322;7;Normal;0.00124;0.24321997553655006;0.00219;0.13833;0.00434;-0.0013996757306965464;-6.4685959606630234
4323;3;Normal;0.00142;0.05786482005502134;0.00124;0.03796;0.00492;-0.001994917802653218;-5.882417007734329
4324;10;Normal;0.00221;0.04362351315517814;0.00092;0.00107;0.00064;-0.0010431301860216009;-6.0884014863048455
4325;8;Unbalance;0.001755;0.2974319971018585;0.00275;0.18241;0.01147;-0.0008277483379770311;-6.296699345670487
4326;5;Rubbing;0.0046300000000000004;0.11336275049591907;0.00064;0.07579;0.0037;-0.002749870007478026;-4.725122091615756
4327;0;Normal;0.00024;0.17250661088781497;0.00219;0.09953;0.00528;3.849442735377862e-05;-7.839614883050016
4328;6;Unbalance;0.002175;0.2959328031834254;0.0037150000000000004;0.1905;0.00825;-0.00018461267126268827;-5.990797251570085
4329;7;Normal;0.00079;0.16684883457788968;0.00188;0.10624;0.00519;0.0006236714541216612;-6.877870891862268
4330;10;Normal;0.00064;0.16027676905902488;0.0012100000000000001;0.00077;0.00029;-0.0005517954002070448;-6.916778509644636
4331;5;Normal;0.00044;0.10305957451881897;0.00058;0.06519;0.00291;4.964552086466041e-05;-7.755318809604999
4332;5;Normal;0.00044;0.03142485322161426;0.00013;0.01844;0.00261;-0.001433980879651013;-7.426049282403109
4333;4;Misalignment;0.020185;0.15313154573764348;0.00213;0.09565;0.03756;-0.001882104424486509;-3.4667124370974483
4334;9;Normal;0.00264;0.09120251805734313;0.00278;0.04451;0.01313;-0.0004603576786714037;-5.434863737269217
4335;1;Normal;0.000615;0.0412013810448145;0.00111;0.02433;0.00772;5.818173133394812e-06;-6.992450928838715
4336;6;Normal;0.00138;0.043601396766617465;0.00087;0.02629;0.00551;0.0003883533006481304;-6.919015441685751
4337;7;Normal;0.00055;0.03129706376003985;0.000465;0.01995;0.00538;0.00015345070059462543;-7.070606095715801
4338;5;Normal;0.00054;0.08031710091879561;0.00055;0.05155;0.00627;-0.00019191395917846313;-7.721208627469904
4339;4;Normal;0.042874999999999996;0.16857470302509805;0.0027549999999999996;0.11325;0.0277;-0.003620125728213266;-2.236124450919341
4340;6;Normal;0.00279;0.03315572499584348;0.00189;0.01353;0.00504;0.0008658835797551899;-6.336380302894839
4341;5;Normal;0.000475;0.08432210208480337;0.0005200000000000001;0.05573;0.0069;-1.7686426633291012e-05;-7.753999382332158
4342;1;Normal;0.000455;0.11562301284778909;0.00075;0.07867;0.00323;-0.0009493860206593093;-7.233293549416221
4343;2;Normal;0.00101;0.02765772767238842;0.00066;0.01007;0.00916;-0.00011924517525669096;-6.731561546874608
4344;8;Normal;0.00199;0.2525497818252869;0.001915;0.14354;0.01323;-0.0004485473229465413;-6.121655395092283
4345;5;Normal;0.00068;0.1190628052751992;0.00063;0.06888;0.00091;-0.0011836910304597365;-6.782617410902697
4346;6;Normal;0.00155;0.08844430281256109;0.00234;0.04835;0.02123;0.0012161160377401495;-6.504259218874393
4347;4;Normal;0.00116;0.28089106678568476;0.0022199999999999998;0.15955;0.01646;-0.0009147561647471146;-6.555093719836884
4348;3;Normal;0.00141;0.10729835646457964;0.00084;0.06245;0.0074;-0.0011034864651664783;-6.249417611984461
4349;1;Normal;0.000875;0.11108016744675892;0.00147;0.07295;0.00602;-0.0002627746156603061;-7.068563279969753
4350;5;Normal;0.00073;0.18123537127172498;0.001015;0.11875;0.00044;-0.001168958449712756;-7.221891942811754
4351;2;Normal;0.00343;0.056916706686174316;0.000575;0.03289;0.00897;-0.001605149851141518;-5.312276038735336
4352;4;Normal;0.00224;0.06346977312075411;0.00162;0.04117;0.01215;-0.0004727535769029748;-5.913688025149583
4353;7;Normal;0.00126;0.17543484916059293;0.001205;0.09904;0.00197;-0.0008076215951409324;-5.927142095493055
4354;0;Normal;0.00038;0.20871341140425068;0.001535;0.12111;0.01714;0.0002895427028833131;-7.614576425676714
4355;10;Normal;0.00074;0.10977040448135372;0.0016;0.00111;0.00058;-0.000910877392096838;-6.59981470708741
4356;8;Unbalance;0.00106;0.3547794940522916;0.0035;0.21181;0.01182;-0.0007011543545426005;-6.026630189737514
4357;7;Normal;0.000725;0.13797969886907274;0.00136;0.08576;0.00863;0.0002624647742143782;-6.881640664948929
4358;1;Normal;0.00035;0.11732057279096451;0.00114;0.07804;0.00186;-0.0005091317466366591;-7.707708609026818
4359;1;Normal;0.00022;0.08594061554352517;0.001255;0.05814;0.00816;0.0003239142906778205;-7.799048369483061
4360;3;Unbalance;0.0015999999999999999;0.24885523924563052;0.0016150000000000001;0.16903;0.00715;-0.0007097474536921231;-6.356337673938287
4361;3;Rubbing;0.00699;0.022837600574491183;0.00136;0.01126;0.00267;-0.0020098613933224553;-4.273533797810829
4362;7;Normal;0.00139;0.24180594264823185;0.00237;0.14967;0.01259;-0.0009579114806981334;-6.715705491525037
4363;8;Unbalance;0.00132;0.428979525851759;0.00398;0.25149;0.01171;-0.0003014425676305665;-6.476620565618326
4364;7;Normal;0.001755;0.10680215821789371;0.00249;0.06612;0.01175;0.0004067094795370655;-6.660064782712661
4365;8;Unbalance;0.00119;0.3147607135587286;0.00289;0.19213;0.01526;-0.00014612207057760704;-6.762050568209298
4366;6;Normal;0.00196;0.0470421523742271;0.00163;0.02463;0.00661;0.00018424128738477063;-6.365388839802136
4367;4;Normal;0.00099;0.17717737778847498;0.001385;0.11245;0.01137;-0.000712848943064406;-6.5739377061693265
4368;4;Normal;0.001425;0.06543530698330986;0.00152;0.0388;0.01;-0.0013321991660304553;-6.086420224483401
4369;7;Normal;0.0008550000000000001;0.1462508307668712;0.00109;0.08549;0.00422;2.1743398457785028e-05;-6.544529873564266
4370;1;Normal;0.00025;0.04982671271516917;0.00125;0.02679;0.00051;-0.0004543508413063138;-7.276758398531213
4371;3;Normal;0.001115;0.24244127103280086;0.0015249999999999999;0.14151;0.00622;-0.0008726551217948801;-6.464966541174591
4372;10;Normal;0.00111;0.1993920647869418;0.001225;0.00137;0.00083;-0.0003830700324419601;-6.370872642470873
4373;2;Normal;0.000635;0.17523821501031103;0.00092;0.09912;0.00334;-0.0007083113424062655;-6.877509498872372
4374;3;Normal;0.001005;0.21046158818178676;0.001275;0.12295;0.00789;-0.0005542593448028424;-6.510755870101663
4375;1;Normal;0.00066;0.10677804409147043;0.00095;0.07045;0.00645;-0.00030800113027979576;-7.0528622826658784
4376;2;Normal;0.0012799999999999999;0.04135807418147029;0.00032;0.02387;0.00439;-0.0008184475847180683;-6.280825277578177
4377;4;Normal;0.00312;0.08576318674116534;0.0025250000000000003;0.05226;0.01116;-0.0007603484953979085;-5.548841644699999
4378;4;Unbalance;0.00154;0.35965952260436534;0.0026750000000000003;0.20785;0.02398;-0.0014910482447472446;-6.2834732738992205
4379;4;Unbalance;0.0009350000000000001;0.37251250059561763;0.002175;0.21644;0.01139;-0.0008331691081915872;-6.701754988388352
4380;4;Normal;0.00208;0.16387846960476535;0.00345;0.1083;0.02115;-0.0012695358153563192;-5.88105462020555
4381;1;Normal;0.0009;0.10035268456797755;0.001365;0.06518;0.0068;-0.0007956060513734118;-6.532389700534506
4382;5;Normal;0.00079;0.11158861904334152;0.00075;0.06947;0.00238;-0.000546308819910754;-6.921897866390123
4383;10;Normal;0.00073;0.14839686317439463;0.00189;0.0025;0.00055;0.0002442985292377773;-6.393350689525543
4384;4;Normal;0.00097;0.141130854174415;0.004725;0.08116;0.00273;-0.0007636520726315958;-6.764807052383205
4385;6;Unbalance;0.00065;0.2788610069550779;0.00267;0.16615;0.01456;0.0008226107457247773;-7.368354552905475
4386;8;Normal;0.00256;0.05241496637411876;0.001275;0.0312;0.0038;0.0013167308417971239;-6.661400357815101
4387;9;Normal;0.00147;0.09210394128374746;0.0014099999999999998;0.05732;0.00432;-6.145095148611283e-05;-6.5127495397001995
4388;7;Normal;0.00057;0.06510267813231649;0.0024850000000000002;0.0359;0.00734;-5.272627925579476e-05;-7.000628163661429
4389;3;Normal;0.00149;0.16490436410234874;0.0014399999999999999;0.10835;0.0056;-0.0004141678413194426;-6.221597865368576
4390;3;Rubbing;0.00835;0.030218969208098412;0.00125;0.01512;0.00168;-0.0010760621228857446;-4.892628027408328
4391;4;Normal;0.000665;0.2479041292516121;0.0019649999999999997;0.15742;0.0226;-0.00035547042654379696;-6.928507177298452
4392;6;Unbalance;0.000815;0.38926429389297956;0.00278;0.24102;0.0041;-4.711305135473671e-05;-7.019879407918066
4393;3;Normal;0.00153;0.017673194391507156;0.00022;0.01147;0.00132;-0.000265156719782355;-6.221315251969967
4394;3;Normal;0.001185;0.25003468039454047;0.001845;0.15201;0.01183;-0.0010705441467337116;-6.34322769250635
4395;1;Normal;0.00262;0.05543977813808421;0.00051;0.033;0.00158;-0.0014865087740998117;-5.5732605590108
4396;4;Normal;0.001075;0.12841020481254595;0.00183;0.08657;0.00909;-0.0010108237228768162;-6.784607988808604
4397;8;Unbalance;0.0018549999999999999;0.33774692626284547;0.002755;0.18854;0.02018;-0.0006629326947981948;-5.958094011585614
4398;6;Normal;0.00153;0.20221167176995497;0.0024200000000000003;0.11939;0.0055;0.0003061653575671233;-6.599606579229755
4399;1;Normal;0.00061;0.11724433632376448;0.001255;0.07553;0.00232;-0.0005882831564271839;-7.163932103291647
4400;2;Normal;0.00034;0.14824423260282335;0.00085;0.09033;0.00456;-0.0007576653022970549;-7.269532304608689
4401;6;Unbalance;0.001235;0.3766733456192513;0.002975;0.21515;0.00514;0.0001700398461993655;-6.510969282227794
4402;2;Normal;0.00068;0.026991293040534388;0.000725;0.01498;0.00384;-0.0011555594989866326;-6.776173322232243
4403;8;Normal;0.00067;0.06303766969043192;0.00126;0.03225;0.012;0.0005486751279314844;-7.133399550520162
4404;4;Faulty sensor;0.00453;0.008567911063964193;0.00067;0.00223;0.00031;-0.0017977759801627348;-4.8339505899439015
4405;5;Normal;0.00082;0.14448245222171444;0.00088;0.09468;0.00288;-0.0015754098615628526;-6.613442760140792
4406;5;Unbalance;0.000775;0.3042959751623409;0.00147;0.19097;0.00557;-0.0005534587434801611;-6.77942331114284
4407;6;Normal;0.5154799999999999;0.13122623441979886;0.0086;0.04917;0.01308;-0.0036215514126466913;0.23420379495619037
4408;4;Normal;0.00129;0.22535956225552087;0.001745;0.1411;0.00797;-0.0011851794222407864;-5.9125136161519585
4409;10;Normal;0.00199;0.03514002134319215;0.000955;0.00124;0.00029;-0.0008681615021554176;-6.146617631773604
4410;8;Normal;0.002345;0.04648735742113118;0.0007650000000000001;0.02893;0.00408;-0.0013717494894429682;-5.500751939960337
4411;10;Normal;0.0011250000000000001;0.0934587802188751;0.00126;0.00102;0.00122;-0.0010004769595832234;-6.615942340471128
4412;9;Normal;0.00241;0.08070534802601373;0.000865;0.04629;0.01612;-0.0004022440237221417;-6.0611008310463195
4413;4;Normal;0.00114;0.17418459776914835;0.0026550000000000002;0.11688;0.02885;-0.0009862582446200938;-6.580227086920244
4414;3;Normal;0.0011;0.19208788197072713;0.001515;0.11653;0.00996;-0.0007173478283723307;-6.253433189747544
4415;5;Normal;0.00043;0.13829639113151146;0.000755;0.08662;0.00578;-0.000613085042654993;-7.350517568785677
4416;3;Normal;0.00055;0.09966076861032128;0.00124;0.06018;0.00921;-0.0002231151816547209;-7.031836973204753
4417;3;Faulty sensor;0.009475;0.03523412124631463;0.001955;0.00941;0.00059;-0.002357569396631782;-4.1220883931598395
4418;5;Faulty sensor;0.01212;0.5812530079061957;0.00324;0.00897;0.0004;-0.0021316546370526617;-3.9592783876481104
4419;8;Normal;0.001445;0.06892286340540417;0.0011;0.0388;0.00939;0.0006783825204910649;-6.573535263538698
4420;4;Normal;0.00063;0.18972726187872946;0.00211;0.12826;0.02139;3.747541698628155e-05;-7.181019808359375
4421;5;Normal;0.0009699999999999999;0.12378642978937554;0.00112;0.08329;0.00061;-0.002110425182955637;-6.330326662995876
4422;7;Normal;0.00163;0.0975986132073607;0.000905;0.06019;0.00867;0.0006326574295723202;-7.1481223653998835
4423;7;Normal;0.0018;0.16150918178233709;0.00133;0.08976;0.01083;-0.0004080389096072635;-6.259121738530464
4424;7;Normal;0.00121;0.08452807166852914;0.000945;0.04781;0.00248;-0.00021426464099137929;-6.718125711192652
4425;10;Normal;0.00163;0.1439745001727737;0.00186;0.0022;0.00037;-0.000635980038113763;-5.824018306514334
4426;10;Normal;0.00095;0.05600543009387572;0.00136;0.00106;0.00221;0.0006395909377621786;-6.521634650564716
4427;4;Normal;0.001075;0.09554850495952306;0.0037;0.05638;0.02155;-5.022685028667323e-05;-6.813426183197129
4428;8;Normal;0.000575;0.09668980039280255;0.00087;0.05715;0.00529;-0.00014718582359228715;-6.9610222032923925
4429;7;Normal;0.0008849999999999999;0.11598119114753047;0.00087;0.06617;0.00405;-0.0006968039608934277;-6.327635179366032
4430;5;Normal;0.00045;0.13936317447589947;0.000735;0.0895;0.00398;-9.951866741119566e-05;-7.739140781631829
4431;3;Normal;0.00131;0.25370741376633044;0.00131;0.14813;0.00267;-0.0007065247586135977;-6.375967133603718
4432;7;Normal;0.00112;0.20500464433763446;0.001725;0.12665;0.02111;-8.108699419693412e-05;-6.749383504679141
4433;10;Normal;0.00089;0.06175149633814553;0.00123;0.00073;0.00065;-0.0006331550597688345;-6.5151180515851035
4434;5;Rubbing;0.005105;0.25219568414229454;0.0010500000000000002;0.1441;0.00342;-0.0032088886426880694;-4.4660678325462255
4435;7;Unbalance;0.00068;0.30007678084117073;0.00269;0.1739;0.00502;0.0001334004086576155;-7.057545706765317
4436;4;Normal;0.0017699999999999999;0.16158781451582294;0.0013;0.10079;0.01492;-0.002073561625022821;-5.752782407866539
4437;4;Faulty sensor;0.9647950000000001;0.9660414675364614;0.07475;0.29306;0.0433;-0.0019755964839634097;0.42017557733778077
4438;2;Normal;0.00087;0.12382666069954401;0.000725;0.07002;0.00846;-0.0007185588092005122;-6.80053529990096
4439;1;Normal;0.00181;0.05880901036405901;0.00048499999999999997;0.03442;0.00111;-0.0019517614421570451;-5.8727792890424695
4440;4;Normal;0.00119;0.23316771324520896;0.002325;0.15433;0.01699;-0.0009602620400377883;-6.510006380800238
4441;0;Normal;0.00037;0.25547465999585944;0.00265;0.15827;0.00846;-0.0001228624854690375;-7.522827785580966
4442;2;Normal;0.00097;0.17544830634691236;0.00111;0.10014;0.00105;-0.0006618726965357702;-7.047634588421811
4443;9;Normal;0.00423;0.17120691750043276;0.001485;0.10556;0.01448;-0.00045315145142794304;-5.4178031409434535
4444;10;Normal;0.00198;0.1094456687128367;0.0020350000000000004;0.00295;0.00613;4.6479623388056514e-05;-6.038199995986524
4445;7;Normal;0.00161;0.09529593800367359;0.001775;0.05765;0.01334;-1.797945082773775e-05;-6.532085219132535
4446;7;Normal;0.001;0.23459862275810572;0.002275;0.14835;0.0092;7.946485851878423e-06;-6.7380936817025265
4447;4;Unbalance;0.00179;0.28354915658488566;0.00211;0.16109;0.02324;-0.0016967674579478498;-5.905884242125222
4448;6;Unbalance;0.00298;0.35354744759367157;0.0045249999999999995;0.20168;0.01009;-0.00020831348382130898;-5.625526327984017
4449;1;Normal;0.0015300000000000001;0.040349249063644295;0.00035000000000000005;0.02713;0.00111;-0.001372001530352887;-6.10258526008888
4450;4;Normal;0.00192;0.09356227444862593;0.0029049999999999996;0.05902;0.00986;-0.0012787531727340607;-6.111355195734843
4451;5;Unbalance;0.00176;0.27822393319051475;0.001275;0.17568;0.00164;-0.002374404185877112;-5.854107072485148
4452;10;Normal;0.00092;0.1730179840363423;0.00139;0.00125;0.00041;0.00015724578335395405;-6.911050751788193
4453;4;Normal;0.00093;0.14244852263186164;0.00374;0.08412;0.01857;9.114810567697202e-05;-7.104437106658068
4454;3;Normal;0.001085;0.13155507211810571;0.001205;0.07542;0.00231;-0.0003850696955581223;-6.415422296234812
4455;7;Normal;0.00108;0.04171631215723653;0.000655;0.02493;0.00271;0.0001409930464726782;-6.941231471584663
4456;10;Normal;0.001;0.01911691659237964;0.00042;0.00044;0.00061;-0.0005704604590054956;-6.119379595301209
4457;3;Normal;0.00047;0.05449434282565486;0.0005;0.03553;0.01611;0.0008615631757739089;-7.534069229052275
4458;1;Normal;0.00265;0.018207383117845356;0.000365;0.01061;0.0046;-0.002853456807848969;-5.329785742465003
4459;5;Normal;0.00066;0.13889917782334063;0.000775;0.09399;0.00615;-0.0004284260719018047;-7.313957469410217
4460;2;Normal;0.000815;0.08669015457363079;0.00059;0.0527;0.00364;-0.0006505208847525896;-6.995914890201735
4461;5;Normal;0.000475;0.10970599527828916;0.000675;0.07274;0.00112;1.5413301370513888e-05;-7.810691713473089
4462;7;Normal;0.0008500000000000001;0.1584319342809397;0.00105;0.09426;0.00172;-3.5584246319881386e-05;-6.892443373084469
4463;0;Unbalance;0.00037;0.5468836677027391;0.00554;0.31506;0.01494;-0.00017799730617579817;-7.661912067156788
4464;4;Normal;0.011855000000000001;0.07767766603084827;0.00067;0.05216;0.00306;-0.0033917077036912323;-3.5673233668203435
4465;4;Normal;0.00079;0.2003273176578771;0.00126;0.11634;0.0134;-0.0005961564746600392;-6.789466481043553
4466;10;Normal;0.00393;0.03060098201038653;0.00092;0.00261;0.00889;-0.0023482942322846302;-5.123319387049206
4467;10;Normal;0.00219;0.1321165470332918;0.00151;0.00144;0.00078;-0.00019471702291898362;-5.9821810656655945
4468;6;Normal;0.00507;0.2514623950017179;0.00184;0.1438;0.02117;-0.00010705311652843697;-5.360236739683785
4469;4;Faulty sensor;0.0056;1.5882058506377565;0.00836;0.02556;0.00075;-0.00184485975760598;-4.618360473867591
4470;4;Normal;0.0008;0.11622341588509606;0.0018449999999999999;0.07811;0.02424;-0.0007640453491545289;-6.621337805323773
4471;10;Rubbing;0.00216;0.16006104710390973;0.00252;0.00163;0.00072;-0.0006067977680602493;-5.576827757293327
4472;6;Normal;0.003275;0.04188174542685632;0.002005;0.01549;0.00548;0.0008959850117933729;-6.011954744882351
4473;5;Normal;0.00077;0.18060445924727328;0.0009649999999999999;0.106;0.00387;-0.00029047764379512255;-7.134441173277882
4474;10;Normal;0.003085;0.040024632415551306;0.00238;0.00177;0.00042;-0.0011920280455957068;-5.500835557723236
4475;2;Normal;0.001095;0.10569637836747293;0.0013549999999999999;0.06456;0.00816;-0.0005280047249289217;-6.860308343340417
4476;4;Unbalance;0.0015;0.3726542940850138;0.002025;0.24136;0.00997;-0.00121841446562196;-6.4097970985240655
4477;9;Unbalance;0.00412;0.3174005704153664;0.002125;0.18042;0.00806;-0.0005538042147550569;-5.679412227529263
4478;3;Normal;0.0019;0.14221889255650955;0.00133;0.09129;0.00639;-0.00012474932699708564;-6.134795558531874
4479;6;Normal;0.00146;0.03941427660125199;0.00127;0.02117;0.00449;0.001898930088044548;-6.934351818688511
4480;3;Normal;0.001065;0.2553339642507436;0.00169;0.15604;0.0055;-0.0006624748046836577;-6.389160138924928
4481;5;Normal;0.0009699999999999999;0.11885461539208311;0.00213;0.07449;0.00247;-0.0015330111543562423;-6.012478994729242
4482;1;Faulty sensor;0.00071;0.010559005635001811;0.000405;0.00537;0.00164;-0.0007662199073208708;-6.430034250979303
4483;7;Normal;0.00076;0.1161602302855844;0.00108;0.06415;0.01204;-4.7889139106882224e-05;-7.088228911346558
4484;1;Normal;0.00043;0.19111846587915043;0.00135;0.11503;0.00335;0.00012538834775998778;-7.63163646711188
4485;3;Rubbing;0.018500000000000003;0.07629394733528998;0.002365;0.04568;0.0094;-0.0016197146658289885;-3.63292529814282
4486;4;Normal;0.00227;0.1644285653406974;0.001375;0.10445;0.01078;-0.0031662821892633275;-5.313950898442338
4487;5;Unbalance;0.0008049999999999999;0.2743866416209069;0.001265;0.1722;0.00356;-0.0004904622922921755;-6.720323992872523
4488;7;Normal;0.000615;0.2526066531190341;0.00217;0.15362;0.00546;0.0006964853437531558;-6.967328162252948
4489;3;Normal;0.00111;0.18700884872112336;0.001625;0.11919;0.00252;-0.00045221689636345023;-6.376459528133498
4490;2;Normal;0.000725;0.19940105140144074;0.00132;0.11371;0.00191;-0.0005199743519903833;-6.892728183697241
4491;7;Normal;0.00055;0.30167314464499484;0.00185;0.18025;0.00572;-9.584653831761137e-05;-7.137138563682844
4492;3;Normal;0.00519;0.11472201532399962;0.0011350000000000002;0.06972;0.00863;-0.0016253608702263252;-5.188036440293672
4493;3;Normal;0.00202;0.09890278711947403;0.0010400000000000001;0.06271;0.00888;-0.0009233913359674654;-5.90638138302225
4494;5;Faulty sensor;3e-05;3.0000000000000004e-05;0.0;2e-05;0.0;-0.008650540228600486;-7.850169150318473
4495;8;Unbalance;0.00103;0.3707092584492596;0.0033350000000000003;0.22113;0.01422;-0.00034080618897746457;-6.311440698213114
4496;10;Normal;0.0008849999999999999;0.06254969864036118;0.001005;0.00088;0.00025;-0.0005020031285530598;-6.480959873384579
4497;5;Rubbing;0.0039900000000000005;0.10090225468244007;0.00057;0.05925;0.00436;-0.002292397615200951;-5.036639357628864
4498;0;Unbalance;0.00053;0.33019834675540094;0.00286;0.21459;0.01174;-0.000918999686914832;-7.196253678136151
4499;4;Normal;0.000545;0.04305231933357366;0.00093;0.02758;0.01835;-0.000589137036039296;-7.391958634277557
4500;5;Normal;0.00048499999999999997;0.10224966699212278;0.00062;0.06696;0.00297;-0.00024166907774094196;-7.680212196622838
4501;10;Normal;0.001255;0.201921034813117;0.0007999999999999999;0.00098;0.003;-0.001453778306060595;-5.768598261732354
4502;7;Normal;0.00097;0.2092702664020859;0.0012850000000000001;0.12463;0.00235;-0.0002298779135633239;-6.378785380845498
4503;3;Normal;0.0021;0.09196295341059899;0.00126;0.05449;0.00527;-0.00234714207073464;-5.415294182109865
4504;3;Normal;0.00074;0.14369974008327224;0.00103;0.09401;0.00495;2.5538680657037865e-05;-6.826271535322063
4505;4;Normal;0.0022649999999999997;0.10754554616533406;0.0016849999999999999;0.07136;0.02186;-0.0013404197088236294;-6.064403035783749
4506;0;Normal;0.000615;0.10435702995007094;0.00071;0.07027;0.00779;-0.000851305829042518;-7.033719863747084
4507;10;Normal;0.00259;0.12449878352819355;0.00205;0.00206;0.00045;-0.0009979260274288737;-5.540939648385972
4508;4;Normal;0.0052049999999999996;0.09590920028860632;0.00119;0.0532;0.02243;-0.0011785005086143597;-5.205877814334026
4509;10;Normal;0.004225;0.10870864409052299;0.000395;0.00041;0.00063;-0.0011199479693302867;-5.525885638591041
4510;8;Faulty sensor;0.009575;0.005379795535148153;0.00021;0.00326;0.00073;-0.0033369602816248774;-3.849910648305028
4511;7;Normal;0.00076;0.10447805989776034;0.00119;0.06866;0.00643;0.0012615185478963577;-7.611562315374922
4512;10;Normal;0.00206;0.08074850463011685;0.0008749999999999999;0.00076;0.00043;-0.00016454239159232492;-6.379275481551176
4513;5;Rubbing;0.093975;0.19806939995870135;0.00169;0.13457;0.00415;-0.0037234671032399394;-1.4316282224726802
4514;4;Normal;0.00302;0.08163868445779855;0.0025050000000000003;0.04902;0.01756;-0.001292545916782667;-5.597156983247637
4515;10;Normal;0.00237;0.09948526473805053;0.001075;0.00114;0.00059;-0.0007314377292578151;-5.5835924147468035
4516;2;Normal;0.0007650000000000001;0.06141321437606079;0.00053;0.03726;0.00262;-0.0007749048927485155;-6.967664129800159
4517;3;Normal;0.0014650000000000002;0.028847937534596822;0.00055;0.01667;0.00481;0.00024981871395014484;-6.66781125647646
4518;0;Normal;0.000395;0.08752146479578594;0.000745;0.0554;0.00496;-8.96447460171427e-05;-7.738751592669714
4519;1;Normal;0.00044;0.04195563728511343;0.00083;0.02397;0.00259;0.0006759060411892956;-7.800337778290819
4520;7;Normal;0.00111;0.07978148532084371;0.000985;0.0451;0.00699;-5.6091373356457616e-05;-6.8631862446721925
4521;4;Misalignment;0.0008;0.16647313296745517;0.001;0.1076;0.03093;-0.0011361690782498988;-6.580045272119638
4522;4;Normal;0.001355;0.13053577823723272;0.00327;0.07914;0.00717;-0.0009030873305812467;-6.669836178949948
4523;3;Normal;0.008105000000000001;0.2040456892463058;0.00237;0.13006;0.01654;-0.001391918046367261;-4.774694655751387
4524;1;Normal;0.00055;0.12785569169966585;0.001665;0.07925;0.00336;5.394728767983595e-05;-6.750127556031912
4525;3;Normal;0.00138;0.14391646153237647;0.00193;0.08307;0.00167;-0.0008803399579188155;-6.380156010242189
4526;1;Normal;0.00036;0.05269369411988497;0.00038;0.0349;0.00538;0.0006612045265003384;-7.635746786269572
4527;4;Normal;0.26706;0.33570223487489625;0.028085;0.05456;0.02547;-0.0024893729193983466;-0.7211839684883292
4528;1;Unbalance;0.000655;0.252622376681085;0.00215;0.17103;0.00841;-9.058532544368119e-05;-7.057973805119301
4529;4;Faulty sensor;0.005520000000000001;1.8229893163702304;0.00656;0.02072;0.00077;-0.002219121755476987;-4.623632776811888
4530;4;Normal;0.00084;0.12934153277273314;0.003535;0.07757;0.02333;-0.0004370918060202752;-6.844169502548023
4531;10;Normal;0.0042699999999999995;0.09553148433893405;0.00093;0.00086;0.00054;-0.000648125470027502;-5.683648872728814
4532;9;Normal;0.0019649999999999997;0.19131165515984644;0.00185;0.12167;0.01122;0.0006024053264825501;-6.5658488460090565
4533;4;Unbalance;0.00071;0.25221264242698066;0.00262;0.1706;0.01774;0.0003695712968392589;-7.143481899122044
4534;0;Normal;0.000355;0.018884496286636826;0.00064;0.01097;0.00582;0.00047382109338394454;-7.784177717728416
4535;5;Normal;0.00576;0.037439870459177606;0.00034;0.02118;0.00766;-0.0028835990139329504;-4.612632271062001
4536;3;Normal;0.00081;0.15425268652441682;0.00143;0.09368;0.00869;-0.0006187610070712393;-6.5604899239583885
4537;7;Normal;0.001505;0.14758491183044425;0.001585;0.08985;0.01129;3.954172109811469e-05;-6.624838378091479
4538;2;Normal;0.00107;0.0818353389435151;0.0012;0.0499;0.00685;-0.0006189463247906028;-6.543086096629162
4539;1;Normal;0.00027;0.15907501563727725;0.00181;0.09522;0.0044;0.0012140042436831094;-7.740686425678021
4540;4;Normal;0.000725;0.09505694503822432;0.002985;0.06032;0.00224;-0.0005836426584547106;-7.097016394369398
4541;4;Unbalance;0.00049;0.30507394562630225;0.00168;0.19791;0.01312;-0.0009930965413406318;-7.200025754582531
4542;6;Normal;0.00074;0.10624912611405328;0.001665;0.06297;0.00939;0.00023732293632299103;-7.408589004080727
4543;4;Normal;0.000905;0.06366829195133163;0.00119;0.04095;0.01355;-0.0009128167429633403;-6.574336699741751
4544;7;Normal;0.00086;0.20184158813287217;0.00198;0.12497;0.00407;-0.0015641674395008305;-6.67792426763278
4545;1;Normal;0.00047;0.09569220030911611;0.00103;0.06364;0.001;-0.000610287963765072;-7.293037986063664
4546;9;Normal;0.00346;0.1175705690213329;0.001345;0.06671;0.00841;-0.0007232853979249402;-5.585947580045442
4547;6;Normal;0.00228;0.21383787620531589;0.0024749999999999998;0.13128;0.01063;0.0006663481898700435;-6.352295171622239
4548;6;Unbalance;0.00343;0.5257120591160146;0.004095;0.30505;0.00634;-0.00032661810837005185;-5.629130222948012
4549;10;Normal;0.00203;0.08631474902935188;0.001085;0.00115;0.00037;-0.0010566959369194536;-5.839386942079986
4550;5;Normal;0.000835;0.13431847229625565;0.000745;0.08373;0.00138;-0.0006962646794484995;-6.987786957005062
4551;7;Normal;0.00093;0.05848096100441579;0.00037;0.03325;0.01553;-0.0014861256886326152;-6.839728573390106
4552;0;Normal;0.00036;0.051249913170658155;0.00047;0.03262;0.01219;-0.0014809955823554914;-7.297368628378978
4553;10;Normal;0.0025;0.14820861749574482;0.0013;0.00091;0.00027;-0.0013910718439767926;-5.663485350607414
4554;6;Normal;0.002185;0.1060945012712723;0.002395;0.05739;0.00558;-5.69043053570684e-05;-5.848979045228605
4555;10;Normal;0.0015600000000000002;0.08396701316588556;0.00108;0.00066;0.0005;-0.0009501032445618748;-6.076696294667631
4556;1;Normal;0.00065;0.1089075777896102;0.000665;0.06272;0.01098;-0.000444528692825881;-6.959980573623456
4557;5;Normal;0.000415;0.0329921051162244;0.00041;0.02219;0.00559;-0.0005652115043498896;-7.380597288678353
4558;1;Normal;0.001625;0.07132102284740453;0.0009;0.04773;0.00565;0.0006458604199262443;-6.933698546237477
4559;3;Normal;0.002385;0.15031532124171504;0.000935;0.08936;0.00412;-0.0014055398127068145;-5.8833881032765865
4560;7;Normal;0.00057;0.06630092080808532;0.00092;0.03787;0.00361;8.538363327532636e-05;-7.565681284368556
4561;0;Normal;0.00121;0.10751973214252349;0.000795;0.06104;0.01364;-0.001017861392748685;-6.392786100000106
4562;10;Normal;0.00096;0.19712687893841369;0.00108;0.00103;0.00029;5.4533785767966184e-05;-6.832035251925971
4563;1;Unbalance;0.00072;0.35842285460054024;0.00257;0.22768;0.001;-0.000833624646829976;-6.485136445860572
4564;10;Normal;0.001635;0.11471903111515541;0.00085;0.00045;0.00064;-0.0007389836693439353;-5.979372468850135
4565;7;Unbalance;0.00072;0.31017618428886506;0.00331;0.19309;0.01603;0.000146705324045375;-6.89973454156671
4566;7;Normal;0.001145;0.13941109389141168;0.00131;0.08314;0.00538;-0.0003641509523799561;-6.660734797058382
4567;1;Normal;0.00067;0.15274857773478615;0.00136;0.09778;0.00342;-0.0012901305752116097;-6.6501339430412525
4568;1;Normal;0.00027;0.13869323595619218;0.00109;0.07986;0.00111;-0.00012507739878402213;-7.657244920844489
4569;4;Normal;0.000585;0.16374329390848347;0.00223;0.11059;0.01604;-0.0001662563926257919;-7.197720146751467
4570;2;Normal;0.000835;0.07571991745901471;0.00121;0.04731;0.00601;-0.000623424685737674;-6.622957504232116
4571;1;Normal;0.00044;0.22686422415180407;0.001255;0.14293;0.00462;-0.0005499235125438887;-6.9325367608599056
4572;5;Normal;0.00119;0.09968281747623309;0.00078;0.06637;0.00359;-0.0018364780466424136;-6.34044797256998
4573;10;Normal;0.00119;0.0390704709467393;0.00041;0.00023;0.00035;-0.0013316759163353401;-6.445049714428537
4574;4;Misalignment;0.234295;0.28035794459939956;0.016265;0.14218;0.03216;-0.0018020680372401688;-1.1428613580136981
4575;7;Normal;0.001225;0.076484511503964;0.00173;0.03607;0.01045;0.0009986382215305823;-6.739398963882474
4576;6;Normal;0.0030949999999999997;0.15755885820860724;0.00197;0.08643;0.01755;-0.0002123542757178073;-5.848982007033995
4577;5;Normal;0.0011;0.14151701664464242;0.00262;0.0894;0.00263;-0.0002145602922845693;-6.458056839999473
4578;3;Normal;0.003275;0.1431657064383786;0.00172;0.09451;0.0064;-0.002121804314167707;-5.137217795656699
4579;5;Normal;0.000665;0.17960011525608774;0.00081;0.10555;0.00504;-0.0007191247543586916;-6.987855527968014
4580;1;Normal;0.00079;0.05929680345516106;0.00073;0.03691;0.00631;0.00037716354645368544;-7.196856580895737
4581;3;Normal;0.001085;0.1632621480931817;0.00135;0.10761;0.00826;-0.00039265672430254813;-6.671567141619094
4582;9;Normal;0.00073;0.19376619080737487;0.001585;0.11934;0.01031;-0.00010327767558187097;-7.010788413320234
4583;4;Normal;0.00098;0.12768699346448723;0.0021000000000000003;0.0701;0.01468;-0.0008027061237663964;-6.796683645628734
4584;10;Rubbing;0.00309;0.17679662920994846;0.0009699999999999999;0.00092;0.00051;-0.0007921384108280261;-5.519997761815234
4585;4;Normal;0.00087;0.19662088139360984;0.0025;0.13238;0.0218;-0.0002622251564418081;-6.737686372538977
4586;3;Normal;0.00125;0.11122869638721834;0.001015;0.06627;0.00434;-0.0004589986166481579;-6.519402609356001
4587;6;Normal;0.001765;0.16772694983216027;0.00207;0.10125;0.00788;0.0001996875651527995;-6.431530709958142
4588;5;Normal;0.00078;0.18447302648354855;0.00092;0.10841;0.00356;-0.0015921258280220067;-6.6345374867843265
4589;9;Normal;0.0030350000000000004;0.2402423694938093;0.002515;0.14768;0.0176;-0.0009926085529353803;-5.818559677179707
4590;3;Normal;0.00139;0.11231980858245796;0.001165;0.07253;0.01218;-0.0005103627163419007;-6.2255085509256824
4591;8;Unbalance;0.00189;0.36095719787808633;0.003465;0.22549;0.01297;-0.000805536340222128;-5.480222271471901
4592;8;Faulty sensor;0.0047550000000000005;0.0031315331708286274;0.00012;0.00164;0.00206;-0.003119813701708395;-4.528337050735223
4593;2;Normal;0.00098;0.04121647122207334;0.000815;0.02308;0.00194;-0.0008941601066563702;-6.649466931841914
4594;9;Normal;0.00164;0.04023334935100482;0.00132;0.02259;0.0214;0.0008072615835173694;-6.410537240112893
4595;4;Normal;0.00062;0.20302753163056483;0.00169;0.13472;0.01232;0.00040732923147360905;-7.486674577816942
4596;10;Normal;0.00072;0.13133796023998542;0.00142;0.00094;0.00081;-0.00040338276625521323;-7.155098476716959
4597;7;Normal;0.00101;0.11970561891573847;0.001;0.07136;0.00381;0.00026077959746009506;-7.101050504308899
4598;2;Faulty sensor;0.00341;0.002490883377438615;6e-05;0.00136;4e-05;-0.003353119958807014;-4.850498442056427
4599;1;Normal;0.00051;0.05402133837660818;0.001235;0.03044;0.00704;0.00025359608223754054;-7.475643613668119
4600;9;Normal;0.00419;0.22434525825165105;0.00213;0.12848;0.01816;-0.0007502195341148246;-5.169270858194901
4601;1;Normal;0.00319;0.04949620490502277;0.00037;0.0337;0.00432;-0.0017382971705653353;-5.337742613011027
4602;5;Unbalance;0.00102;0.28721424216079533;0.00162;0.16856;0.00303;-0.0016661440581728136;-6.063727776086385
4603;0;Unbalance;0.002085;0.32287214218634597;0.003005;0.20675;0.01058;-0.0023455758963235;-5.618340869161942
4604;5;Normal;0.000405;0.2090700337207607;0.00098;0.13433;0.00462;-0.00013882024277926908;-7.807719772601957
4605;3;Faulty sensor;0.01387;0.01954990537061497;0.000855;0.00813;0.00051;-0.001985410615929643;-3.853136224009483
4606;5;Rubbing;0.09718;0.2346426945378867;0.00166;0.13378;0.00421;-0.0037077465321623325;-1.4013373898902972
4607;5;Normal;0.00025;0.08398555709168094;0.00055;0.05001;0.00411;-0.00024668878373488635;-7.837032938258358
4608;9;Normal;0.00298;0.1328796252252391;0.001685;0.0757;0.01191;-0.001049427317004509;-5.697666023096151
4609;3;Normal;0.0016;0.06293249558058223;0.0007;0.03654;0.00457;-0.0007921859192768999;-6.026503450990739
4610;3;Normal;0.0014399999999999999;0.2445217051715451;0.001415;0.14921;0.00462;-0.0004880557201767346;-6.363957866154109
4611;10;Normal;0.001175;0.13408940040137401;0.00101;0.00062;0.00045;-0.0006546856356764763;-6.7734662758527495
4612;5;Normal;0.00223;0.0486308729101175;0.00019;0.02775;0.00385;-0.0032595315303085614;-5.290187069110114
4613;3;Faulty sensor;0.008915;0.01678159110454071;0.00083;0.00509;0.00039;-0.002158951243380952;-4.147042512676985
4614;1;Faulty sensor;0.643825;0.3062375163169921;0.026335;0.0666;0.00614;-0.002387087455633311;0.36911630813620755
4615;7;Normal;0.0007;0.07295189510903743;0.00125;0.04587;0.0072;-3.5849023764587305e-05;-6.801780345909728
4616;1;Normal;0.00032;0.09048798152240993;0.001925;0.0497;0.0032;0.0001396533977474044;-7.583714494565132
4617;6;Normal;0.001975;0.15759022463338263;0.001855;0.10031;0.00837;2.420885685483665e-05;-6.1893528014508705
4618;7;Normal;0.000455;0.1763827607789378;0.00296;0.10801;0.00642;0.0005294258032081154;-7.282556096197021
4619;10;Normal;0.00081;0.11962362977271673;0.00128;0.00157;0.00069;-0.0011173119028650219;-6.293282028630267
4620;0;Normal;0.00044;0.06436521110040733;0.000695;0.03895;0.00469;-0.0011977680655333434;-7.09496281477953
4621;9;Normal;0.0013;0.06658449744497588;0.0011;0.04168;0.00519;0.0014720174602798966;-6.7019022017848
4622;3;Normal;0.001015;0.10704594714420533;0.001115;0.06346;0.00413;-0.000701850670660395;-6.4851184301799805
4623;9;Normal;0.00194;0.11291559458285647;0.00147;0.07448;0.01244;-0.0006529470111108076;-6.326298316913422
4624;1;Normal;0.001725;0.21275613363661225;0.00144;0.14201;0.0027;-0.0008726573879825151;-6.378610806709882
4625;8;Unbalance;0.002175;0.2717454062169221;0.00268;0.1702;0.00741;-0.0001969413967424152;-5.886706409896539
4626;2;Normal;0.00064;0.1390289146185066;0.000915;0.08377;0.00923;-0.0008900411095753684;-6.7543483052203115
4627;5;Normal;0.00027;0.1415468297066381;0.000795;0.08562;0.00051;-2.3907133742608978e-05;-7.857670256712674
4628;6;Normal;0.002575;0.10295524415978041;0.002815;0.05285;0.01032;-0.0004410576844975395;-6.034453449907943
4629;10;Normal;0.0016849999999999999;0.08739789299519754;0.00066;0.00054;0.00017;-0.001634028707695008;-5.972559472779887
4630;1;Normal;0.0015249999999999999;0.04148870207658948;0.00043;0.02589;0.00102;-0.0011177147908002826;-6.163971592345015
4631;9;Normal;0.00125;0.1094187799237407;0.001305;0.0615;0.00613;-0.0003046808894241187;-6.259480040376439
4632;7;Normal;0.00143;0.12351512457994769;0.001;0.07443;0.0031;6.34353647659487e-05;-6.5220443218268365
4633;9;Normal;0.0018700000000000001;0.13914800537557126;0.001565;0.08889;0.00971;0.0002291003684244394;-6.296752931044749
4634;7;Normal;0.001;0.10791461532155874;0.00117;0.06203;0.00884;0.00036177191165389933;-6.499149248747681
4635;1;Normal;0.00095;0.1012692608840412;0.0022250000000000004;0.05583;0.00293;3.483349051370262e-05;-7.2765696253992775
4636;10;Normal;0.001205;0.1695490902364268;0.00156;0.00146;0.00086;-0.0010840225717925402;-6.01310787990326
4637;0;Normal;0.00037;0.23627765615901983;0.001445;0.14979;0.00677;0.0009820027595039283;-7.929522463796538
4638;5;Normal;0.000725;0.24424553363367776;0.00129;0.16328;0.00396;-0.0009805127717090285;-7.082651425526649
4639;10;Normal;0.00166;0.3198726377794762;0.0025050000000000003;0.00383;0.0008;0.0006564368025296478;-6.226163024867944
4640;2;Normal;0.000895;0.06363818664921243;0.00067;0.0385;0.00301;-0.0007884891899576257;-7.009510888876015
4641;5;Normal;0.00051;0.11666262297754151;0.00108;0.07836;0.00087;-0.0004905433536453872;-6.96075991953838
4642;5;Normal;0.00059;0.1016062129005899;0.000775;0.06786;0.0013;-0.0004632094675473744;-7.449771965673706
4643;5;Faulty sensor;0.3207;0.12598450936523903;0.01086;0.01807;0.00413;-0.003022080417961368;-0.3846438956788727
4644;1;Normal;0.000375;0.13073325131732938;0.000975;0.0816;0.00438;-0.0012022243330003294;-7.141827144973992
4645;10;Normal;0.001185;0.10344802221405686;0.00109;0.00072;0.00042;-0.001288397641586667;-6.027517129858639
4646;1;Normal;0.00431;0.08770741017724785;0.002245;0.04947;0.00152;-0.001407212949116348;-5.400401511384175
4647;7;Normal;0.000705;0.14038020302022647;0.00111;0.08327;0.00855;-0.00022484912221294522;-7.034702264278981
4648;10;Normal;0.00195;0.10214707484798574;0.00117;0.00166;0.00445;-0.0007924188534621326;-6.258424038937278
4649;4;Misalignment;0.001005;0.18018228964024183;0.002215;0.11719;0.03265;-0.0003380941298597287;-6.617570096887198
4650;4;Normal;0.00101;0.07469385115255472;0.005065;0.02874;0.013;-0.0008336137503783247;-6.612491130240797
4651;10;Normal;0.000825;0.12835113088710984;0.0012850000000000001;0.00068;0.00055;0.0010396593776156417;-6.880156808776469
4652;4;Normal;0.00228;0.1799409555937725;0.00226;0.12133;0.01898;-0.0016961154607742605;-5.603609912484578
4653;0;Unbalance;0.00037;0.35776939863548984;0.0038;0.20752;0.00434;0.00023759391596572883;-7.691471295222004
4654;1;Normal;0.001235;0.1803230501073005;0.00236;0.12023;0.00213;-0.0008675952598730203;-6.204200383202784
4655;8;Normal;0.002295;0.13993784620323413;0.00205;0.09198;0.00517;0.0002044431025232416;-6.228805711315443
4656;8;Normal;0.00159;0.1259526474513339;0.00166;0.07419;0.01161;-6.977806929268541e-05;-6.331295045787599
4657;6;Normal;0.00232;0.14118713787027484;0.00178;0.08658;0.00335;0.001671379698425553;-6.377899862713253
4658;5;Rubbing;0.007175;0.0917391181557791;0.00091;0.0529;0.0013;-0.0023792334861104337;-4.298285751803639
4659;5;Normal;0.00039;0.10367317010683141;0.00078;0.06959;0.00263;-0.0015575012728848729;-7.081161036776908
4660;10;Normal;0.00139;0.039243737079946904;0.00089;0.00083;0.00049;-0.001862836994140327;-5.7804828449769845
4661;10;Normal;0.00131;0.14673622695162908;0.001225;0.00103;0.00098;0.00038704955975627376;-6.461427798044961
4662;4;Normal;0.001215;0.21676666648726228;0.0042;0.12971;0.01104;0.00027572395042583115;-6.884158179621965
4663;1;Normal;0.000645;0.19420492115288945;0.00125;0.11195;0.00492;-0.00021300417252898392;-6.896814812534384
4664;8;Faulty sensor;0.0039;0.006775234313291313;0.00011;0.00419;0.00166;-0.003119578417840291;-4.704833626935525
4665;7;Unbalance;0.00127;0.2954716021887721;0.00162;0.16825;0.00483;-0.00027485709768307125;-6.720672699832303
4666;6;Normal;0.00616;0.3022118338185982;0.00275;0.1928;0.00695;0.0003422469613111983;-5.833937689573181
4667;5;Normal;0.00067;0.19106205510252425;0.00103;0.1199;0.00574;3.0334274857604468e-05;-7.185949749623623
4668;2;Normal;0.00115;0.11174481822438123;0.00123;0.06889;0.00485;-0.0004045733730620668;-6.6922859489798885
4669;7;Normal;0.0025;0.03420980415027248;0.00051;0.02123;0.00413;0.0009777591599147923;-7.078867718964171
4670;7;Normal;0.00099;0.20062054256730544;0.00153;0.11913;0.00441;-6.876378508940052e-05;-6.876068646012611
4671;7;Normal;0.00032;0.09142353745070247;0.00061;0.05497;0.01107;0.0003637366372752888;-7.647774678561935
4672;1;Normal;0.00096;0.12853411803875264;0.0010400000000000001;0.08091;0.00986;-0.0008492770310968989;-6.404726958374847
4673;4;Unbalance;0.0009;0.33875058597735297;0.002105;0.21984;0.01906;-0.0006877529282922411;-6.82676123930289
4674;0;Unbalance;0.00035;0.2914417030900005;0.00211;0.17457;0.01047;0.00020293233657877919;-7.732941795878712
4675;1;Normal;0.00193;0.14648732573161405;0.00117;0.09064;0.00136;-0.0003459006551498465;-6.358465361331205
4676;7;Normal;0.00076;0.18015300663602593;0.0012;0.10725;0.00529;-1.1698021842229276e-05;-7.082580941601857
4677;8;Faulty sensor;0.00419;0.007034365643041312;0.00012;0.00407;0.0021;-0.0031709916705828277;-4.639689057166583
4678;2;Normal;0.00032;0.11172951132086814;0.001145;0.06865;0.00317;0.00041135930363127396;-7.731846976534261
4679;1;Normal;0.001025;0.09358027837103286;0.00087;0.05927;0.00634;0.00019642442949744065;-7.051581962829244
4680;8;Unbalance;0.001845;0.3792192787820788;0.003395;0.21245;0.02284;-0.0005866854429741018;-5.910699581319673
4681;5;Normal;0.00084;0.11677467405221048;0.0008;0.07786;0.00111;-0.0012511479960631087;-6.735062785613551
4682;7;Normal;0.0026550000000000002;0.07331565930959089;0.00055;0.04389;0.00801;-0.00024264702444377412;-6.2201922176650495
4683;10;Normal;0.00223;0.029188050637204258;0.000985;0.00101;0.00029;-0.001807876035689391;-5.941276142745645
4684;1;Normal;0.000415;0.08742879274014939;0.00077;0.0543;0.00653;-0.0012777353368862592;-7.068242687431344
4685;3;Normal;0.0010400000000000001;0.15199264357198344;0.00137;0.10305;0.00426;-0.0007101462018582312;-6.70437715641869
4686;1;Rubbing;0.0779;0.18485859163154952;0.00683;0.11273;0.01151;-0.002207796446898193;-1.9429279556262555
4687;6;Unbalance;0.002215;0.5240702250653055;0.00406;0.30281;0.00396;-0.0005941822150496084;-5.950815626079225
4688;6;Normal;0.00318;0.09696141191216225;0.0024149999999999996;0.05978;0.0075;-8.839952566688916e-05;-5.67846025540577
4689;4;Misalignment;0.061829999999999996;0.23366277516968764;0.007945;0.12545;0.04341;-0.0013218681822599573;-2.4858793479565473
4690;8;Faulty sensor;0.00595;0.0034393749432127924;0.00014;0.00196;0.00036;-0.0031658837617801715;-4.351617974401565
4691;7;Normal;0.00055;0.23035748804846784;0.00207;0.14246;0.00737;0.00027418929814930075;-7.140617061895952
4692;8;Normal;0.0018;0.19211752887230252;0.002;0.10756;0.01719;-0.0009328378360010296;-6.260567515156214
4693;8;Unbalance;0.00105;0.4364280125060719;0.004085;0.25557;0.00299;-3.133978697925061e-05;-6.443043434861737
4694;5;Unbalance;0.00402;0.2992061276110501;0.001395;0.17089;0.00134;-0.003056895131060539;-4.79617233754491
4695;9;Unbalance;0.00308;0.3363020392444863;0.00253;0.20745;0.00903;-0.00033126083964616867;-5.854958860989503
4696;8;Normal;0.00158;0.07070860060841255;0.00201;0.04299;0.00353;0.0011725573375279883;-6.608250296370849
4697;7;Normal;0.00045;0.026985507221469824;0.00099;0.01482;0.00536;-0.0001640597238063468;-7.000860102335608
4698;9;Normal;0.004535;0.06460595019036561;0.000835;0.03658;0.01461;6.619423491556668e-05;-5.513061225498569
4699;8;Normal;0.0024000000000000002;0.11172484817622265;0.001915;0.05947;0.00572;-0.0006751315826922491;-5.93952654505101
4700;5;Faulty sensor;0.468865;0.1571397231765412;0.012580000000000001;0.02572;0.0049;-0.0028513727670319623;-0.1233474093608864
4701;1;Normal;0.000965;0.04311060774333853;0.001325;0.02561;0.00513;-0.0007497972661140046;-6.69436455198082
4702;5;Unbalance;0.00061;0.2922618146457043;0.001215;0.17027;0.00159;-0.0011762238332802873;-6.917973095345243
4703;4;Normal;0.00137;0.13654204956715715;0.00316;0.08328;0.00724;-0.0008589316345744846;-6.665751504430836
4704;9;Rubbing;0.003345;0.2858255670859414;0.00169;0.16697;0.01835;-0.0003002920482777314;-5.603073282659046
4705;6;Normal;0.00098;0.03225551890762262;0.00083;0.01921;0.00483;0.000362194298355212;-6.9866379686494735
4706;1;Normal;0.00033;0.12477043960810591;0.002;0.06998;0.00123;0.00015627552497953626;-7.56092465575785
4707;5;Rubbing;0.070685;0.10964752299983799;0.001145;0.06236;0.00107;-0.003653758776693362;-1.7357244109211747
4708;4;Misalignment;0.001805;0.08752262736001475;0.001255;0.05471;0.0427;-0.0010474702369828095;-6.129747351208593
4709;0;Unbalance;0.001355;0.5138705010019547;0.00281;0.29668;0.02073;-0.0012550258457136648;-6.162315305281574
4710;6;Normal;0.001705;0.07989690294373118;0.00121;0.04316;0.004;-0.0006157855842098631;-6.088055364828762
4711;5;Rubbing;0.08605499999999999;0.1770578792372709;0.001445;0.10086;0.00664;-0.00370722854618354;-1.5258347991356405
4712;10;Normal;0.003325;0.07916317199304232;0.00066;0.0004;0.00025;-0.0006208271199756;-5.795343309239962
4713;7;Normal;0.00063;0.0261889442322519;0.0005;0.0141;0.00648;-0.0006521860845720896;-6.881625649522122
4714;9;Normal;0.00375;0.0917354408067024;0.00092;0.05212;0.01192;-0.0009771577584757735;-5.596366844385258
4715;5;Normal;0.00039;0.17418047996259511;0.000865;0.11644;0.00354;-0.00038638061534351347;-7.765179704880218
4716;1;Normal;0.00031;0.17225056806872946;0.00132;0.0967;0.00362;0.00048821303277826245;-7.885193014965898
4717;7;Normal;0.001115;0.05043412138622026;0.00117;0.03225;0.00458;8.046585782415929e-05;-6.562722011035957
4718;1;Normal;0.00054;0.08960769888798618;0.00124;0.06012;0.00574;0.0005372732970297821;-7.767824081971557
4719;4;Unbalance;0.00183;0.36414269620575945;0.003085;0.21024;0.02449;-0.0014871918561795467;-5.870103034340336
4720;10;Normal;0.002465;0.12531471621481652;0.0005;0.0005;0.00085;-0.0008447190042954647;-5.95257258709378
4721;9;Normal;0.001775;0.09824607880215881;0.00126;0.06031;0.00767;-0.0003171726188548712;-6.3858938659456586
4722;5;Normal;0.00099;0.13212845492171624;0.00072;0.08248;0.00165;-0.0004094386319507151;-6.848026796084722
4723;7;Unbalance;0.000985;0.462261494394677;0.00365;0.26328;0.00164;-0.0005305684288212664;-6.473897312947779
4724;9;Normal;0.00132;0.13104568096660035;0.0013050000000000002;0.07793;0.00654;0.0007832802539472674;-6.759448277550267
4725;1;Unbalance;0.00051;0.2833130794721627;0.00156;0.17888;0.00295;-0.0005992559671569258;-6.799446497120876
4726;5;Normal;0.00054;0.08376664551001192;0.00073;0.04933;0.0015;-0.00017362388585958155;-7.014670595473749
4727;7;Normal;0.000975;0.055071130367916006;0.00141;0.03194;0.00516;0.0009807133411674225;-7.1371233183111995
4728;4;Unbalance;0.000615;0.24369279492836876;0.002535;0.16404;0.01661;0.00028214884442343604;-7.2362420316947125
4729;9;Normal;0.0029;0.08313287436387605;0.0017;0.05116;0.00387;0.00018586875972877024;-6.035793640156728
4730;10;Normal;0.00398;0.07817627133600066;0.00084;0.00061;0.00024;-0.0016605552667878997;-5.216660965449339
4731;0;Normal;0.00027;0.275871598030678;0.00274;0.15874;0.01907;-1.8804351190266546e-05;-7.9378216410771865
4732;0;Normal;0.00029;0.1525511383110595;0.00132;0.09881;0.00639;0.00011092277378404832;-7.897748513585141
4733;9;Normal;0.00064;0.08272010517401436;0.000745;0.053;0.01555;0.0008592382243542782;-7.241025483444429
4734;5;Normal;0.00068;0.10313169154047654;0.00061;0.06662;0.00213;0.0001112879620416892;-7.435460494921146
4735;1;Normal;0.00049;0.16405769290100358;0.00124;0.10924;0.00801;-0.0009329681757843004;-7.250702442095312
4736;5;Normal;0.000405;0.08865991597108584;0.000635;0.05098;0.00685;-0.00023965268394220956;-7.583438836037273
4737;4;Normal;0.000995;0.15386548573348086;0.001785;0.08856;0.00895;-0.001133032436280586;-6.851955283577167
4738;10;Normal;0.00373;0.07399691412484713;0.001555;0.00096;0.00071;-0.0008790135313489682;-5.3639995909944815
4739;10;Normal;0.00115;0.12365222521248859;0.00106;0.00217;0.00878;-0.0011467137260421948;-6.064695015018437
4740;10;Normal;0.000705;0.1703544854120372;0.00143;0.00125;0.00017;0.0001342424346725629;-7.2616538360810985
4741;1;Normal;0.000585;0.023429295764064273;0.00132;0.01161;0.0043;-0.00019360829049873407;-6.7825557754002315
4742;6;Normal;0.001825;0.20391699978177394;0.00206;0.11748;0.02081;-6.737388960000458e-05;-5.995179697783356
4743;0;Normal;0.000475;0.23031634028005918;0.00129;0.14616;0.00886;0.0005532125866511601;-7.490430548359756
4744;1;Unbalance;0.00128;0.2723380375562694;0.001595;0.18076;0.00797;-0.0010887583371147918;-6.403377390993099
4745;9;Normal;0.00099;0.09240333164989235;0.001;0.05876;0.01157;-0.0002532970929670117;-6.7541589891309775
4746;9;Normal;0.002855;0.1018590275822423;0.001095;0.06363;0.01529;0.00014557097954388486;-6.165232996847325
4747;8;Normal;0.00096;0.11490279631062075;0.00132;0.07581;0.00846;0.0010384560112132216;-7.086730440516071
4748;8;Normal;0.000815;0.1523483843038711;0.00166;0.09114;0.00712;0.0011969231213712897;-7.741645894646481
4749;8;Faulty sensor;0.00412;0.008018759255645477;0.00012;0.00415;0.00165;-0.003137626453803961;-4.679953703544042
4750;5;Normal;0.001;0.19971430469548246;0.001015;0.12875;0.00259;-0.000805918559544677;-6.55177093970193
4751;2;Faulty sensor;0.00265;0.006306512506924884;6e-05;0.00356;3e-05;-0.0030943732585149483;-5.284652070380914
4752;2;Normal;0.00099;0.12602996746805897;0.00099;0.07124;0.0035;-0.00021687276950282323;-6.926606950983285
4753;8;Normal;0.0016849999999999999;0.1783383217370849;0.001435;0.10866;0.01535;-0.0008475193117091762;-6.250216399580205
4754;2;Normal;0.00039;0.1448036453270428;0.001295;0.08333;0.00842;-0.00011349560098292952;-7.275295418768785
4755;1;Normal;0.00079;0.05179857237414946;0.001005;0.03209;0.005;-0.0009284277161084655;-6.930225506721901
4756;1;Normal;0.00068;0.12708029941733692;0.0010400000000000001;0.08058;0.0085;0.0009602520174120466;-7.50772406280715
4757;8;Normal;0.00091;0.09274756816218957;0.000795;0.05361;0.0053;-0.00038088546309415295;-6.672693510983166
4758;2;Normal;0.0011350000000000002;0.12439025444141515;0.001415;0.07144;0.00932;-0.00044330023682013727;-6.6443993138502035
4759;4;Normal;0.00157;0.0646420126543102;0.0011;0.0373;0.01462;-0.001519752110763485;-5.942874780299135
4760;7;Unbalance;0.000795;0.45926046161192663;0.00487;0.28482;0.00787;0.00011688875207201772;-6.785926447581557
4761;5;Normal;0.000845;0.15877143445846928;0.000865;0.10822;0.00368;-0.0015093909069799464;-6.59274884741022
4762;6;Normal;0.041190000000000004;0.1892260539672061;0.001905;0.10893;0.00774;-0.0032688661776848877;-2.325349836631478
4763;5;Normal;0.00062;0.17706664225652444;0.0008699999999999999;0.11604;0.00715;-0.0006623776128905193;-7.131287332527373
4764;4;Normal;0.0015149999999999999;0.10885765705727825;0.0033;0.06501;0.00301;-0.000924724610797255;-6.473519271278008
4765;7;Normal;0.00195;0.042943572278048785;0.0005200000000000001;0.02583;0.00273;-0.001881788283021744;-6.491384030752325
4766;4;Normal;0.02091;0.1975670870868931;0.001185;0.12806;0.00843;-0.00341118884955167;-3.0106474025835066
4767;5;Normal;0.00187;0.1631648896055766;0.001765;0.10356;0.00258;-0.0010725362462657493;-5.948396999146129
4768;7;Normal;0.00086;0.020213864054158474;0.00145;0.00588;0.00268;0.0006882379440571473;-6.856015392351968
4769;4;Faulty sensor;0.0030350000000000004;1.7125315606434819;0.00831;0.0243;0.00078;-0.0018619657508722393;-5.2879039484710315
4770;1;Normal;0.00105;0.043246775602349824;0.00057;0.02735;0.00447;-0.0009802490163652645;-6.747653638044418
4771;9;Normal;0.0036;0.2252278395314398;0.001965;0.12827;0.00503;-6.614189307922468e-05;-6.036353766711956
4772;10;Normal;0.00106;0.20415537293933753;0.000825;0.0007;0.00037;-0.0010327445024912712;-6.063545637634265
4773;7;Normal;0.00111;0.26606266536288026;0.003405;0.16695;0.01507;0.0012146886107562243;-6.851573300825513
4774;4;Normal;0.0015;0.1365925902089861;0.00223;0.09177;0.01185;-0.0017030919804106178;-6.031297298552762
4775;9;Unbalance;0.001385;0.32532363762874655;0.00254;0.2029;0.00215;-0.00038310089438381477;-6.560435678399886
4776;5;Normal;0.000505;0.10586747092473686;0.000535;0.06616;0.00343;-0.000776033596952297;-7.095523728635061
4777;6;Normal;0.0033;0.09325583359768976;0.00266;0.04576;0.01409;-0.00026493912773273406;-5.654982741601977
4778;6;Normal;0.0038;0.09915730986669616;0.00138;0.05283;0.00795;-0.0007559633885833525;-5.38055191233339
4779;10;Normal;0.0021850000000000003;0.15855362247517396;0.0025;0.00191;0.00079;-0.0005650852489836329;-5.865286251477471
4780;8;Normal;0.001375;0.24663320883449577;0.002595;0.14204;0.00733;-0.000601886760586028;-6.275389079144446
4781;1;Normal;0.000435;0.0749592789453047;0.0011;0.04263;0.00223;-0.00030431746407528533;-7.118233058228428
4782;10;Normal;0.002255;0.0786948511657529;0.001025;0.00086;0.00036;-0.0009447036707859609;-5.6924183000131805
4783;1;Normal;0.00075;0.04503786851084319;0.00116;0.02671;0.00927;-2.333482160970341e-06;-6.6399058565726605
4784;1;Normal;0.00071;0.0965075670608269;0.00076;0.06491;0.00598;-0.0010345112754321685;-6.793228641322406
4785;9;Unbalance;0.00515;0.32468011580631173;0.00258;0.18399;0.01251;-0.0008112896826464474;-5.264190057013717
4786;10;Normal;0.001535;0.25409762572680605;0.00168;0.0013;0.00058;0.00025767284675770624;-6.239708429075681
4787;10;Normal;0.00141;0.026398060534819603;0.00091;0.00035;0.00032;-0.0018995975840660373;-5.777534567990241
4788;3;Normal;0.00103;0.14970081529504106;0.0015249999999999999;0.09046;0.012;-0.0008325804447414777;-6.384477776944538
4789;4;Normal;0.006875;0.13224421915531884;0.0035250000000000004;0.08527;0.00145;-0.0030138480417797714;-4.24296318191947
4790;6;Unbalance;0.0032050000000000004;0.8915194248584829;0.00611;0.5703;0.01028;-6.386725509493377e-05;-6.019394297535612
4791;1;Normal;0.00154;0.034607726016021335;0.00035;0.01978;0.00442;-0.0024372496758373954;-6.001565392646371
4792;5;Normal;0.00081;0.14367563328553662;0.00077;0.09276;0.00155;-0.001225462808947709;-6.606553722336531
4793;3;Normal;0.001705;0.0879047501560638;0.00089;0.05622;0.00404;-0.0005394510943121868;-6.435701534349301
4794;1;Normal;0.00058;0.11022562043372676;0.00095;0.06901;0.0153;-0.0003793279950430938;-7.096820506871478
4795;5;Normal;0.00056;0.0976901602005033;0.000715;0.05757;0.00332;-1.4637937230556202e-05;-7.3798512707147825
4796;7;Normal;0.00168;0.11037486715733796;0.00109;0.07364;0.00434;-0.0004218516925436445;-6.06005941149073
4797;3;Rubbing;0.021269999999999997;0.08762749910844199;0.001135;0.01199;0.00031;-0.0017677435692878842;-3.655023506901379
4798;10;Normal;0.001065;0.06518133168323581;0.00044;0.00043;0.00041;-0.0006434158373219863;-6.7940573449303905
4799;4;Normal;0.009739999999999999;0.1382069618362259;0.00368;0.08899;0.00784;-0.003215654816442075;-3.7980734634961903
4800;1;Rubbing;0.00804;0.08746151553683483;0.00134;0.0545;0.00538;-0.002674196013564116;-4.023013769598874
4801;5;Normal;0.00045;0.10401038025120378;0.000735;0.06891;0.00151;0.00035789368798503154;-7.7021873875788325
4802;1;Normal;0.00036;0.041751790380772896;0.00081;0.02322;0.00475;-0.00016399811646370394;-7.405003387332434
4803;4;Rubbing;0.00575;0.25177855925396025;0.00147;0.1462;0.01236;-0.002711451818531523;-4.428608214612624
4804;1;Normal;0.00719;0.025605569706608756;0.00044;0.01459;0.00124;-0.001982373735715798;-4.521878793636282
4805;3;Unbalance;0.00145;0.27917500801468603;0.0017;0.17018;0.00443;-0.00044747415859277374;-6.445656851882977
4806;10;Normal;0.00298;0.1007266474176521;0.001645;0.00213;0.00048;-0.0008855182278728158;-5.625154664594737
4807;4;Faulty sensor;0.006295;1.6545435587194433;0.008175;0.02471;0.00066;-0.0018013186391745357;-4.503228171647755
4808;8;Normal;0.002345;0.03705023211803132;0.0006000000000000001;0.02063;0.01131;-0.00029556335895482966;-6.122041239635435
4809;8;Faulty sensor;0.00371;0.007850636916836748;0.00012;0.00421;0.00163;-0.0031379625753395943;-4.760111602462958
4810;5;Normal;0.00211;0.20403906292668567;0.00111;0.12202;0.00133;-0.002530621555463975;-5.496931276290013
4811;1;Normal;0.00116;0.026710056158683007;0.001385;0.01298;0.0035;-0.000664068838140178;-6.102637763413481
4812;3;Normal;0.0018;0.17626237204803527;0.00136;0.10738;0.00783;-0.0005879384623876355;-6.263143927734093
4813;4;Normal;0.000785;0.1807223146155449;0.00235;0.10003;0.01585;-0.0005438229085660461;-6.879296433898956
4814;10;Normal;0.001295;0.09548732586055596;0.00146;0.00334;0.00479;-0.000861773780942275;-6.2019451504503085
4815;0;Unbalance;0.00357;0.36321348501948547;0.002105;0.24565;0.00804;-0.0017632812933754552;-5.10411490202701
4816;8;Normal;0.00415;0.24085675514712057;0.001815;0.14681;0.01181;-0.0004387624152307678;-5.502582105865108
4817;9;Normal;0.00157;0.23308146108174285;0.001605;0.1447;0.00929;-0.0006818110684482765;-6.122381529932008
4818;1;Normal;0.00071;0.18249702983884422;0.001535;0.1067;0.00103;3.4584258112324475e-05;-6.822769176304373
4819;5;Normal;0.000645;0.16955702934411182;0.00083;0.10705;0.00177;-0.0009533203111653902;-6.944179279044603
4820;6;Unbalance;0.0025700000000000002;0.29523695161683267;0.00378;0.16742;0.02063;-0.00026410213941834346;-5.7139085905464
4821;8;Faulty sensor;0.003665;0.007426755684684936;0.00012;0.00419;0.00178;-0.0031104717448317675;-4.781977337055172
4822;8;Faulty sensor;0.003665;0.007849044527839041;0.00012;0.00432;0.00174;-0.0030904841873690605;-4.789707839964061
4823;9;Rubbing;0.0041600000000000005;0.10390883071231241;0.0011949999999999999;0.06068;0.01159;-0.00029307894264809966;-5.4260873244116015
4824;10;Normal;0.001495;0.18428967089883247;0.001315;0.00091;0.00027;-1.852854192990406e-05;-6.07501315340548
4825;5;Normal;0.0008849999999999999;0.12621522214059602;0.0006950000000000001;0.08368;0.0017;-0.0008940149455521283;-7.121424651081316
4826;9;Normal;0.00238;0.1270231266344834;0.00201;0.07912;0.00764;-6.64209748388648e-05;-5.9122067068330795
4827;9;Unbalance;0.0026950000000000003;0.3631639076229905;0.002835;0.21533;0.01655;-0.0005552641886048292;-5.876530991846733
4828;6;Unbalance;0.00217;0.287058224581704;0.00234;0.17016;0.01089;3.2533889748607033e-06;-6.255366773523669
4829;7;Normal;0.000245;0.04997165796729182;0.000615;0.02876;0.00327;5.336334292230221e-05;-7.413075802861583
4830;4;Normal;0.00064;0.039281025954015;0.00064;0.02476;0.01725;-0.0006150598055316824;-7.308864511054557
4831;4;Misalignment;0.0018449999999999999;0.10163788417711184;0.00151;0.05581;0.04167;-0.0009311170346434862;-6.231520777396752
4832;4;Normal;0.00241;0.14769638451905315;0.0031149999999999997;0.09055;0.02062;-0.0018654191595994921;-5.453362183067895
4833;1;Normal;0.00038;0.21110953815495875;0.00121;0.1404;0.00296;-0.0004007411657820258;-7.023717314549281
4834;4;Normal;0.002005;0.10433049362482669;0.000725;0.06064;0.00445;-0.00031035045028981215;-5.846264939563495
4835;7;Normal;0.00072;0.11129101446208495;0.001115;0.07406;0.00278;-0.0001725244801194565;-7.001068815684401
4836;6;Unbalance;0.00436;0.2973717836311979;0.0037;0.00626;0.00231;-0.0007044867523243199;-5.161802398044067
4837;10;Normal;0.0019;0.10930273875800182;0.00088;0.00065;0.00041;-0.00020742346636782447;-5.916039604043426
4838;5;Rubbing;0.00839;0.1710731103943574;0.001245;0.09952;0.00142;-0.0022913147751746827;-4.194472816472257
4839;5;Normal;0.001325;0.1559020387935963;0.00139;0.10466;0.00194;-0.0010555349461477894;-6.206542492283751
4840;5;Normal;0.00051;0.241378032554746;0.00102;0.13813;0.00527;-0.0007561797001576346;-7.212460688238417
4841;4;Normal;0.000445;0.05494977706961148;0.0007650000000000001;0.03585;0.00959;-0.001758156593476222;-7.076518703399996
4842;10;Normal;0.00115;0.23206405559672527;0.00129;0.00156;0.00093;0.0001235461406047874;-6.579902292173435
4843;7;Unbalance;0.00135;0.30941532024125756;0.001745;0.17609;0.00485;-0.00018678455257093286;-6.663434403042402
4844;2;Normal;0.000925;0.02956006935039226;0.00063;0.01691;0.00621;-0.0010238289243998406;-6.656586996171302
4845;10;Normal;0.00116;0.08081127582212769;0.0009350000000000001;0.00107;0.00134;-0.000386067642795819;-6.595315405030612
4846;1;Normal;0.001925;0.049936907192977026;0.000785;0.03292;0.00619;-0.002880217808965607;-5.543137539866855
4847;8;Normal;0.00282;0.13192205729141737;0.00218;0.07932;0.00106;0.0006130501511772955;-6.295506079197109
4848;8;Faulty sensor;0.004200000000000001;0.00683133954653112;0.00011;0.00352;0.00133;-0.0031814690156749784;-4.653395168564066
4849;9;Unbalance;0.004285000000000001;0.32909977286531206;0.001735;0.19324;0.01028;-0.0007039745896301288;-5.581598328035007
4850;0;Normal;0.00025;0.2602036385218316;0.001445;0.1484;0.00625;-9.059195052301396e-05;-7.953372953803407
4851;1;Rubbing;0.008625;0.06479394570482648;0.001155;0.04216;0.00398;-0.001962963766249497;-4.238123151355789
4852;6;Normal;0.00154;0.16868279609966155;0.00222;0.09314;0.01627;0.0008633271829123237;-6.468894864369476
4853;4;Normal;0.00078;0.1777749900857823;0.002325;0.11921;0.0215;-0.0002857507416190048;-6.838819466378121
4854;1;Normal;0.001255;0.062176702228407064;0.000545;0.04202;0.00241;-0.0010817838082049784;-6.290371591624788
4855;9;Misalignment;0.00485;0.23648893864195847;0.00223;0.13464;0.05601;-0.0008295523658154481;-5.208501858178226
4856;2;Normal;0.00096;0.09499137539798022;0.00131;0.05417;0.00346;-0.0006208627930903441;-6.71898001903529
4857;9;Normal;0.0008;0.08966857197480063;0.00145;0.05445;0.02414;0.0011002615908418643;-7.050505187467229
4858;8;Normal;0.0029649999999999998;0.2229899865464815;0.0026;0.12735;0.01586;0.0005398505760207861;-5.848500646429057
4859;7;Normal;0.00115;0.08680800999907784;0.000855;0.05508;0.00575;-0.000583689339107873;-6.135602263357037
4860;4;Normal;0.00084;0.11560041825183852;0.001775;0.07772;0.02775;-0.0003739638119048626;-6.892331135790144
4861;3;Normal;0.00091;0.08426514819306972;0.0012950000000000001;0.05514;0.00529;-0.0002941163545936752;-6.518984826858326
4862;0;Normal;0.000465;0.21250756151252592;0.0021650000000000003;0.13027;0.01038;-0.0012840315576758982;-7.1264694026401045
4863;9;Normal;0.00305;0.1096604586895386;0.00344;0.05729;0.00772;-0.00034317287567733765;-5.822755894294348
4864;8;Normal;0.001815;0.22779467135997716;0.002225;0.13143;0.00772;-0.0005932939824119456;-6.164320666450019
4865;3;Rubbing;0.0069949999999999995;0.018719022410371756;0.0009;0.00959;0.00525;-0.0009881764435992096;-4.8481290979092355
4866;6;Normal;0.001475;0.09854922729275961;0.001585;0.06049;0.00865;0.0002296128096134866;-6.852320754068399
4867;7;Normal;0.001;0.18647110794973035;0.00119;0.11808;0.00714;-0.00020742347732227785;-6.494549494503051
4868;4;Normal;0.00107;0.15925431548312904;0.002405;0.08919;0.02129;-0.000593644882142981;-6.405348895266473
4869;1;Normal;0.00037;0.02818892513027058;0.00075;0.01584;0.00601;-8.896928941280212e-05;-7.09151050681055
4870;1;Normal;0.00157;0.13486848075069285;0.001055;0.0834;0.00118;-0.0003775659675544452;-6.319766530734658
4871;0;Unbalance;0.00032;0.2572203166548086;0.001335;0.17336;0.01363;0.0002896752964016625;-7.756495717179833
4872;0;Normal;0.00027;0.26322693707141753;0.00243;0.16374;0.00193;-0.00024414316308086863;-7.854455004669185
4873;0;Normal;0.00045;0.15136656665195256;0.000995;0.0864;0.00335;-0.0004938498477984345;-7.578091656308133
4874;6;Normal;0.002275;0.16184761289558766;0.00192;0.09217;0.0071;-0.0002092591421371267;-5.876365139137694
4875;4;Normal;0.00086;0.14226645493579995;0.00164;0.09312;0.02866;-0.0006454883936183174;-6.670139243701017
4876;3;Rubbing;0.0077;0.14369902678863208;0.00186;0.09359;0.02122;-0.0017227200203853558;-4.744790157325881
4877;9;Normal;0.00107;0.13237795473567343;0.0018700000000000001;0.08118;0.01057;0.00037132153743217236;-7.033638505267599
4878;10;Normal;0.00048;0.10802084289617445;0.0012799999999999999;0.00172;0.00025;0.00015678376521851184;-6.833198641758879
4879;10;Normal;0.002175;0.1152593358474705;0.001445;0.00127;0.00137;-0.0003914336338219249;-5.860528117850076
4880;7;Normal;0.00163;0.23344333338092993;0.0022;0.14055;0.01393;-0.0007154137118883547;-6.51208150190963
4881;7;Normal;0.00117;0.17020882438933652;0.00096;0.10163;0.00685;-0.0007782855800468102;-6.296562325583674
4882;5;Normal;0.00042;0.13777849832248862;0.000705;0.09146;0.00654;-0.0006328336284178677;-7.432625460470906
4883;7;Normal;0.00073;0.15637594604030378;0.00136;0.09254;0.01003;-0.0011208063152180958;-6.862615639115983
4884;3;Normal;0.00095;0.011800427958341173;0.00049;0.00595;0.00665;-0.0005575803472223427;-6.866439726679106
4885;3;Normal;0.00145;0.16502364012468032;0.001345;0.10892;0.00975;-0.0009646725519064955;-6.251071292875822
4886;7;Normal;0.00131;0.10841634148042442;0.002295;0.06665;0.01179;0.0007317746125454818;-6.559906962589832
4887;4;Faulty sensor;0.00464;1.5326096772172622;0.00729;0.01933;0.00077;-0.0014690376095051155;-5.154561909292637
4888;8;Normal;0.0025599999999999998;0.06951164434826729;0.00126;0.03155;0.00634;0.00025187164293080086;-6.165668672974659
4889;10;Normal;0.002445;0.07643652137558327;0.0009;0.0008;0.00044;-0.000756697864257768;-6.224972551989726
4890;3;Rubbing;0.067035;0.21026068914564128;0.018015000000000003;0.0463;0.01319;-0.002000364984651545;-2.189432660792631
4891;4;Misalignment;0.00141;0.2785118575572681;0.00279;0.18451;0.02982;-0.0007582459659267969;-6.410168582306848
4892;1;Normal;0.00076;0.05366815163576998;0.00072;0.03343;0.00407;-0.0001089549172080297;-6.945384644832905
4893;7;Normal;0.00106;0.04947241251445091;0.00133;0.01791;0.00044;-2.488456587219013e-06;-6.733150594409302
4894;1;Normal;0.00027;0.15326518619699647;0.001265;0.09914;0.00445;-0.00033731162561641314;-7.619251136860463
4895;6;Normal;0.00413;0.08497860083573981;0.00107;0.05262;0.00822;0.0003809042591455516;-5.3688585753943725
4896;5;Normal;0.00038;0.18111675129595275;0.00074;0.10365;0.00519;-0.00032821339535359204;-7.595773291090629
4897;4;Normal;0.001325;0.046074313885287536;0.000465;0.03089;0.0061;-0.0029425510328903344;-5.7928621592793945
4898;4;Normal;0.001105;0.0900674430635177;0.0021349999999999997;0.05578;0.01363;8.96384889548486e-05;-7.051583686759454
4899;4;Misalignment;0.00217;0.11548581990876629;0.001645;0.07592;0.02479;-0.0013006912867790427;-6.003506559885269
4900;8;Normal;0.00094;0.24075673926185326;0.00222;0.14063;0.00592;-0.0008970062546029732;-6.250742006190994
4901;7;Normal;0.00156;0.2292119667469393;0.002665;0.13819;0.01346;0.00014401267708995643;-6.375305149546765
4902;5;Normal;0.001715;0.17487311743089617;0.0012;0.1019;0.00235;-0.0015632948491752074;-5.903853025083232
4903;2;Normal;0.00287;0.14491825488874754;0.00139;0.08357;0.00246;-0.0015779958225272284;-5.3496679937436955
4904;6;Normal;0.000995;0.1959321293203338;0.001605;0.11677;0.01258;5.283743166883715e-05;-7.031895815456106
4905;0;Normal;0.000245;0.27263512869767903;0.00282;0.15689;0.0209;-0.00017408440510320288;-7.916282811311103
4906;5;Normal;0.00318;0.1277779918452313;0.00099;0.08536;0.00177;-0.002948027719408943;-4.985365221171711
4907;8;Faulty sensor;0.00485;0.0067937176862157;0.00011;0.00391;0.00207;-0.0032283536247899106;-4.509433709891786
4908;5;Faulty sensor;0.058594999999999994;0.041047058359887374;0.0033750000000000004;0.0125;0.00096;-0.002962315009099406;-2.1430639375642917
4909;1;Normal;0.00031;0.025494709255059176;0.000435;0.0155;0.00844;-0.0009740574127351266;-7.705055376436519
4910;7;Unbalance;0.00071;0.4250046310335924;0.00368;0.26281;0.02059;0.0010386783407733136;-7.416113794318944
4911;7;Normal;0.00084;0.1962058719814471;0.001695;0.10921;0.01314;-0.00023666147580571461;-6.876830079414149
4912;10;Normal;0.00258;0.05225480360694125;0.00051;0.00043;0.00432;-0.0003049456571569075;-6.19426521081829
4913;4;Normal;0.00364;0.07342190272663875;0.00108;0.04906;0.01831;-0.0012013020429903708;-5.379284885279967
4914;4;Faulty sensor;0.00088;0.39265820263939477;0.002105;0.00637;0.00014;-0.002616052928661415;-6.3927233363136295
4915;10;Normal;0.00119;0.12395193624949956;0.00116;0.00116;0.00053;-0.001052930393544496;-5.9807771001995045
4916;10;Normal;0.00116;0.0762927991359604;0.00151;0.00132;0.00075;-0.0010405992330128244;-5.996754088647712
4917;5;Faulty sensor;0.016935;1.1029968194877082;0.0051;0.01321;0.0005;-0.00253922908126506;-3.5359455549593024
4918;5;Normal;0.000475;0.2524029985955001;0.00103;0.14704;0.00612;-0.0004917212878130356;-7.343287102332616
4919;5;Normal;0.00039;0.12750989530228624;0.000925;0.08535;0.00266;-0.0017649525426267272;-6.9229947428707215
4920;9;Normal;0.001465;0.10254180172007901;0.00118;0.06543;0.01366;-0.0006507786635739082;-6.438350364238146
4921;10;Normal;0.00193;0.1891543938162685;0.001185;0.00098;0.00029;-0.0007330958484850818;-6.122720480156244
4922;0;Normal;0.00045;0.21631537300894726;0.001545;0.13733;0.01293;0.0006218659084449726;-7.689591834074809
4923;2;Normal;0.000915;0.21936874230391165;0.00143;0.1242;0.00296;-0.0006709139460432017;-6.882996610208805
4924;7;Normal;0.00098;0.07111304591985917;0.00135;0.03905;0.00666;0.00020476545342977407;-6.765558149126953
4925;4;Normal;0.011439999999999999;0.12051494264198113;0.00218;0.07975;0.02479;-0.0028158947965705927;-3.7876167190512025
4926;5;Normal;0.00025;0.10485106484914686;0.0007999999999999999;0.07048;0.00328;-0.0006858201229129698;-7.84932381637835
4927;1;Normal;0.00019;0.06666235294377179;0.00087;0.0437;0.01101;-0.0001834843996236667;-7.376234591656835
4928;1;Normal;0.000395;0.05357662270057716;0.00059;0.03033;0.00295;0.0006077832619509766;-7.681653807842796
4929;4;Normal;0.00241;0.23636228971644357;0.0035450000000000004;0.14774;0.01539;-0.001388134385962258;-5.5504523440811
4930;6;Normal;0.00258;0.13208256622279868;0.00244;0.0779;0.01395;-0.00027918604306998525;-6.357590133744185
4931;9;Normal;0.00348;0.28720142809533517;0.00198;0.16473;0.01101;-0.0005223492627473883;-5.5687691629409395
4932;5;Normal;0.002955;0.23258823916956764;0.00109;0.13335;0.00336;-0.002077127209187243;-5.321921609543388
4933;5;Normal;0.00019;0.12620310653862685;0.0007650000000000001;0.07632;0.00262;0.0004095033625627369;-8.265491985115075
4934;9;Normal;0.002195;0.2840071266711453;0.00239;0.16302;0.01301;-0.000441842532518441;-5.844281487976207
4935;2;Normal;0.000445;0.10492888162941603;0.00078;0.06374;0.00108;-0.0009478136640518687;-6.792801731720405
4936;3;Normal;0.00135;0.16799928660562818;0.001385;0.10185;0.00958;-0.000985575288184815;-6.469647756810202
4937;9;Normal;0.00097;0.0470557371634958;0.0011;0.02755;0.00158;0.0013832820039659404;-7.0721539367157105
4938;7;Normal;0.001765;0.1674796507041975;0.0010400000000000001;0.09525;0.00066;-0.00020046008401886385;-6.602747409380367
4939;1;Normal;0.00055;0.07423648833289462;0.00221;0.04309;0.00662;-0.0001713122884236349;-6.788038057105624
4940;5;Unbalance;0.00069;0.3289107722468208;0.00139;0.1889;0.00545;-0.0011281801486109667;-7.031655483068722
4941;10;Normal;0.001375;0.11724332091850691;0.000915;0.00082;0.00034;-0.0007468827900226588;-6.11232965001433
4942;10;Normal;0.00133;0.1748486694258781;0.00118;0.00095;0.00041;-0.0005529450952361761;-6.563244249772351
4943;9;Normal;0.0022050000000000004;0.16921360879078257;0.00148;0.09936;0.02758;-3.4898453987496146e-05;-5.787487941016818
4944;4;Normal;0.00181;0.0890879441899969;0.0022250000000000004;0.05557;0.00736;-0.0010886021416946679;-6.333861567406654
4945;8;Unbalance;0.001775;0.3766965924985252;0.003195;0.21832;0.0042;0.00014075897498571935;-5.9825670232067445
4946;8;Normal;0.00116;0.06018190010293793;0.001325;0.03547;0.00829;0.001008733585619522;-6.9830210009752935
4947;8;Normal;0.00244;0.26151416615548767;0.002345;0.16537;0.00888;3.336338074958625e-07;-6.328039542967874
4948;6;Normal;0.0062;0.10683592373354572;0.0019299999999999999;0.05675;0.01014;-0.0001298167877786541;-5.20243120166041
4949;3;Rubbing;0.00591;0.06105330212199829;0.0011749999999999998;0.03624;0.00636;-0.00144392533417245;-4.835498928099545
4950;6;Normal;0.0017599999999999998;0.19669486826046073;0.002365;0.1259;0.00478;-0.0002568919290830985;-5.992372371101023
4951;8;Normal;0.0013;0.08265967033566006;0.0018449999999999999;0.04393;0.00215;-0.0004265175769050866;-6.38848620289643
4952;7;Unbalance;0.000755;0.2928632638280192;0.003135;0.17853;0.00852;-9.215824893449671e-05;-6.654232241808498
4953;9;Rubbing;0.00431;0.07667399624383746;0.00097;0.04391;0.00679;-8.741995457073109e-05;-5.521215885328172
4954;1;Rubbing;0.01352;0.08749563589116889;0.00231;0.05434;0.00496;-0.002581211111223233;-3.5962477914179196
4955;7;Normal;0.00108;0.10142063793922812;0.0007;0.05762;0.00878;-0.00037507155658292606;-6.893026931669797
4956;6;Normal;0.00206;0.13569920780903624;0.00122;0.07653;0.00232;-0.001147212613563094;-5.872080742102363
4957;4;Unbalance;0.001705;0.30197675837719695;0.00263;0.20539;0.02167;-0.0014358103019402179;-6.184189580497792
4958;1;Faulty sensor;0.014315000000000001;0.16371973766165154;0.00172;0.00375;0.00025;-0.0027377359917236865;-3.4975294669532335
4959;7;Normal;0.001105;0.2599048460494725;0.0015149999999999999;0.14677;0.00296;-0.00014318774979201086;-6.522459958002651
4960;3;Normal;0.002155;0.049548171510157675;0.00049;0.0322;0.00051;-0.0009922149335558367;-5.844639328219657
4961;4;Normal;0.0050799999999999994;0.12382481738326934;0.000975;0.08222;0.00307;-0.0028895066436158473;-4.483114221361015
4962;0;Normal;0.001265;0.05173893408256494;0.00059;0.03282;0.00738;-0.001222539640083175;-6.285540702521228
4963;4;Normal;0.00118;0.08781367148684764;0.00283;0.05601;0.0097;-0.0004902827057150392;-6.515946936799146
4964;7;Normal;0.00055;0.19181719787339194;0.002215;0.11754;0.0179;0.001050132066091028;-7.603106660829885
4965;10;Normal;0.001355;0.037760349574653046;0.00067;0.00031;0.00029;-7.239906951568991e-05;-6.8673302422913896
4966;7;Normal;0.00179;0.2566118617679237;0.0031149999999999997;0.14402;0.01487;0.0003936508594818823;-6.365534189018199
4967;5;Normal;0.001005;0.053809737037082805;0.00049;0.03556;0.00589;-0.0025500141062356043;-6.26131197083561
4968;4;Normal;0.00068;0.19657479568856226;0.00324;0.11305;0.0215;-0.00028912738187225883;-6.8763664414363195
4969;8;Normal;0.001555;0.08181913407021613;0.0021349999999999997;0.05026;0.00307;0.0009563363049248071;-6.592309305554585
4970;2;Faulty sensor;0.003445;0.005708020672702578;0.0001;0.00357;0.00013;-0.0031642433180788724;-4.913961074970368
4971;3;Normal;0.00156;0.07601042494289846;0.00139;0.04567;0.00167;-0.0005828161112047394;-6.454490001445836
4972;4;Normal;0.001365;0.09444453028100674;0.002365;0.05579;0.01675;-0.00042977156892324284;-6.4799197464473695
4973;7;Normal;0.00089;0.07555279809510698;0.001325;0.04445;0.01764;-0.00025938759779956937;-6.448835896529038
4974;10;Normal;0.00302;0.08548533382984476;0.00097;0.00089;0.00016;-0.0011291868597024632;-5.183290682316859
4975;9;Unbalance;0.0041849999999999995;0.2791446352699618;0.001875;0.16138;0.01517;-0.0006271542023690301;-5.258897601880932
4976;1;Normal;0.00065;0.07813149812975557;0.001;0.04888;0.00364;-0.0008939488906807791;-6.780244657763134
4977;5;Normal;0.00021;0.04927393935946262;0.00047;0.02949;0.00155;-0.0004824394909303126;-7.748091581120437
4978;8;Normal;0.001775;0.08116694277844891;0.00118;0.04676;0.00389;0.0002966262231020217;-6.6201623439282145
4979;5;Normal;0.00045;0.09347110462597517;0.0005250000000000001;0.0542;0.00238;0.00021546537997328713;-7.645810347295685
4980;7;Normal;0.0011099999999999999;0.11021344337239448;0.001255;0.07022;0.01345;0.0008921058645593168;-6.7907834044803455
4981;9;Rubbing;0.004275;0.1389407031794499;0.00127;0.08505;0.00654;0.0001927500853987353;-5.5435954009711335
4982;3;Normal;0.00157;0.15645615040643174;0.001325;0.09122;0.00498;-0.0006320397896185136;-6.425292547553527
4983;3;Normal;0.00153;0.07018891721632411;0.00073;0.04611;0.00279;-0.001212099717239935;-5.995695464436633
4984;10;Normal;0.0015;0.1342428471092594;0.00154;0.00125;0.00136;-0.0009603706426648207;-6.2205244560227335
4985;8;Normal;0.00072;0.12375106706610653;0.001085;0.07324;0.00294;-0.00015532346919878062;-7.027323050350659
4986;4;Normal;0.00118;0.19813958968363693;0.002595;0.11391;0.03011;-0.0010213929688489083;-6.584284666969909
4987;6;Unbalance;0.00187;0.7039402064806357;0.005215;0.45022;0.00245;0.0005101934912049789;-6.477479977318687
4988;4;Misalignment;0.00125;0.09359863300283823;0.001395;0.06275;0.03898;-0.0006974031360209864;-6.568255817117483
4989;10;Normal;0.00125;0.2632542854352043;0.001915;0.00306;0.0004;0.0006321182304224557;-6.508862569416108
4990;8;Normal;0.00108;0.1713580009804036;0.00179;0.1001;0.00656;0.0006860000371078076;-7.008088442993043
4991;10;Normal;0.00181;0.1537967691468192;0.001785;0.00243;0.00287;-0.0008485404228947576;-6.13175976864625
4992;1;Normal;0.00029;0.18712106455447497;0.001475;0.12407;0.00751;0.000389278463372352;-7.898711173049247
4993;7;Normal;0.0006050000000000001;0.15958447700199416;0.001545;0.10622;0.00556;0.0014891457139782336;-7.412856223303731
4994;8;Normal;0.00205;0.0651237391432648;0.00137;0.03681;0.00133;0.0005063261661034056;-6.330745427342587
4995;5;Faulty sensor;2e-05;0.0;0.0;0.0;0.0;-0.016420086122977684;-8.903014475844735
4996;6;Normal;0.003065;0.040958199423314495;0.00323;0.0066;0.00837;-0.00038297497820906373;-5.725408518984124
4997;4;Normal;0.0005;0.21773274259972936;0.00186;0.14799;0.01787;0.0005627495458319564;-7.540240632142795
4998;10;Normal;0.001015;0.1254530310514656;0.001545;0.00125;0.00025;-0.0006348039907124905;-6.399516668847355
4999;10;Normal;0.0008849999999999999;0.13421118992096;0.0008849999999999999;0.00092;0.00029;-0.0008206303276952819;-6.557864927231328
5000;10;Normal;0.00083;0.10963395961106213;0.0016;0.00161;0.0002;-0.0008378553976932902;-6.542444382814272
5001;4;Normal;0.037000000000000005;0.1100223736337296;0.0020350000000000004;0.07363;0.02484;-0.0035851668298389704;-2.391386824455087
5002;5;Normal;0.00046;0.13248421302177857;0.000625;0.07675;0.00383;-0.0006792561794256097;-7.416164226625915
5003;7;Normal;0.0007;0.2213061707228246;0.00262;0.13757;0.00483;0.0002818932262503734;-7.116214446909194
5004;9;Normal;0.00125;0.1742490143444146;0.00182;0.10151;0.00918;0.0005802857560782391;-6.825174653823099
5005;8;Faulty sensor;0.009330000000000001;0.005479981751794435;0.00022;0.00336;0.00079;-0.003308368523041025;-3.880658246566491
5006;2;Normal;0.00071;0.23563476526183483;0.00161;0.1345;0.00095;-0.0008259138237460709;-6.905135464013191
5007;5;Faulty sensor;0.127385;0.036134732598982935;0.002835;0.00581;0.00111;-0.0031875660676540848;-1.306212102501346
5008;5;Rubbing;0.008705000000000001;0.08056499798299507;0.00066;0.04734;0.00164;-0.0028340812709859975;-4.061827817366069
5009;10;Normal;0.0028;0.12120777161551977;0.00122;0.00111;0.00059;-0.001324917438183591;-5.623450873688799
5010;1;Normal;0.000655;0.03795172723342115;0.00092;0.02053;0.0019;0.00033209006898939113;-7.581652746050911
5011;9;Normal;0.002025;0.26790495124204033;0.002385;0.15145;0.01336;-0.00039140160287727245;-5.898039870423361
5012;8;Normal;0.00159;0.08534529571101152;0.001165;0.04579;0.01042;-0.00017520462891234441;-6.469059691275537
5013;4;Unbalance;0.00087;0.2707321105816597;0.0028850000000000004;0.18359;0.02353;0.0002631510335019995;-6.983369527789717
5014;5;Normal;0.000625;0.22322329067550278;0.00147;0.13185;0.00217;-0.0005629089682681065;-7.043027081540604
5015;9;Misalignment;0.003475;0.19741578356352363;0.0021149999999999997;0.13214;0.03329;-0.0002879300105474638;-5.696686147856199
5016;1;Normal;0.00029;0.08670576855088709;0.00125;0.05698;0.00721;-0.0002628329911822679;-7.271532994984054
5017;0;Normal;0.001245;0.11171242858339442;0.00136;0.07084;0.01261;-0.0011114101755872606;-6.2220651545899335
5018;4;Unbalance;0.003935;0.2743329673954627;0.0052;0.18299;0.02658;-0.0016608852315766495;-5.283571860984769
5019;9;Normal;0.00203;0.1503296005449359;0.00141;0.08437;0.01006;-0.0008958414470084645;-6.141727926299041
5020;5;Unbalance;0.00079;0.2830027877954561;0.0015;0.18176;0.00141;-0.0010583941957365722;-7.126186404446629
5021;2;Normal;0.001155;0.13141226731169356;0.000845;0.07917;0.00608;-0.0007756995685363671;-6.637963897636352
5022;4;Unbalance;0.00099;0.2743366235120641;0.001415;0.17775;0.02119;-0.0016745264193491246;-6.286247197454608
5023;0;Unbalance;0.0019450000000000001;0.28751082970907377;0.00272;0.18686;0.00638;-0.002296395444244742;-5.634562075506407
5024;4;Normal;0.02775;0.16248496391974243;0.0027099999999999997;0.10845;0.00111;-0.0033031050937485456;-2.7804844309399313
5025;7;Normal;0.00078;0.03785003963009814;0.000705;0.02463;0.00674;-8.125560457693189e-05;-7.3165108407908654
5026;9;Normal;0.00143;0.05212392253083031;0.001595;0.02939;0.01554;-0.0006557201381047696;-6.20506866781225
5027;10;Normal;0.00206;0.08643395166252668;0.00157;0.00082;0.00027;-0.0010262733264628323;-6.207955581501611
5028;4;Normal;0.0183;0.1803455727208184;0.00313;0.12009;0.0092;-0.0029333990857158473;-3.291482187278625
5029;3;Normal;0.001925;0.20876478151259134;0.00174;0.13751;0.00424;-0.0007596424242427734;-6.0978664979307835
5030;7;Normal;0.00029;0.1495480043330569;0.001015;0.08901;0.00412;0.0005356179259466018;-7.665315093077565
5031;1;Normal;0.00132;0.2230299822893774;0.001175;0.14854;0.00237;0.00017149657519922087;-6.754934690853827
5032;5;Normal;0.000815;0.09620284663147967;0.00064;0.05682;0.00554;-0.0009240537315778877;-6.644072453101095
5033;2;Normal;0.00053;0.18717628375411238;0.001505;0.11843;0.00413;-0.00021746939052608142;-7.2396318395770525
5034;6;Normal;0.00103;0.10948197294532101;0.00172;0.06571;0.00949;0.00018022165907663183;-7.141153920671299
5035;3;Normal;0.00073;0.07359837226460922;0.00059;0.04368;0.01428;-4.2366028857709707e-05;-7.012097241943173
5036;8;Normal;0.0021999999999999997;0.1279559013879391;0.0012850000000000001;0.07665;0.0111;0.00010048904443996007;-6.06931526027956
5037;10;Normal;0.00115;0.1516037516026566;0.00106;0.00063;0.00022;-0.0003935806141699694;-6.4508156962635175
5038;7;Normal;0.00115;0.17578815261558442;0.002025;0.10904;0.00856;-0.0006943094691721092;-6.549375746482535
5039;4;Normal;0.00143;0.10747117985767161;0.00159;0.07062;0.02305;-0.0014867897653495353;-5.979940896463887
5040;3;Normal;0.00108;0.041246384083941226;0.00076;0.0257;0.00658;0.000158414243903144;-6.966508853749691
5041;3;Normal;0.001;0.0544241270026447;0.0007650000000000001;0.03574;0.00601;-0.000665813565117636;-6.829125227646758
5042;10;Normal;0.00146;0.13671073257063615;0.001055;0.00088;0.00079;-0.00033527350075822685;-6.278749142215472
5043;6;Normal;0.14067000000000002;0.2860348204327578;0.004055;0.16158;0.02481;-0.0035910712335701918;-1.0420797602016187
5044;5;Normal;0.00184;0.08608480818355814;0.0007;0.0508;0.00319;-0.0019216105965704506;-5.7896402287810265
5045;6;Unbalance;0.00098;0.3033428453087364;0.002415;0.18089;0.00971;7.824474079246664e-05;-7.020755579837806
5046;1;Normal;0.000565;0.14379499852220173;0.002345;0.09384;0.00281;0.0001957951953183233;-6.891156701957516
5047;5;Normal;0.00071;0.026483443884812264;0.001255;0.01434;0.00175;-0.0001279977380174838;-6.891647845886066
5048;8;Normal;0.00141;0.21007693400276004;0.00263;0.12741;0.01007;-0.0008274784120724568;-6.319951371896085
5049;7;Normal;0.001165;0.06503315231480018;0.00072;0.03393;0.00327;-0.0006129940449639994;-6.33063272682588
5050;5;Normal;0.00083;0.11721568154474896;0.00118;0.07878;0.00386;-0.0004488690836186652;-6.706352366437101
5051;6;Unbalance;0.00118;0.47722260183272963;0.00366;0.29365;0.01021;9.477266538018765e-05;-6.83519292307416
5052;2;Normal;0.001095;0.0981824515888659;0.00108;0.06154;0.00434;-0.0006566417063519718;-6.72999099001303
5053;3;Rubbing;0.005445;0.06942574378427645;0.000925;0.04381;0.01118;-0.0012942010413459228;-5.043636911980006
5054;4;Normal;0.0007;0.04393376605755532;0.00034;0.02545;0.00649;-0.00033048747484139355;-7.1803614849777535
5055;10;Normal;0.001705;0.14142849783547867;0.0012200000000000002;0.00074;0.00029;-0.00036999943076495824;-6.16694281673564
5056;0;Normal;0.00027;0.22122164360658747;0.00303;0.12681;0.01222;-0.00032324379319497;-7.794452211887791
5057;5;Rubbing;0.044969999999999996;0.08036845276599519;0.000955;0.05174;0.0027;-0.003545279206551088;-2.211082509963044
5058;10;Normal;0.0031850000000000003;0.08389256045681286;0.000865;0.00093;0.00102;-0.00206210265571014;-5.24421562660375
5059;9;Normal;0.001465;0.1314040482633621;0.0020550000000000004;0.08025;0.01243;0.0002596400533728348;-6.477456974980162
5060;8;Normal;0.0013700000000000001;0.15107863581592204;0.001355;0.08837;0.01497;-0.00022171653280734946;-6.403937773437795
5061;7;Normal;0.0011949999999999999;0.02514198281759018;0.00036;0.01474;0.00232;-4.331842127341755e-05;-6.693972725344423
5062;4;Normal;0.00119;0.14026782881330987;0.002145;0.09124;0.0234;-0.00060824921001265;-6.384861716721875
5063;5;Normal;0.00094;0.0549243525223557;0.00059;0.03425;0.00223;0.00023057868002339293;-7.258572176283112
5064;7;Normal;0.001415;0.11988550954973667;0.00098;0.07219;0.0074;-0.0005826841422583661;-6.077329136209708
5065;5;Faulty sensor;0.92093;0.234415857398769;0.0218;0.03923;0.00756;-0.003174339198511321;0.63328957471413
5066;5;Normal;0.000325;0.05746214841093222;0.00055;0.03334;0.00257;-0.0004095654261867219;-7.621456551849093
5067;9;Normal;0.0013800000000000002;0.06832408067438596;0.001175;0.03689;0.00624;-0.0008514899128860297;-5.922630661059987
5068;10;Normal;0.0009400000000000001;0.09617445866756932;0.001;0.00081;0.00025;-0.0008357114515061958;-6.446882381031568
5069;7;Normal;0.00123;0.18292267000019433;0.001335;0.1102;0.00689;0.00016313978600580352;-6.6513305396844355
5070;6;Normal;0.00107;0.10781506944764262;0.0026;0.05983;0.01357;-0.0007033880180622922;-6.33657680081506
5071;3;Normal;0.0014;0.1887059352537699;0.00158;0.12802;0.00702;-0.0008542817628375566;-6.561285522741546
5072;4;Normal;0.00067;0.17323563721128515;0.0033550000000000003;0.11444;0.025;-0.00039152064396496167;-7.149270761459563
5073;1;Normal;0.00038500000000000003;0.06707635872645444;0.00071;0.03853;0.00212;0.0003249159649217709;-7.81429573656854
5074;1;Rubbing;0.028835;0.1891250414408415;0.0017000000000000001;0.12228;0.00978;-0.0030436049419536194;-2.7735104450983004
5075;7;Normal;0.00146;0.0760773790295118;0.00038;0.04551;0.01035;-6.84962090663537e-05;-7.157301242759027
5076;1;Normal;0.00071;0.1707895058251531;0.0016;0.10238;0.00398;-0.00034461543414979624;-7.046438457351861
5077;1;Normal;0.00055;0.21312851263967472;0.00161;0.13531;0.00792;-0.0001942137042078118;-7.126080046055229
5078;7;Normal;0.0009350000000000001;0.0792006186844522;0.00077;0.05016;0.00386;-0.00010381675924748207;-6.453402527773675
5079;7;Normal;0.00071;0.0904856717939365;0.00139;0.05601;0.00558;0.0008036386216882735;-6.976847124530295
5080;1;Normal;0.0013;0.0918380476708864;0.00106;0.05891;0.00709;-0.003102293920749537;-5.745977176911643
5081;2;Normal;0.001095;0.10714198383453612;0.00169;0.06279;0.00611;-0.0004973766553645129;-6.698931205639659
5082;3;Normal;0.00132;0.2181334100957485;0.00167;0.13268;0.01065;-0.0005623762577886025;-6.380265236771928
5083;5;Normal;0.00097;0.18276595498068013;0.0013;0.12205;0.0008;-0.0004992236509760653;-7.0878822837048565
5084;9;Normal;0.0024749999999999998;0.1210147148077456;0.0008049999999999999;0.06951;0.01494;-0.0007486043225148783;-6.182396623043562
5085;1;Normal;0.000375;0.10112640555265474;0.00184;0.05606;0.00384;0.00022155154445646313;-7.66600851369247
5086;0;Unbalance;0.00045;0.27033668341532935;0.00187;0.15713;0.0247;-0.0004007085148918683;-7.269655057178664
5087;8;Unbalance;0.001375;0.34184737559326095;0.0031349999999999998;0.20033;0.0141;-0.000717008855060661;-6.4548488274953915
5088;3;Normal;0.00161;0.15369648336900882;0.00122;0.09328;0.00409;-0.000508507181836061;-6.37527712204796
5089;9;Normal;0.00134;0.12648132233654105;0.00123;0.07842;0.00627;0.0008445739477311308;-6.752767764504158
5090;7;Normal;0.001145;0.13941109389141168;0.00131;0.08314;0.00538;-0.0003641509523799561;-6.660734797058382
5091;6;Normal;0.02849;0.5568017526014084;0.005065;0.34012;0.00737;-0.002275502024338142;-2.9398210935627493
5092;8;Normal;0.0051;0.10496769503042352;0.00207;0.06242;0.01554;-0.0015304753197933284;-4.712571445250737
5093;9;Normal;0.0039900000000000005;0.06610527059168579;0.00059;0.03885;0.00348;-0.0005176229403915075;-5.490655865931469
5094;1;Unbalance;0.00046;0.25884864650988615;0.001585;0.17294;0.00266;-0.0005203560421800815;-6.889428021142474
5095;5;Faulty sensor;0.02137;0.007952427302402707;0.00042;0.00239;0.00019;-0.0032814061767758567;-3.046560274002097
5096;6;Normal;0.001215;0.15735182140668091;0.00173;0.09677;0.00248;0.0004016830935452026;-6.830432472852707
5097;0;Normal;0.00027;0.27866254143677077;0.001415;0.15903;0.02697;-0.00012447510364565974;-7.871894099079637
5098;10;Normal;0.00119;0.15903575918641694;0.00142;0.00117;0.00122;-0.0008841399590244296;-6.076289393685869
5099;10;Normal;0.002105;0.12457554976800223;0.00049;0.00049;0.00036;-0.0008673977683549158;-6.002987779715792
5100;6;Normal;0.00103;0.22245158034952237;0.00188;0.13467;0.00912;-0.00020299728529185411;-6.880166680207242
5101;1;Normal;0.00039;0.04915154626255414;0.00041;0.03093;0.00305;0.0006680242722465749;-7.561846791967252
5102;4;Normal;0.00092;0.16556340175292364;0.00296;0.10028;0.00706;0.00018749354123425574;-7.205885181087321
5103;7;Unbalance;0.00053;0.31933829225446797;0.002395;0.19483;0.00322;-5.650874333764136e-05;-7.436776556499213
5104;9;Normal;0.0023;0.1344775773130971;0.001405;0.07906;0.00594;-0.0003819001754083496;-5.925868754818128
5105;7;Normal;0.00148;0.14922618603985024;0.001335;0.08796;0.00958;-1.0986414918877918e-05;-6.3062072892313425
5106;2;Normal;0.001005;0.052601244281860866;0.00059;0.02944;0.00634;-0.000557324134209065;-7.034348699836798
5107;4;Normal;0.00258;0.09882518150754897;0.00095;0.06537;0.01129;-0.0027948931888977335;-5.391461053047777
5108;0;Normal;0.000335;0.1683145977032295;0.001045;0.11357;0.0028;-0.0002926568975258855;-7.412985339607219
5109;4;Unbalance;0.00116;0.27002324140710554;0.002765;0.17909;0.02432;-5.91458111319059e-05;-6.768937940281201
5110;4;Rubbing;0.014790000000000001;0.06937243833108363;0.002;0.04075;0.0074;-0.00283925348499535;-3.4142827771713984
5111;1;Faulty sensor;0.000755;0.006083083099876246;0.000245;0.00306;0.00285;-0.0007896584708450298;-6.678100765228302
5112;1;Unbalance;0.000455;0.2806983904478257;0.00141;0.18684;0.00125;-0.00027810185249002806;-7.002928133831797
5113;5;Normal;0.00055;0.0385228711287204;0.00038500000000000003;0.02595;0.00655;-0.0007060573371743635;-7.129234272408401
5114;1;Unbalance;0.00127;0.27816744058210696;0.003815;0.17794;0.00272;-0.00027074505230422646;-6.288029559053188
5115;4;Misalignment;0.077335;0.18084090051755436;0.003085;0.1208;0.03647;-0.0036435853592121357;-1.6397296237132966
5116;2;Normal;0.0010400000000000001;0.16668983382318192;0.001645;0.10427;0.00475;-0.0006167005157493479;-6.559961873630533
5117;10;Normal;0.00053;0.07645031916218534;0.00086;0.00051;0.00029;0.0022350637548891016;-7.932195717067222
5118;4;Normal;0.00116;0.24687466091115953;0.0046099999999999995;0.1484;0.01799;-0.00035762656426233027;-6.768217341363789
5119;0;Normal;0.00027;0.07041166238628371;0.00058;0.04449;0.00697;0.0005349340874321318;-7.840245153830186
5120;1;Normal;0.00025;0.04951433226854625;0.00049;0.03055;0.00801;-0.00044276497673329294;-7.722822379321918
5121;10;Normal;0.003685;0.10945053220519305;0.00185;0.00097;0.00044;-0.0010784355973336172;-5.3008152852751875
5122;7;Normal;0.000725;0.128724634782935;0.0019299999999999999;0.07946;0.00889;0.0007011678069152836;-6.950017415004399
5123;2;Normal;0.0007700000000000001;0.23908111782405572;0.00202;0.13789;0.00694;0.0001437084385890514;-7.038746275573568
5124;10;Normal;0.000705;0.1719994703480217;0.00147;0.00153;0.00055;-0.0007165089790337627;-6.710832258853791
5125;5;Normal;0.00023;0.02492862812109804;0.00041;0.01496;0.00252;0.0001946605237705511;-7.995374135231898
5126;5;Faulty sensor;2e-05;0.0;0.0;0.0;0.0;-0.014700634899907273;-7.2760426709137285
5127;1;Normal;0.000665;0.04570993983807023;0.00155;0.02375;0.00239;0.00014794430344239207;-7.401350933756625
5128;6;Unbalance;0.000955;0.32951022184448236;0.00271;0.19648;0.01883;0.0009242185748043509;-7.20663256739614
5129;4;Normal;0.00161;0.14648509855954633;0.00201;0.09681;0.01203;-0.0013172266096357751;-6.41777033794252
5130;2;Normal;0.000655;0.06456323644304086;0.000705;0.0373;0.01913;0.000876256300976521;-7.687279781198561
5131;1;Normal;0.00029;0.048588120976222164;0.00045;0.03009;0.0021;-0.0001975638315370083;-7.7496410988849505
5132;5;Normal;0.00057;0.10884300988120459;0.0007;0.07412;0.00271;-0.0006937001972705914;-7.30071198270447
5133;7;Normal;0.000955;0.22468594971648762;0.00178;0.13419;0.00309;-0.00026443771797459017;-6.81046052417299
5134;5;Normal;0.00072;0.1298797239756845;0.000725;0.08388;0.00323;-8.695714793420158e-06;-7.409618578590162
5135;4;Normal;0.001465;0.1431407363401488;0.000895;0.09264;0.00355;-0.001042846703735245;-6.506220991282179
5136;4;Normal;0.00046;0.1136655598675342;0.001665;0.07446;0.01245;-0.0008048878922370549;-7.165201462035912
5137;3;Normal;0.00173;0.07225051210891173;0.001435;0.04075;0.01367;-0.0022904434958422137;-5.467182240258021
5138;8;Normal;0.001605;0.1943828793901356;0.00185;0.11635;0.01444;0.0003486421613644507;-6.42693510039424
5139;7;Unbalance;0.00126;0.35440419565800857;0.0023550000000000003;0.23522;0.00532;-0.0002896781175904258;-6.090203985160502
5140;3;Normal;0.00145;0.06849150093259747;0.00084;0.04134;0.00223;7.371850881891013e-05;-6.737358527705528
5141;8;Unbalance;0.00189;0.3832758689247211;0.00358;0.22605;0.00912;0.00037881326392384933;-6.236315736976345
5142;3;Normal;0.00771;0.07243561969086756;0.00092;0.04135;0.00327;-0.0018928663191033921;-4.968644109963744
5143;10;Normal;0.00217;0.05617611681132828;0.00071;0.00187;0.00071;-0.0008610585405926837;-5.597039363612512
5144;1;Normal;0.00066;0.10498916039287104;0.001485;0.06501;0.00033;-0.0005214022666029696;-6.684996009526883
5145;8;Unbalance;0.00169;0.29094430016757505;0.00193;0.1658;0.01989;-0.00044988952440419555;-6.349401127264051
5146;7;Normal;0.0007;0.06580493902436198;0.00037;0.04022;0.00878;9.696717013977664e-05;-7.332554475411639
5147;1;Rubbing;0.00839;0.03622627499481558;0.00101;0.02025;0.00725;-0.0020147414344087954;-4.217223048951567
5148;4;Normal;0.001695;0.11052626068043739;0.00227;0.06722;0.01734;-0.0008149234254849787;-6.381358639367564
5149;1;Normal;0.00063;0.16572695646755842;0.001785;0.09238;0.00084;-0.0011091810457306373;-6.915638045829723
5150;0;Normal;0.00041;0.0825760189159056;0.000635;0.05542;0.01033;0.0006663920122517493;-7.946027642014785
5151;9;Normal;0.00321;0.08946581414149206;0.00234;0.04177;0.00829;-0.00041359040735983426;-5.867219451140589
5152;7;Normal;0.000835;0.033953811273552195;0.00048;0.01956;0.00893;0.0014578896724145745;-7.175755255819296
5153;1;Normal;0.00027;0.13510809894303152;0.000925;0.08083;0.00087;0.0007160133820059884;-7.612717763435134
5154;1;Normal;0.000635;0.2214922901592739;0.00241;0.14806;0.0024;0.0008194543217002757;-7.258331821168782
5155;8;Normal;0.0023;0.03770207156112248;0.0008049999999999999;0.02021;0.01354;-0.0003928935524223756;-6.10607475383736
5156;4;Normal;0.01827;0.023232137224112638;0.001095;0.01331;0.00288;-0.002407950272860145;-3.6968348139718836
5157;5;Normal;0.000455;0.07491647148658297;0.000635;0.04975;0.00061;-0.0015807499293302558;-7.036579398462336
5158;1;Normal;0.00116;0.1975076044105644;0.0015300000000000001;0.13333;0.01229;0.0004706863884421204;-6.904781203402045
5159;6;Unbalance;0.00273;0.3151432207743013;0.004399999999999999;0.20252;0.00633;-0.00026212403439413535;-5.660871730411408
5160;4;Normal;0.00098;0.22949406353977875;0.00418;0.15204;0.0101;0.00011316790491982814;-6.980459767914867
5161;5;Unbalance;0.000815;0.3508939060456878;0.001555;0.20153;0.00449;-0.0016149385839068415;-6.784516521881656
5162;1;Normal;0.00049;0.154458383715485;0.000995;0.1027;0.00239;-0.0009360231224462246;-7.188523172850357
5163;10;Normal;0.00253;0.12148369561385594;0.00047;0.00049;0.00043;-0.0010568151623277556;-5.84687090638293
5164;1;Normal;0.00027;0.1896904831561141;0.00122;0.1093;0.00558;-0.00017996851219160716;-7.785852751201975
5165;4;Normal;0.056194999999999995;0.16641286188272827;0.003855;0.10919;0.01041;-0.003467045074669847;-2.010931561437392
5166;8;Unbalance;0.001165;0.44594734218290843;0.003085;0.25282;0.02103;-0.0004117496605693744;-6.143602412013549
5167;9;Normal;0.003615;0.1222431139164902;0.00118;0.07002;0.01761;-0.00016654114483371398;-5.685041013772825
5168;5;Normal;0.001115;0.17007105338651843;0.00105;0.10668;0.00626;-0.0004300710309852064;-6.730326858130753
5169;9;Rubbing;0.0033;0.06744383885871266;0.00054;0.03848;0.01828;-0.0004005969875397948;-5.591264194546091
5170;9;Normal;0.0027749999999999997;0.25450388680725483;0.0016250000000000001;0.15104;0.02129;-0.0006821366286332739;-5.503423003491239
5171;8;Normal;0.002405;0.2971616920129511;0.00268;0.16593;0.00532;-0.0008868551051439885;-5.745062969151215
5172;10;Normal;0.0031149999999999997;0.09370327902480254;0.001765;0.0013;0.00031;-0.00035227269013872643;-5.673099388342153
5173;10;Normal;0.00156;0.1939159998556076;0.00129;0.00142;0.00025;-0.0008958302670624455;-5.438138437821681
5174;1;Normal;0.0014299999999999998;0.16136416578658347;0.00167;0.10845;0.01184;0.0006101426927503306;-6.654582354247059
5175;0;Normal;0.00025;0.1374320493916903;0.00098;0.07925;0.01819;0.00019375657439465064;-7.900922021602495
5176;3;Normal;0.00326;0.06985314667214355;0.00076;0.04082;0.00537;-0.0027181352536290995;-5.058654281586626
5177;3;Normal;0.00403;0.08683585780079563;0.000925;0.05733;0.00398;-0.0012389768634726015;-5.280909608578095
5178;10;Normal;0.00306;0.07813416282267316;0.001385;0.001;0.00029;-0.0011332198393660701;-5.160615346867161
5179;5;Normal;0.001015;0.06825172964841258;0.00068;0.03929;0.00295;-0.00023718886670351142;-6.969407923434282
5180;4;Unbalance;0.001885;0.24994315873814188;0.001935;0.16595;0.02597;-0.001631448389764533;-5.895116943319927
5181;3;Normal;0.000865;0.0585384685484682;0.0008749999999999999;0.03907;0.00131;-0.0009274931260038854;-6.8034404007517555
5182;4;Normal;0.001055;0.07773780032905483;0.0028;0.04412;0.00882;-0.00014375491411448827;-6.70784004289221
5183;1;Normal;0.00037;0.11097874346017801;0.0008500000000000001;0.07393;0.00494;-0.0007662581926629928;-7.411011389428259
5184;5;Normal;0.00049;0.11067760478073241;0.00062;0.06346;0.00588;-0.00018988989349474287;-7.698295592794307
5185;7;Normal;0.0011099999999999999;0.19210198203037884;0.001355;0.11594;0.00222;5.189269439537895e-05;-6.448325666285603
5186;4;Normal;0.001045;0.1509746077987951;0.00262;0.09349;0.02261;-0.0007162843402599907;-6.541575042689811
5187;10;Normal;0.0010400000000000001;0.06887020110323477;0.001;0.00136;0.00041;-9.789684612582389e-05;-6.690825429116984
5188;7;Normal;0.00063;0.18621123999372324;0.001;0.1131;0.00326;-6.362778750284151e-05;-7.151707366452922
5189;5;Unbalance;0.00066;0.27096202852060286;0.001245;0.16931;0.00371;-0.0008341622945880401;-7.170697546080869
5190;9;Normal;0.001;0.2309727425476868;0.00258;0.13644;0.02775;7.894457389580541e-05;-6.537419322439384
5191;8;Faulty sensor;0.003955;0.007876985463995729;0.00012;0.00423;0.00165;-0.0031279699636907626;-4.709424619367903
5192;4;Normal;0.00152;0.16891248532894185;0.00297;0.10487;0.01772;-0.0013807628350544763;-6.015014793798896
5193;5;Normal;0.00039;0.07619671515229512;0.00068;0.05091;0.00393;-0.00042920188555614375;-7.5794102728674675
5194;4;Normal;0.0005;0.21445864682963942;0.001755;0.14499;0.01612;0.0004661069133871188;-7.596726347135253
5195;6;Normal;0.004175;0.16357449709536018;0.0016;0.1051;0.00869;-0.00017284626161604368;-5.293941680983774
5196;1;Normal;0.000455;0.053116442840235464;0.00131;0.03221;0.0043;-0.0009573556620731726;-6.875076192998011
5197;7;Normal;0.001005;0.20062271057883752;0.00169;0.1205;0.00688;8.535026132638486e-05;-6.792473168665469
5198;4;Normal;0.00058;0.07066256151598241;0.0008;0.0467;0.00407;-0.0011146793600816387;-6.75790465233406
5199;5;Normal;0.000705;0.10766792094212647;0.00059;0.06766;0.0036;-0.0006564237696884535;-6.823356436672413
5200;5;Faulty sensor;1e-05;3.0000000000000004e-05;0.0;2e-05;0.0;-0.011085912188318059;-14.301873033366153
5201;2;Normal;0.00083;0.07625552570142048;0.0012100000000000001;0.04604;0.00507;-0.0008490177172427885;-6.642844139264003
5202;2;Normal;0.00057;0.2272560294029622;0.00131;0.13847;0.00646;-0.0007661298970052364;-7.186819923148168
5203;10;Normal;0.00077;0.08317833431849905;0.00081;0.00053;0.00092;0.0007307977662020223;-6.955376932376846
5204;10;Normal;0.0030800000000000003;0.0768569033984586;0.0008049999999999999;0.00071;0.00364;-0.0003399428387768495;-6.0808419003816985
5205;4;Normal;0.00476;0.2836969686126378;0.00162;0.16481;0.00895;-0.0025232153859062727;-4.550523217231869
5206;5;Normal;0.000545;0.24914554260512067;0.0011350000000000002;0.14638;0.00193;-0.0010052653626827664;-7.262907503062509
5207;2;Normal;0.001135;0.0997867135444394;0.00133;0.06275;0.0067;-0.000313227683673238;-6.634579255437976
5208;3;Normal;0.0030150000000000003;0.0834603378857287;0.000785;0.04823;0.00337;-0.0020801640364401645;-5.144728363559141
5209;7;Normal;0.00136;0.06502007305440374;0.001105;0.04269;0.00881;-0.0002495078900222567;-5.965724320686605
5210;1;Normal;0.0014299999999999998;0.2320617577284116;0.0036550000000000003;0.14806;0.00115;-0.0011147143891263073;-5.897896244154836
5211;2;Normal;0.0007999999999999999;0.1676370349892887;0.0009;0.09508;0.00578;-0.0005826010298640031;-6.993806524418846
5212;4;Normal;0.00152;0.09850203145113301;0.00124;0.06497;0.01736;-0.0024109789838106677;-5.960112721612498
5213;8;Normal;0.001325;0.24702865764926954;0.00283;0.14674;0.01075;0.0009353820265713575;-6.72069804365683
5214;8;Normal;0.00231;0.0847873351391586;0.00132;0.04538;0.00556;0.0005204101481895476;-6.324654363195605
5215;6;Unbalance;0.001565;0.32025907262714665;0.00304;0.19255;0.01612;-1.2564336991178249e-05;-6.13674412345508
5216;8;Normal;0.002035;0.19339985263696557;0.00233;0.11241;0.00213;0.0009129322398119545;-6.6967593009199975
5217;9;Normal;0.0009350000000000001;0.14546780812262208;0.0019450000000000001;0.08919;0.00462;0.00024680075232405427;-7.22307578863076
5218;1;Normal;0.00035;0.16977452370718052;0.00159;0.10183;0.00563;0.0009574237974121413;-7.7245116209450115
5219;10;Normal;0.001535;0.10639364125736088;0.00048;0.00055;0.00652;-0.0008029970908611296;-6.345604858781972
5220;3;Normal;0.001675;0.10240116210278083;0.00141;0.06053;0.00322;-0.00199278091991498;-5.737880561102471
5221;1;Normal;0.00029;0.012518166798697005;0.00023;0.00711;0.00165;-0.0006286597793874286;-7.383967523523232
5222;7;Normal;0.00065;0.08870943072751622;0.000855;0.05162;0.00369;0.00019474730580358086;-6.976770996950049
5223;3;Rubbing;0.007325;0.05459282095660564;0.00105;0.0307;0.00558;-0.001229403274590715;-4.75394039159794
5224;10;Normal;0.00324;0.025448579528138695;0.00065;0.00075;0.00033;-0.000801506681222256;-5.338399978661404
5225;1;Normal;0.001445;0.043934511491537036;0.000495;0.02571;0.00823;-0.0005372972564946988;-6.5161105617848865
5226;9;Normal;0.002695;0.05096859130876583;0.00102;0.03148;0.01152;-0.000137666300778785;-6.082013037828935
5227;8;Unbalance;0.0026449999999999998;0.30252532736946175;0.00252;0.18323;0.00639;-0.0010848761693461482;-5.6011701869634996
5228;7;Normal;0.00063;0.0261889442322519;0.0005;0.0141;0.00648;-0.0006521860845720896;-6.881625649522122
5229;10;Normal;0.0030800000000000003;0.0560238583105448;0.0019450000000000001;0.00171;0.00077;-0.0009508191042766775;-5.746112657960023
5230;7;Normal;0.000955;0.23827323202575654;0.00347;0.14369;0.01459;0.00025084245252640684;-6.7291444470845905
5231;2;Normal;0.000585;0.2740828522545692;0.00155;0.15539;0.00753;-0.0008278909043039917;-7.088380551997218
5232;1;Normal;0.000375;0.17151309745905707;0.001065;0.10315;0.00877;0.0006459084028405783;-7.6727971415702925
5233;8;Normal;0.001445;0.12409658335345095;0.00234;0.05573;0.00127;-0.00043703282655093025;-6.091691533267325
5234;7;Normal;0.000965;0.13489001853361873;0.00093;0.08998;0.01073;-0.0004642224133875395;-6.783130663152683
5235;4;Faulty sensor;0.01124;2.0743790040154186;0.008490000000000001;0.02075;0.00073;-0.0019128394582998438;-4.1513442560431475
5236;1;Normal;0.0022449999999999996;0.11864970501438259;0.00148;0.07967;0.00666;-0.0005093438030530535;-6.112422986314841
5237;4;Normal;0.002025;0.10138459942220021;0.0026;0.06551;0.01944;-0.0011944636949285867;-6.07134077817735
5238;4;Normal;0.00078;0.24922178295646633;0.004405;0.16549;0.02126;-0.00023185456611101755;-7.194906507071353
5239;8;Unbalance;0.00225;0.32887601888857754;0.00294;0.18567;0.01557;-0.0005933282021205801;-5.975493620294443
5240;1;Normal;0.00122;0.16808853768178245;0.00098;0.10706;0.00358;-0.0009529066468528182;-6.391391967311215
5241;4;Normal;0.00532;0.07717882028121446;0.001145;0.04917;0.02025;-0.0011183828625820668;-5.238076274975277
5242;7;Normal;0.0013;0.14084727686398485;0.00109;0.08358;0.00427;-0.0007622365546103745;-6.425337557151666
5243;7;Normal;0.002895;0.07657217053211957;0.00042;0.05069;0.00843;-8.140883629693579e-05;-6.50436067149599
5244;2;Normal;0.001235;0.16341391556412813;0.001485;0.1032;0.00405;-0.0008024402563841048;-6.491800435487418
5245;10;Normal;0.00193;0.14206660163458545;0.0008849999999999999;0.00086;0.00054;-0.0012988701769103635;-5.764987911822015
5246;7;Normal;0.000585;0.14438743123970313;0.00116;0.08747;0.01046;0.00016861272601322543;-7.111363645746201
5247;9;Normal;0.001585;0.10967483941178122;0.001;0.06321;0.01544;-0.0006203414809665954;-6.038808356049468
5248;5;Normal;0.00055;0.039414871558841845;0.00035;0.02651;0.01;-0.0003911765972554613;-7.437310175008783
5249;3;Rubbing;0.02094;0.08201321905644236;0.00133;0.0281;0.00146;-0.001697142295251067;-3.647183034653269
5250;10;Rubbing;0.00342;0.0836164248219212;0.000825;0.00072;0.00053;-0.0011206815226961057;-5.0060680760999405
5251;4;Normal;0.001245;0.14870290615855497;0.004235;0.09158;0.00521;-0.0004259198580834277;-6.805199979710846
5252;5;Normal;0.00062;0.10606527848452575;0.0008849999999999999;0.06253;0.00468;-0.0004982132400879872;-7.1318892965764125
5253;10;Normal;0.002025;0.14966789535501593;0.000895;0.00087;0.00044;-0.001347720700548247;-5.728831573483829
5254;8;Unbalance;0.002215;0.3246444664552285;0.0033699999999999997;0.17721;0.01755;-0.0008171568470942318;-5.832506692116567
5255;9;Normal;0.001275;0.14591976459684958;0.00119;0.09083;0.01509;-0.00013962131688181615;-6.615327028151403
5256;4;Unbalance;0.00057;0.28403505347051794;0.0026;0.16388;0.01518;0.0004126291231758114;-7.317701155921538
5257;4;Normal;0.00066;0.1538702635339265;0.00143;0.09756;0.01765;-0.0005640078784979772;-6.744364004215212
5258;7;Normal;0.0011250000000000001;0.06560996189604136;0.001755;0.0403;0.00389;5.165881663905421e-05;-6.680618694753359
5259;9;Normal;0.0015300000000000001;0.08491988400839935;0.00112;0.04888;0.01154;-0.0007296641493352002;-6.012318468300559
5260;5;Faulty sensor;0.00021;0.0002501999200639361;0.0;0.00016;0.0;-0.004083014000706436;-7.459735345107301
5261;4;Unbalance;0.0021850000000000003;0.332972647675451;0.004265;0.20865;0.01505;-0.0012006216590157465;-5.864244970625144
5262;6;Normal;0.001735;0.12096192748133605;0.0024850000000000002;0.06704;0.00633;-0.0006561666116207017;-5.884313074232984
5263;5;Normal;0.000755;0.08734013624903501;0.00056;0.05826;0.00298;-0.0006661790500103533;-7.170740790331717
5264;5;Normal;0.00044;0.14502404111043107;0.000735;0.09314;0.00693;-0.00076499975699785;-7.346854475576209
5265;0;Normal;0.00058;0.255700454047309;0.0018;0.16253;0.00314;0.0004760902064317774;-7.434905206190938
5266;2;Normal;0.00096;0.11557068789273515;0.00125;0.07274;0.00257;-0.0003146066830731726;-6.858878894418032
5267;1;Normal;0.00037;0.16982234923590006;0.00134;0.10184;0.00207;0.0002771615707880547;-7.479502450734882
5268;8;Faulty sensor;0.00414;0.005598535522795225;0.00011;0.00336;0.00133;-0.003081798259589937;-4.75156770558642
5269;4;Misalignment;0.00111;0.30636875656633134;0.002855;0.17397;0.02587;-9.793462770145e-05;-6.77404181515841
5270;5;Rubbing;0.00861;0.08320242183975175;0.00067;0.05254;0.00156;-0.0027038703152987417;-4.120418016909412
5271;2;Normal;0.00081;0.0840315500273558;0.00077;0.05092;0.00286;-0.0005407139639741608;-6.980163573259099
5272;4;Normal;0.00084;0.22968128199746712;0.00293;0.15379;0.01218;-0.0011164748331267728;-6.610507803170432
5273;2;Normal;0.001305;0.03394275622279369;0.00041;0.01922;0.0004;-0.0014595849415528276;-6.133987154772649
5274;4;Normal;0.00068;0.09923260704022646;0.0019950000000000002;0.05961;0.01487;0.0002846921715657932;-7.41436013951954
5275;4;Normal;0.0006850000000000001;0.17999759998399978;0.0025250000000000003;0.12162;0.02002;7.825220963626349e-05;-7.1990881521504955
5276;3;Normal;0.0027549999999999996;0.17344239879568085;0.001605;0.11422;0.0081;-0.0007269571833656151;-5.737570580298384
5277;4;Unbalance;0.00129;0.282038124550565;0.004739999999999999;0.17532;0.01538;-9.311167623943725e-05;-6.610066788659003
5278;1;Normal;0.0010500000000000002;0.17352251871154936;0.001565;0.11696;0.0147;0.0006586414312180403;-6.876389985783888
5279;8;Normal;0.00159;0.18501634846683143;0.0018;0.10486;0.01883;-0.0007954365703515142;-6.356785402729776
5280;8;Normal;0.00103;0.1940444034235463;0.00149;0.11836;0.01006;0.0003029398366223367;-6.853791443417542
5281;2;Rubbing;0.013165;0.11695589040317722;0.001505;0.067;0.00391;-0.0017105123954864728;-3.777499409981787
5282;4;Normal;0.03175;0.10278972127601087;0.001095;0.06901;0.00722;-0.0035633224943435876;-2.747821596877947
5283;2;Normal;0.00139;0.10874291701071845;0.00094;0.06816;0.00471;-0.0011054513568049995;-6.337175311242634
5284;4;Misalignment;0.00197;0.08842578074294849;0.00132;0.05719;0.04072;-0.0009653640084358211;-6.184895735881165
5285;3;Normal;0.00125;0.04729671764509668;0.00038;0.03086;0.01042;-0.0002790422296900359;-6.9173838194142006
5286;1;Normal;0.001665;0.07410952705286952;0.0008849999999999999;0.04434;0.00371;-0.0017561456566212513;-6.106865567169165
5287;5;Normal;0.00094;0.19745593938901915;0.0009500000000000001;0.12755;0.00206;-0.0018638122762872512;-6.395580986920223
5288;1;Normal;0.00021;0.05179563205522257;0.000535;0.03224;0.00319;-0.00012198415875874153;-7.998965230149555
5289;10;Rubbing;0.00252;0.14245864908807748;0.00156;0.00181;0.00029;-0.0007238736576737306;-5.519423876184058
5290;6;Unbalance;0.0036550000000000003;0.5727453815614753;0.004280000000000001;0.36716;0.00421;-0.0003958538271241259;-5.913347333714256
5291;1;Normal;0.00372;0.04417401272241407;0.001255;0.02182;0.00172;-0.0016543385057866508;-5.5055109951452526
5292;1;Normal;0.001495;0.20032887909634997;0.001645;0.1354;0.00992;0.0004143138837689572;-6.66066611080566
5293;8;Normal;0.00093;0.1261021411396333;0.00129;0.07627;0.0065;0.001387071788138575;-7.225922621280513
5294;5;Normal;0.00041;0.041846901916390414;0.00051;0.02773;0.00114;-0.00048709972485546824;-7.547978368592843
5295;10;Normal;0.00219;0.2954247445628074;0.00231;0.00172;0.00071;0.000522826841591693;-6.209317288431092
5296;10;Rubbing;0.00359;0.022714931212750786;0.00055;0.00151;0.00066;-0.000811060620427907;-5.345266704855742
5297;6;Normal;0.0014;0.1766765833380304;0.001185;0.10204;0.00474;-0.0005707450859392445;-6.202579465528652
5298;3;Normal;0.00136;0.20077647247623412;0.00164;0.12254;0.00489;-0.0004467694067348542;-6.354955048593936
5299;5;Normal;0.00051;0.1600139993875536;0.0007999999999999999;0.10018;0.00437;-0.0003913893262902964;-7.539096790592571
5300;4;Normal;0.00345;0.09051033863598124;0.00117;0.05171;0.01881;-0.0011262067196619614;-5.438170026429029
5301;8;Normal;0.00194;0.02842616576325411;0.001175;0.01475;0.00032;0.0008619227354904341;-6.669701884062492
5302;10;Normal;0.00075;0.14909704826052056;0.00119;0.00132;0.00044;-3.4965017824847685e-05;-6.917673105476555
5303;10;Normal;0.00139;0.11603837210164576;0.00103;0.00074;0.00084;-0.0012605427413977784;-5.815516898952992
5304;5;Normal;0.000745;0.1579385861656359;0.0008849999999999999;0.09836;0.00201;-0.0002490037230387789;-7.136692595703683
5305;6;Normal;0.001865;0.1734396520407026;0.001595;0.10689;0.01495;7.907229187678774e-05;-6.427357972202342
5306;5;Unbalance;0.0237;0.2888266360639198;0.001465;0.19682;0.00523;-0.003627391496552542;-2.828807973455493
5307;3;Rubbing;0.0064150000000000006;0.07784998587026205;0.00086;0.04625;0.00706;-0.001401198251906506;-4.867143981383783
5308;4;Normal;0.007;0.2426105496469599;0.001455;0.15697;0.0138;-0.002806643914348386;-4.352615987381354
5309;9;Unbalance;0.00299;0.316339075992834;0.00216;0.18165;0.017;-0.00015936593856222747;-6.078700975093779
5310;1;Normal;0.00246;0.1295475244842602;0.00106;0.0748;0.00596;-0.0021696991037679645;-5.354802413176444
5311;1;Normal;0.00025;0.14979516414090277;0.001385;0.09913;0.00894;0.00019700013851716173;-7.593456928906815
5312;3;Normal;0.0013;0.16891170918559792;0.00141;0.09842;0.0135;-0.0009492453198946229;-6.360976116569182
5313;10;Normal;0.00119;0.045620720073229884;0.00069;0.00085;0.00079;3.502326403389371e-05;-6.68825025774325
5314;6;Normal;0.00387;0.1780928283227598;0.0012799999999999999;0.11245;0.00708;-0.00034702947812426045;-5.837336434081472
5315;0;Unbalance;0.0004;0.5049237043356154;0.005665;0.29064;0.00607;-0.0001901558484030855;-7.596891932714063
5316;4;Unbalance;0.001325;0.3674371248254591;0.00213;0.23788;0.02126;-0.000974313645769504;-6.493576455662475
5317;10;Normal;0.00119;0.14534950154713294;0.0013;0.00117;0.0002;0.00011204284618536795;-6.585433181498748
5318;5;Normal;0.00047;0.10633646317232862;0.00084;0.06809;0.00129;-7.824179264214377e-05;-7.573153515082412
5319;1;Normal;0.00034;0.024110765230494036;0.00051;0.01359;0.00348;0.000588456771953545;-7.657860334569467
5320;9;Unbalance;0.0043300000000000005;0.31384157356857617;0.00304;0.1942;0.02279;0.00027843820546919596;-6.000624052101913
5321;0;Normal;0.0022;0.18605824437524934;0.001865;0.11079;0.00545;-0.002203796386909673;-5.593650346608092
5322;4;Normal;0.00167;0.25845979145700787;0.0018;0.16211;0.01466;-0.0013842819396183187;-5.944475377240209
5323;5;Normal;0.00078;0.05007982128562361;0.0009350000000000001;0.03092;0.00149;-0.0010278688948165326;-6.413617072245558
5324;4;Normal;0.000905;0.11084401968532177;0.001805;0.0724;0.02446;-0.0005360767232705874;-6.78959443922737
5325;7;Normal;0.0014299999999999998;0.20564117486534647;0.00229;0.12445;0.01155;7.022663924232803e-05;-6.212978901954958
5326;4;Normal;0.00059;0.07835368019435973;0.00102;0.04954;0.00763;-0.0003447140695524258;-7.453718003485403
5327;5;Normal;0.0005;0.07601361457002291;0.000585;0.04728;0.00456;4.1981360608788785e-06;-7.51384822108169
5328;3;Normal;0.001875;0.05242145076206877;0.00075;0.03088;0.00601;-0.002565658145628336;-5.468995539832542
5329;4;Normal;0.000645;0.21966921723354868;0.0018;0.13959;0.0133;-0.0013797693811048307;-6.854842413334356
5330;10;Normal;0.00159;0.03278786360835363;0.00054;0.00032;0.0004;-0.0019037984788472268;-5.413296332825192
5331;5;Faulty sensor;3e-05;2.8284271247461902e-05;0.0;2e-05;0.0;-0.010180884168434838;-7.710220363758506
5332;10;Rubbing;0.00278;0.10514751542475932;0.00075;0.00047;0.00027;-0.000864808088606116;-5.268194048608494
5333;7;Normal;0.00095;0.07866475640336021;0.00065;0.04865;0.00645;-0.0006281919984727325;-6.748205663949019
5334;2;Normal;0.001045;0.07574967788710392;0.000675;0.04797;0.00991;-0.0002465231842799919;-6.709879243271206
5335;2;Normal;0.00043;0.04786217817859944;0.00073;0.02563;0.00509;0.0007582878326256183;-7.761675580469111
5336;5;Unbalance;0.000675;0.282112595961258;0.00131;0.18131;0.00618;-0.0010937460279018436;-7.008282633403471
5337;3;Normal;0.00111;0.028361383957769055;0.00053;0.01849;0.0039;-0.00040805931157934084;-6.71318397662536
5338;10;Rubbing;0.005730000000000001;0.04416059555757826;0.00053;0.00063;0.00017;-0.0010323427450360705;-5.181640953706566
5339;7;Normal;0.00198;0.09434251003656835;0.00096;0.05651;0.00524;-6.53529973253706e-05;-6.2218973441011
5340;7;Normal;0.0011;0.10308955039188017;0.00136;0.06551;0.00712;0.0007957933090580344;-6.919594940793852
5341;5;Normal;0.00038;0.08638218913641862;0.00054;0.05014;0.00365;-0.0004871876793385694;-7.414428142272562
5342;7;Normal;0.0016150000000000001;0.23733199973876257;0.00133;0.13501;0.01126;-0.0003250254376368503;-6.596146209880742
5343;10;Normal;0.0025;0.1639350972183809;0.001225;0.00111;0.00036;-0.0009394361057915996;-5.767708839787254
5344;5;Normal;0.00061;0.07225399573726009;0.0005;0.0482;0.00568;-0.00027973962417448265;-7.578453348888933
5345;5;Normal;0.000985;0.10232421365444251;0.000835;0.0631;0.00262;-0.0011263838344270413;-6.688171146351962
5346;10;Normal;0.001;0.15831185994738362;0.00148;0.001;0.00098;0.00014183810965366135;-6.051663046161923
5347;1;Normal;0.001335;0.15414270174095174;0.00233;0.09982;0.00662;-0.0006532382370773112;-6.442110882260001
5348;5;Normal;0.00417;0.14971574833663961;0.000675;0.08552;0.0038;-0.0027178713386133667;-4.810761918133453
5349;10;Normal;0.00415;0.1777183400777759;0.00124;0.00126;0.00025;-0.001315459362008064;-5.173603513000622
5350;7;Normal;0.00145;0.07199953472071885;0.00111;0.04675;0.00932;0.000619331831957071;-6.972207578949022
5351;2;Normal;0.000655;0.19740868445942286;0.00139;0.12498;0.00479;-0.0005932561036029845;-7.0078830575384305
5352;5;Normal;0.0005;0.09373804883823858;0.00056;0.06048;0.0038;4.67638682729096e-05;-7.497816679986429
5353;6;Normal;0.001815;0.16562030612216605;0.00254;0.09447;0.01197;-0.0002906277863168849;-6.25583394442239
5354;8;Unbalance;0.00087;0.3560999226340832;0.00285;0.20865;0.00936;-0.0009063207114420838;-6.534670260907069
5355;5;Normal;0.00063;0.06494824708950966;0.001315;0.04293;0.00116;-0.0003714702818776629;-6.978005911431577
5356;10;Rubbing;0.004745;0.04519459702221052;0.00065;0.00068;0.00147;-0.0007206083113478301;-5.2374451834839215
5357;9;Normal;0.00091;0.0559581191606723;0.00122;0.03447;0.026;0.0009855381221224185;-6.820873999748689
5358;4;Unbalance;0.000575;0.2850755631407224;0.00181;0.16566;0.00479;-0.0005079896905032239;-7.232092043302448
5359;7;Normal;0.0011250000000000001;0.2102963149938676;0.00143;0.11783;0.00661;4.795044621400441e-07;-6.328831115179844
5360;10;Normal;0.00388;0.07139521832728016;0.00119;0.00149;0.0002;-0.0012557755415030002;-5.034022964435271
5361;10;Normal;0.001085;0.22204952240435014;0.00218;0.00151;0.00091;-0.00045163838132200216;-6.114256331439693
5362;3;Normal;0.0009350000000000001;0.18369292147494418;0.0016450000000000002;0.1066;0.0089;-0.0005234785292536377;-6.489318160821329
5363;7;Normal;0.00042;0.10352673374544377;0.000815;0.06124;0.00402;-0.00035427028521774445;-7.155806114092882
5364;3;Normal;0.00116;0.14088857192831505;0.00112;0.08137;0.00434;-0.00013412688586799242;-6.419361922488693
5365;4;Normal;0.00054;0.15355491200218896;0.002365;0.08804;0.00827;0.00010353588283007141;-7.458738509124163
5366;0;Normal;0.00051;0.10610697903531134;0.001325;0.06708;0.00309;-0.0008683672534491242;-7.06603366516279
5367;7;Normal;0.0022;0.1126734853459322;0.0011350000000000002;0.06764;0.00297;-0.00017628877753116004;-5.9919729460655695
5368;3;Normal;0.00171;0.11719435097307378;0.0009;0.06759;0.00413;-0.000916969992761336;-6.210804165680884
5369;3;Normal;0.001815;0.051759836746264956;0.000965;0.03147;0.00251;-0.00033132335505379915;-6.2940631011027595
5370;7;Normal;0.00197;0.2608113120629548;0.00199;0.14517;0.01245;-0.0006736585748144661;-5.989927503216062
5371;4;Normal;0.0849;0.16544908249972257;0.01086;0.06741;0.0187;-0.002162407360300897;-1.905719357381744
5372;7;Normal;0.000845;0.1114455777498596;0.0012799999999999999;0.06844;0.00175;0.00019437900755172916;-7.306050553037997
5373;5;Unbalance;0.00103;0.25686319043412975;0.001315;0.17168;0.0012;-0.0017502447579417543;-6.508329112533081
5374;7;Normal;0.00078;0.06471957895413102;0.00031;0.0387;0.01935;-0.00032007643486718103;-6.961432713868598
5375;3;Normal;0.001395;0.12589065533231608;0.0013;0.07983;0.00343;-0.0008498027390900594;-6.422414501040119
5376;5;Normal;0.000495;0.1552476982115999;0.00071;0.09811;0.00393;-0.00022703668707932536;-7.602672531192788
5377;5;Normal;0.000655;0.17367258476800534;0.00092;0.1089;0.00413;-0.0005747104078111221;-7.342792383782704
5378;10;Normal;0.00111;0.06378880074119594;0.0009;0.00098;0.00054;-0.0006274225773991984;-6.153135926430933
5379;7;Normal;0.000905;0.1067011921208006;0.0018549999999999999;0.06404;0.00844;-2.4808377677616497e-05;-6.502349304402925
5380;2;Normal;0.000645;0.2258620738415372;0.0013700000000000001;0.13757;0.00313;-0.0006911947475051833;-7.009046015689406
5381;3;Normal;0.000995;0.11539936135005255;0.001535;0.06622;0.01218;-0.00048042044161822095;-6.650050503876883
5382;6;Normal;0.004725;0.13223520597783328;0.0031;0.07538;0.01699;-0.0006400108140007918;-5.390055542118728
5383;5;Normal;0.000635;0.21819277760732594;0.00102;0.14484;0.00571;-0.000380795100734016;-7.251632088458793
5384;7;Normal;0.00069;0.0343424795260913;0.00047;0.02128;0.00967;0.001710674704686019;-7.487380170376202
5385;4;Faulty sensor;0.003385;1.8401483147561775;0.00643;0.01992;0.00088;-0.0022088795214296572;-5.115643373687322
5386;1;Normal;0.00027;0.0962387879183856;0.00125;0.054;0.00152;-0.0001759253006241976;-7.484552243456937
5387;0;Normal;0.00027;0.16884254321704587;0.00157;0.10464;0.00126;-0.0006026780388994937;-7.759220066712983
5388;4;Unbalance;0.00093;0.31404579888927026;0.0030499999999999998;0.18119;0.02268;1.4286467378263871e-05;-6.890156172998838
5389;3;Normal;0.00169;0.04049880862445215;0.00071;0.02377;0.00371;-0.0010043520566456261;-5.956938256391567
5390;6;Normal;0.00175;0.1588103079148202;0.001905;0.09768;0.00495;0.0009304953588240993;-6.423296746419937
5391;2;Normal;0.00067;0.06879526945946211;0.00062;0.0426;0.00937;-0.00012101125766506912;-7.021117308012769
5392;10;Normal;0.00203;0.12381057991948831;0.001435;0.00157;0.00047;-0.0004924417436954871;-6.125275579276539
5393;7;Normal;0.00116;0.08675701931256052;0.00126;0.04559;0.00738;-0.0005933854461411661;-6.353033864613028
5394;9;Normal;0.00548;0.13838871341261902;0.001115;0.07817;0.02265;-0.0007617245590458047;-5.28496503075125
5395;4;Misalignment;0.030655;0.09801360466792353;0.001645;0.06551;0.03857;-0.0035566280420660655;-2.5883881762069096
5396;5;Normal;0.000465;0.039239045605111246;0.00022;0.02621;0.00213;-0.0014663812586649286;-7.415134242015057
5397;10;Normal;0.00188;0.06612026618216234;0.00092;0.00081;0.00022;-0.0010124391951950133;-5.929718133859405
5398;0;Normal;0.00036;0.18429386804774597;0.00198;0.11838;0.00195;-0.0007459009599735269;-7.367301784611597
5399;2;Normal;0.00108;0.11146573105667948;0.001225;0.06797;0.01096;0.0005755705834476934;-7.08542785592913
5400;5;Normal;0.000495;0.11675768668486029;0.00062;0.06851;0.00365;-0.00014305340425073193;-7.757116790753518
5401;3;Normal;0.00192;0.12912677065581715;0.00125;0.08359;0.00376;-0.0012108494563216664;-5.509851157046305
5402;1;Normal;0.00188;0.16090600858886533;0.0017399999999999998;0.09029;0.00301;-0.0017761910914360747;-5.481370635335831
5403;4;Normal;0.00159;0.11679903723918277;0.0017699999999999999;0.0777;0.0153;-0.0009928326749008675;-6.368889065993167
5404;4;Normal;0.00099;0.13783242760685893;0.00177;0.09246;0.01008;-0.0009337240170809717;-6.9114393267776455
5405;3;Rubbing;0.00929;0.12274001588724029;0.001555;0.0781;0.00972;-0.001337795672590976;-5.043418871536958
5406;2;Normal;0.00102;0.07504539026482573;0.001475;0.04524;0.00457;-0.0006022956750547682;-6.702229543819265
5407;4;Normal;0.00216;0.11820285148844761;0.00163;0.07775;0.02351;-0.0012613664284844626;-6.110654771430332
5408;9;Normal;0.00267;0.15171182715925607;0.00165;0.09483;0.01455;-6.158656650867956e-05;-6.180453561425188
5409;5;Normal;0.00045;0.13936317447589947;0.000735;0.0895;0.00398;-9.951866741119566e-05;-7.739140781631829
5410;4;Normal;0.0013700000000000001;0.234618286584827;0.00224;0.15935;0.01845;-0.0010563027121120966;-6.376294936465512
5411;5;Normal;0.00076;0.05918613773511497;0.00116;0.0391;0.00066;-0.00047900340989381267;-6.999294809175864
5412;8;Normal;0.0027949999999999997;0.1360900202072143;0.0023150000000000002;0.06372;0.00569;-0.0006392070574344956;-5.809741393209603
5413;4;Unbalance;0.00065;0.30329437383505814;0.002;0.19264;0.00298;-0.000716625257010317;-7.200625167323997
5414;5;Normal;0.000435;0.12915505836009677;0.0008;0.07406;0.00111;-5.813579729149561e-05;-7.6622477375607145
5415;10;Normal;0.00393;0.08309404130261085;0.00202;0.00154;0.00069;-0.00015596901576113686;-5.723472246729733
5416;7;Normal;0.00078;0.16074551315666635;0.0019450000000000001;0.10228;0.00328;0.0007782544962125226;-6.972549957733021
5417;1;Normal;0.00041;0.060306292374842606;0.00054;0.03796;0.0078;-0.00014884445842137722;-7.404047781516038
5418;2;Normal;0.00082;0.06998561280720489;0.001045;0.04321;0.00556;-0.0010535744909675343;-6.513590348179042
5419;10;Normal;0.00096;0.1422938494805731;0.00116;0.00139;0.00045;0.000984978895054691;-6.736483305737502
5420;3;Normal;0.00119;0.24530972667222148;0.00137;0.14321;0.00576;-0.0006908923472412024;-6.307254217574688
5421;10;Normal;0.001705;0.09196847557723244;0.000905;0.0005;0.00049;-0.0008385896382130337;-6.463307213791716
5422;3;Normal;0.00124;0.18755592312694366;0.0014299999999999998;0.1194;0.00784;-0.0005985197255475723;-6.350529621769084
5423;7;Normal;0.00034;0.05261912865109038;0.00047;0.03055;0.0027;0.0005790581828254837;-7.510227940644243
5424;1;Normal;0.00023;0.05004201234962479;0.000825;0.0298;0.00688;-0.0002523261080318833;-7.963802596950865
5425;7;Normal;0.00043;0.037839787261558434;0.00055;0.02247;0.00369;-0.00018782780928816467;-7.130784696914968
5426;9;Normal;0.001635;0.24012835921648237;0.00211;0.1408;0.02371;0.0002959606264492627;-6.48034228605445
5427;5;Normal;0.000715;0.11641227942103015;0.00064;0.0726;0.00102;0.00020374129511554375;-7.483352732347006
5428;8;Normal;0.00072;0.22730181807455915;0.001955;0.13618;0.00929;-0.0007616959430009832;-6.494163199451991
5429;8;Normal;0.001155;0.09376915750927914;0.000965;0.05844;0.00462;-0.0006396369467274809;-6.3560826561590735
5430;5;Normal;0.00046;0.1394767934102301;0.001005;0.09357;0.00381;-0.001344858307140445;-6.928543819453883
5431;4;Normal;0.001415;0.09146919098800427;0.00072;0.05711;0.01328;-0.0005996387951938046;-6.269023923746838
5432;1;Normal;0.00021;0.120712108754673;0.0015249999999999999;0.06778;0.00181;0.00020526712874109949;-7.664433162652495
5433;4;Misalignment;0.01413;0.14350300345288944;0.001745;0.09703;0.03425;-0.00293201650581322;-3.5103826973952463
5434;4;Normal;0.003255;0.23862822234597483;0.0069099999999999995;0.14026;0.01;-0.0014679629494465296;-5.352272275559923
5435;0;Normal;0.00028;0.09668796460780421;0.001115;0.0558;0.00239;-0.001171379169210519;-7.494686920471517
5436;7;Normal;0.00055;0.30167314464499484;0.00185;0.18025;0.00572;-9.584653831761137e-05;-7.137138563682844
5437;1;Rubbing;0.014265;0.07881014592043337;0.001265;0.04883;0.00195;-0.0022135265668460184;-3.6948889483633023
5438;9;Normal;0.00191;0.045170137259034314;0.00186;0.02544;0.00048;-5.60902565342897e-05;-6.361589574924186
5439;4;Normal;0.00047;0.17986682517907518;0.00236;0.12024;0.00648;-0.0005810156847980175;-7.519423558243731
5440;4;Misalignment;0.002395;0.33484763087111724;0.0031850000000000003;0.2218;0.02446;-0.0015288176742571102;-5.91781942399322
5441;4;Normal;0.0013;0.09541541227705302;0.00254;0.05854;0.01188;-0.0015373676138598301;-6.111188779355988
5442;10;Normal;0.002195;0.15861979100982324;0.0011250000000000001;0.00091;0.00064;-0.001111439968488313;-5.691109949868172
5443;1;Rubbing;0.016895;0.03946882187246029;0.000435;0.02601;0.00207;-0.003284856086716994;-3.343069720441188
5444;5;Normal;0.00095;0.1540150891958317;0.000745;0.0966;0.00498;-0.0004071751290718099;-6.74968293164586
5445;7;Normal;0.0008849999999999999;0.11993568693262235;0.00186;0.07588;0.00744;0.0004764427522453338;-6.783428432594743
5446;10;Normal;0.0007;0.013519193762943114;0.00046;0.00051;0.0004;0.00039109302973915614;-6.36542506910671
5447;1;Normal;0.00085;0.16612262338405326;0.00165;0.10524;0.00727;-0.0005628575291551499;-6.839115541040903
5448;8;Normal;0.00197;0.023408419425497314;0.00059;0.01496;0.01747;-0.00039166399236526727;-6.226848337503221
5449;6;Normal;0.001595;0.25818510917556803;0.00262;0.16035;0.00976;0.0004387680114098868;-6.492436638611791
5450;5;Faulty sensor;0.112065;0.03083938715344389;0.00261;0.00449;0.00096;-0.0032166820499789873;-1.4632142611384304
5451;5;Normal;0.00079;0.1529487927379618;0.001395;0.08999;0.00384;0.0001820573938210535;-7.101206753687056
5452;1;Normal;0.00071;0.04809106049984758;0.00154;0.02896;0.00857;-0.00012929106686639268;-6.971590608285907
5453;3;Normal;0.001555;0.2031991417304709;0.0018;0.12403;0.00658;-0.0005065383386212523;-6.417422005221464
5454;1;Faulty sensor;0.19034;1.3646107511301528;0.009885;0.01554;0.0012;-0.0032049285531127207;-0.7728744909672629
5455;10;Normal;0.001235;0.11335898244074;0.001155;0.00116;0.0005;-0.0016409684999676444;-5.965581481235176
5456;6;Normal;0.001555;0.20860122626676958;0.00219;0.12837;0.0095;0.0004934495672894042;-6.781809008193544
5457;9;Unbalance;0.00187;0.391991800679555;0.003395;0.24334;0.01251;-1.7564989046457116e-05;-6.3758228417982155
5458;1;Normal;0.00079;0.10470888023467734;0.0007650000000000001;0.07055;0.00761;-0.0010392099813158742;-6.779931237077497
5459;6;Normal;0.00101;0.10346935343375835;0.001665;0.06064;0.00347;7.907444277605112e-05;-6.864889968590938
5460;5;Normal;0.000575;0.09149179034208478;0.0006399999999999999;0.0611;0.00139;-0.0001847424750165717;-7.458270438651854
5461;8;Normal;0.005115;0.17000229233748584;0.00239;0.10023;0.00458;-0.00044045251006463916;-5.214570635578274
5462;2;Faulty sensor;0.00382;0.002738466724282039;9e-05;0.00156;0.00027;-0.0031031429551562307;-4.855844624466461
5463;2;Normal;0.00106;0.11708896959150338;0.001055;0.0736;0.00682;-0.0005675187904965166;-6.46326266889941
5464;10;Normal;0.002275;0.10302154337807215;0.00048;0.00024;0.00035;-0.0015228219010557976;-5.83194466822046
5465;8;Normal;0.00089;0.10380662310276738;0.00098;0.05792;0.00722;-3.7578684553114584e-05;-6.8915535845341935
5466;10;Normal;0.000545;0.21371313225911037;0.000705;0.00069;0.00074;-0.0015242358548063987;-6.4285897510239
5467;10;Unbalance;0.00175;0.2585830618969464;0.001085;0.00083;0.00082;-0.0015192728454408195;-5.295676701581
5468;0;Normal;0.00044;0.2433311891229729;0.0022;0.15454;0.00568;-0.0005240819031202138;-7.357691521952139
5469;9;Unbalance;0.00132;0.3669517659039128;0.0026049999999999997;0.22005;0.01468;-9.702160959814112e-05;-6.784769904718252
5470;10;Normal;0.00442;0.09066167051185411;0.00091;0.00074;0.00027;-0.0026197819092395663;-4.9122705821721775
5471;0;Normal;0.00027;0.1788997646728469;0.00151;0.11441;0.00462;-4.7936964256656126e-05;-7.83960365406991
5472;1;Normal;0.00042;0.1648861670971825;0.00103;0.09255;0.00288;-0.0013923550671832122;-6.692279551702077
5473;6;Unbalance;0.023035;0.504029133284972;0.003615;0.29976;0.00246;-0.0021666783536739794;-3.0642564550201308
5474;5;Normal;0.000645;0.1482778847299893;0.0007949999999999999;0.10103;0.00487;-0.000531686464459411;-7.431607796266485
5475;1;Normal;0.00086;0.1482574578225325;0.001405;0.10025;0.01517;-0.0007565471126197478;-6.616353308568732
5476;5;Normal;0.000625;0.20714675401753221;0.001065;0.13305;0.00516;-0.0005829690508112769;-7.4797195448163745
5477;7;Unbalance;0.00097;0.3216256703063361;0.002145;0.1909;0.00421;-0.0004605348821404409;-6.516687774164302
5478;7;Normal;0.00099;0.030173683898390664;0.00063;0.01842;0.00957;0.0011518068800660452;-6.896710604360122
5479;6;Unbalance;0.0027;0.5060590391446437;0.00376;0.32357;0.00612;-0.00040823301227404325;-6.243323149077171
5480;4;Normal;0.000585;0.20938837193120347;0.001675;0.13914;0.01373;0.0003427420040382828;-7.458981022169261
5481;5;Faulty sensor;0.32845;0.10925437657137585;0.009085;0.01652;0.00262;-0.00303358001791913;-0.3476034895320348
5482;8;Normal;0.00139;0.12590892541833562;0.001515;0.07491;0.00569;0.0015257710792608843;-6.9612340081953805
5483;5;Unbalance;0.00107;0.3058416984323753;0.00148;0.19652;0.00291;-0.0018394438532879675;-6.398658066689981
5484;1;Normal;0.00029;0.14556952256567993;0.001155;0.0841;0.00502;2.8753497344046813e-05;-7.793376112906086
5485;4;Misalignment;0.222435;0.37199237572832056;0.01357;0.22363;0.03972;-0.002065941819568905;-0.9785067621515524
5486;4;Normal;0.03735;0.13880437601170936;0.00313;0.09189;0.0235;-0.00342135482086365;-2.446193642468606
5487;10;Normal;0.001725;0.0627143460461799;0.001425;0.00161;0.00055;-0.0009485418451765516;-5.810913631250905
5488;7;Normal;0.00029;0.1495480043330569;0.001015;0.08901;0.00412;0.0005356179259466018;-7.665315093077565
5489;9;Normal;0.005765;0.3917244957875369;0.0036750000000000003;0.22356;0.0499;-0.00032402055339549393;-5.237031637283676
5490;10;Normal;0.00066;0.08481297895959085;0.00079;0.00077;0.0007;0.0009215930453991028;-6.993120070762869
5491;5;Rubbing;0.0076;0.07720994366012708;0.00059;0.05107;0.00611;-0.0029459319137438997;-4.072452359036106
5492;2;Normal;0.00054;0.11250732509485771;0.00079;0.06952;0.00752;-0.0007289021588064585;-6.8575348922554875
5493;7;Unbalance;0.001095;0.26288392457508697;0.00156;0.17556;0.00609;-0.00032706671483791086;-6.575259423321872
5494;10;Normal;0.00077;0.13306595582642466;0.00102;0.00076;0.00054;0.0011589653142916954;-6.862356129248655
5495;5;Normal;0.0004;0.034798007126845644;0.00042500000000000003;0.02325;0.00287;-0.00035506938176649413;-7.482826504629319
5496;5;Normal;0.00036;0.060701924186964615;0.00055;0.03472;0.00212;-0.00044407992351026343;-7.5762803943518735
5497;10;Normal;0.00126;0.2074298148772254;0.0012100000000000001;0.00111;0.0009;-4.096259646259203e-05;-6.489586328470091
5498;2;Normal;0.0004;0.14889763362793917;0.00086;0.08977;0.00702;-0.0008312248809063327;-7.084913777123681
5499;8;Unbalance;0.00198;0.3078522332223692;0.00228;0.18733;0.01322;-3.421513820639261e-05;-6.035051820869617
5500;5;Normal;0.000435;0.15443341413049183;0.00072;0.08869;0.00682;-0.0007330694528752884;-7.417986580932179
5501;2;Normal;0.00063;0.07584228174310159;0.0009;0.04582;0.00963;-0.0010804188174350676;-6.81587972755439
5502;5;Normal;0.00073;0.1363313544273657;0.000865;0.08498;0.0005;-0.001102997013453535;-6.692622688020385
5503;0;Normal;0.00024;0.21742282492875487;0.0027099999999999997;0.12939;0.00796;-0.0003884013464465029;-7.8724703239524985
5504;6;Normal;0.000985;0.17612082273257754;0.00174;0.10998;0.00451;-4.61131329746192e-05;-6.967616023900187
5505;1;Normal;0.00127;0.1042204380148155;0.00124;0.05951;0.00096;-0.000874094468794764;-6.39911770905439
5506;6;Normal;0.00148;0.22437209808708392;0.002575;0.13949;0.01349;0.00032091018167374;-6.554189384878375
5507;0;Unbalance;0.00055;0.45282650562881155;0.002535;0.26146;0.01603;2.6472394007955348e-05;-7.334866391939067
5508;6;Normal;0.00348;0.041644454612829306;0.00079;0.02493;0.01376;0.0006997713548856816;-5.760520852965255
5509;4;Unbalance;0.001115;0.3068142038758962;0.00241;0.19234;0.00843;-0.0009777126660240295;-6.205036430810103
5510;10;Rubbing;0.006635;0.03996588044820231;0.000495;0.0005;0.00072;-0.0010735380405056823;-5.0298522026799235
5511;1;Normal;0.001275;0.013955199747764272;0.00048499999999999997;0.00733;0.00252;-0.00014768870105051125;-6.89666757233873
5512;1;Normal;0.00063;0.07289567476880915;0.00053;0.04907;0.00335;-0.00087285718124658;-6.9635318183632595
5513;6;Unbalance;0.03549;0.3989520632858038;0.00445;0.25878;0.00713;-0.002283338550544448;-2.6890607210545574
5514;3;Normal;0.00084;0.04601965884271634;0.000655;0.02894;0.01292;0.00020173392412161452;-6.8889663837751485
5515;5;Rubbing;0.05275;0.14791786707494126;0.00776;0.03599;0.00374;-0.0024691200563512388;-2.3898214860756695
5516;6;Normal;0.00164;0.21678151512525232;0.0020350000000000004;0.13341;0.01522;-0.00023795749624039495;-6.208359127157033
5517;5;Normal;0.000745;0.14236902858416925;0.00083;0.08381;0.00224;-0.0003789800856262348;-6.747675609436618
5518;2;Normal;0.00064;0.21756720295118012;0.0011949999999999999;0.13121;0.00988;-0.0007333709722668581;-7.143428518124364
5519;8;Faulty sensor;0.004030000000000001;0.0056303019457219165;0.00012;0.00342;0.00131;-0.003194403920576757;-4.674402415428283
5520;9;Normal;0.00259;0.13520221743743702;0.00115;0.07933;0.02848;-0.00019734888526583448;-6.008126824712735
5521;10;Normal;0.0008749999999999999;0.1701717873209305;0.001595;0.00162;0.00023;-0.00048504491019170967;-7.039160800227176
5522;7;Normal;0.00131;0.13275250995743923;0.00133;0.08265;0.01271;-0.0006143597228244933;-6.650273287668153
5523;0;Normal;0.00025;0.27070249943434216;0.0038650000000000004;0.15509;0.01005;-0.0006568850135578157;-7.7625026442795955
5524;3;Normal;0.00183;0.14109609739464804;0.0009;0.08375;0.00321;-0.0011618236921421487;-6.166481817701058
5525;5;Unbalance;0.000785;0.3336835799076724;0.0015;0.21433;0.004;-0.001338570813063796;-6.882492275563376
5526;2;Normal;0.00132;0.10338702819986656;0.00133;0.05931;0.00126;-0.0006073466138847575;-6.72718193379688
5527;6;Normal;0.00102;0.06113557229633171;0.00147;0.03649;0.00929;0.00014507461266917315;-6.827679902382627
5528;5;Normal;0.00081;0.1309007035886362;0.0007;0.08446;0.00217;-0.00041213224265940695;-7.078242942927518
5529;5;Faulty sensor;0.40829499999999996;0.08649916184565028;0.00673;0.01478;0.00264;-0.0034168579990964602;-0.08887141986929525
5530;6;Normal;0.00213;0.14046429937888133;0.00204;0.07969;0.01008;-1.9435955009378656e-05;-6.1161187503676215
5531;2;Normal;0.00116;0.07427313376989017;0.00062;0.04703;0.00899;-6.423868072222116e-05;-6.541517236339084
5532;6;Unbalance;0.00229;0.36720805097383147;0.00297;0.23481;0.00747;-0.000776534533399353;-6.392036095858688
5533;4;Normal;0.00078;0.22481655188175087;0.00239;0.15217;0.0168;0.00014017296583892732;-6.993668868810309
5534;5;Normal;0.00047;0.10386866996356506;0.0006000000000000001;0.06582;0.00646;-0.0005717886902886587;-7.606539257329
5535;9;Normal;0.00334;0.27090388941467786;0.00282;0.16374;0.02265;-0.0001537605706212387;-5.5201425917006794
5536;6;Normal;0.00223;0.02853636276752873;0.0021;0.00809;0.00346;-0.000328373414085187;-5.802422429722535
5537;5;Normal;0.00633;0.09378377045096875;0.0015;0.05989;0.00205;-0.002432153284083442;-4.50450850251095
5538;9;Normal;0.0017599999999999998;0.19925322908299378;0.002395;0.11739;0.01465;-0.0001743894973064538;-6.296315981086585
5539;4;Unbalance;0.00179;0.30679095944959006;0.00291;0.20831;0.02006;-0.0014595133889413177;-6.14196960534202
5540;5;Normal;0.00038;0.20580735555368282;0.0009649999999999999;0.13225;0.00438;-0.00035391589616204036;-7.732185732818007
5541;1;Unbalance;0.00203;0.4158667831169015;0.00597;0.26566;0.00192;-0.0017709051581342725;-5.325282175454135
5542;10;Normal;0.00309;0.09621673295222614;0.001875;0.00195;0.00065;3.7837631708463314e-05;-6.004882088739837
5543;2;Normal;0.00065;0.18695294541675453;0.00133;0.11578;0.00519;-0.0005117821863225778;-7.022744659823742
5544;0;Normal;0.0015300000000000001;0.1706325282588288;0.00119;0.10236;0.0091;-0.0022611603073286533;-5.810209973605689
5545;7;Normal;0.001015;0.13460327336287184;0.00127;0.08957;0.00223;3.2773895933936286e-05;-6.7394279965906065
5546;10;Normal;0.00139;0.01959418025843388;0.00041;0.00042;0.00057;-0.0017339947513697355;-5.826008557387237
5547;5;Normal;0.00038;0.08353999700742154;0.00046;0.04864;0.00476;0.0002099410127693966;-7.865267270022154
5548;5;Normal;0.00057;0.25238302399329476;0.00108;0.1471;0.00521;-0.0009596086040275239;-7.0769942504176
5549;3;Normal;0.0012850000000000001;0.1778043728371156;0.0015249999999999999;0.10381;0.00553;-0.0007593148867152221;-6.550410662506487
5550;7;Normal;0.000585;0.059321076355710205;0.0015;0.02857;0.00722;0.000827205494919774;-7.037375362737638
5551;1;Normal;0.00036;0.1757834741948173;0.00131;0.1138;0.00425;-0.0010299350492832828;-7.49541976117982
5552;10;Normal;0.00073;0.12497477065392039;0.00155;0.00101;0.00095;-0.000504214600054378;-7.14320959667068
5553;7;Normal;0.00099;0.20062054256730544;0.00153;0.11913;0.00441;-6.876378508940052e-05;-6.876068646012611
5554;1;Normal;0.00141;0.10145087037576364;0.0018700000000000001;0.06207;0.00206;0.0007048180538165183;-6.756963676787582
5555;4;Normal;0.00348;1.3870277966933469;0.00697;0.06479;0.00057;-0.002235359111111116;-4.932480720515961
5556;0;Unbalance;0.00103;0.3878007813297957;0.003385;0.25301;0.00312;-0.0019083905394383582;-6.324370360038915
5557;9;Normal;0.00135;0.09504739817585749;0.001395;0.06031;0.01385;0.0006893664985472656;-6.840771037178943
5558;4;Normal;0.00105;0.18392998912629774;0.00253;0.1236;0.01103;-0.000939102607266884;-6.566837076807585
5559;9;Normal;0.00611;0.13618292771122228;0.004435;0.07563;0.02515;-0.00027927349191549284;-5.321572964350412
5560;9;Normal;0.0026550000000000002;0.09718765713813662;0.001;0.06081;0.00249;-7.388287132754082e-05;-6.261366992717396
5561;5;Normal;0.00087;0.17283675737527593;0.001065;0.10219;0.00128;-0.0020909447841382135;-6.102273058092807
5562;7;Normal;0.001435;0.038929867711051884;0.0008;0.01362;0.00038;-0.00022369505081410584;-6.267177078609889
5563;8;Faulty sensor;0.00788;0.006057342651691417;0.00017;0.00351;0.00096;-0.003424909566480511;-3.9976867795277604
5564;8;Normal;0.002235;0.16556633746024582;0.001745;0.0926;0.01465;-0.0006512640899991644;-6.092889330082076
5565;8;Unbalance;0.00268;0.28833874072000804;0.0021149999999999997;0.1762;0.0151;-0.00030100796537217765;-5.914806380634657
5566;3;Normal;0.00165;0.15294414503340756;0.001215;0.1037;0.01179;-0.0009607188227067232;-6.426585977082
5567;1;Normal;0.00047;0.1574751456579736;0.001445;0.09169;0.00133;-0.0004888270871707454;-7.026813702350477
5568;5;Rubbing;0.060695;0.09658396036609805;0.001105;0.06533;0.00617;-0.0036738898961748766;-1.8669798317398376
5569;5;Normal;0.00081;0.23670965147200906;0.001335;0.15813;0.00427;-0.001102526804946193;-7.007940803335781
5570;9;Normal;0.001865;0.17123412685560083;0.00146;0.09745;0.00292;-0.0005983449153337577;-6.015307367493972
5571;9;Rubbing;0.00518;0.050950531891237404;0.0010400000000000001;0.02859;0.02294;-0.00015853194297751563;-5.194380247630293
5572;5;Normal;0.00059;0.12954312100609588;0.000745;0.08186;0.00102;-0.0007869378109909738;-7.281285285877937
5573;4;Normal;0.000575;0.08918417404450187;0.00091;0.05709;0.02663;-0.00021873881954993695;-7.294844792417476
5574;1;Normal;0.00031;0.18229715658780857;0.00126;0.10672;0.00159;0.00046330348185930125;-7.55727065669518
5575;7;Normal;0.001025;0.17390658929436803;0.00129;0.10716;0.00839;-0.0005111387775352768;-6.405233833231272
5576;7;Normal;0.00146;0.12307620688012773;0.00124;0.0795;0.00205;0.0006915165587245243;-6.84231585817104
5577;8;Faulty sensor;0.004059999999999999;0.007159071168803955;0.00011;0.00413;0.0017;-0.0031667733428561175;-4.676229333921553
5578;9;Normal;0.001715;0.1557931927267684;0.001765;0.08726;0.02148;-0.0002071810928174188;-6.272944108750557
5579;9;Unbalance;0.00234;0.3221853525534642;0.0023;0.18619;0.01475;-0.0009378668770034398;-5.677220378826023
5580;5;Normal;0.00074;0.16800247111277858;0.00084;0.1137;0.00752;-0.0006626519677534334;-6.995216628654623
5581;9;Normal;0.00175;0.10314208500898168;0.0014949999999999998;0.06812;0.01221;0.0006323247931836257;-6.599821370723666
5582;10;Normal;0.00499;0.01563897694863702;0.000335;0.00149;0.00577;-0.0009633019006950345;-5.308868416087815
5583;3;Normal;0.001175;0.0788882595827795;0.000895;0.05002;0.00735;-0.000672202492983704;-6.80648015891879
5584;9;Normal;0.00135;0.11559544022148971;0.001815;0.07055;0.00241;-0.00016876894952379037;-6.45959024619026
5585;3;Faulty sensor;0.010395;0.02323719217117249;0.00124;0.00766;0.00115;-0.0020281322091199993;-4.0610575384178
5586;6;Normal;0.0038250000000000003;0.25221406503206756;0.00328;0.13624;0.00748;0.00017394852135464424;-5.6068495921346555
5587;2;Normal;0.00058;0.06057284540121918;0.000825;0.03431;0.0024;-0.0008854220847468268;-6.773129266052325
5588;1;Normal;0.00181;0.09936790075270786;0.001185;0.06171;0.01346;-0.0006773285759679949;-6.159474126424537
5589;5;Normal;0.00073;0.10822170022689535;0.0007;0.07321;0.00278;-6.12826406962241e-05;-7.347200674119223
5590;8;Faulty sensor;0.00448;0.007246723397508699;0.00012;0.00408;0.00215;-0.003232529142846395;-4.5791911158805165
5591;5;Normal;0.0008049999999999999;0.03597341657390913;0.00063;0.02201;0.00062;0.00028073373449705326;-7.18524086732079
5592;7;Normal;0.0007650000000000001;0.06577344981069491;0.00065;0.03747;0.00423;0.00015470296828557615;-6.74616937728508
5593;5;Normal;0.00041;0.15200539003601155;0.000855;0.0925;0.00301;-0.0015932210067054972;-7.276487402464735
5594;10;Rubbing;0.006025;0.13640957407748183;0.0022250000000000004;0.00271;0.00023;-0.0021044764284414;-4.192928800681688
5595;1;Normal;0.00045;0.0682569586196162;0.00091;0.04485;0.00377;0.0010652020497265876;-7.874534418288149
5596;1;Normal;0.00048;0.052412913485132655;0.000825;0.02996;0.0016;0.0002212290494780189;-7.670708139508389
5597;8;Normal;0.00369;0.16242114671433644;0.0026750000000000003;0.0944;0.01361;-7.86346039750724e-05;-5.479838195082598
5598;2;Rubbing;0.004135;0.05440259185002127;0.00066;0.03422;0.01078;-0.001134003196174623;-5.183931014894709
5599;4;Normal;0.0007199999999999999;0.12789190396581013;0.002345;0.08403;0.01139;-0.00019049111354713338;-7.245521258622203
5600;10;Normal;0.0014;0.1706743407779857;0.0009400000000000001;0.00093;0.00032;-0.0008249274637293712;-6.1281959426501915
5601;5;Normal;0.00103;0.19707907194829188;0.00113;0.13338;0.00311;-0.001726981006899898;-6.382262719983971
5602;4;Unbalance;0.00111;0.26813497757659294;0.00201;0.18125;0.02164;-0.0012844265475764757;-6.332696797561745
5603;4;Normal;0.061365;0.16277491852248;0.0091;0.08605;0.01378;-0.0014835618505955554;-2.375114784522756
5604;5;Unbalance;0.000675;0.282112595961258;0.00131;0.18131;0.00618;-0.0010937460279018436;-7.008282633403471
5605;1;Rubbing;0.050435;0.10884415326511572;0.00204;0.06995;0.00568;-0.002498625009461104;-2.3395295755280925
5606;3;Normal;0.00056;0.07044611557779464;0.000495;0.04592;0.00518;0.00045536806273292014;-7.198115286747024
5607;10;Normal;0.00093;0.207564209342555;0.000905;0.00079;0.00041;-0.0017536214495422428;-5.897707224297623
5608;0;Normal;0.00027;0.1594794927255539;0.00169;0.09419;0.00756;-5.567020683191212e-06;-7.850103875641727
5609;1;Normal;0.00067;0.05093449911405826;0.000845;0.03229;0.00165;-0.0007319992256378675;-6.76694150888708
5610;3;Unbalance;0.00171;0.3188238739492386;0.0021650000000000003;0.19452;0.00691;-0.00020477689924549013;-6.420330754494154
5611;3;Rubbing;0.00888;0.06612958566330202;0.00162;0.03789;0.00222;-0.002124898752369449;-4.4631765449640115
5612;5;Normal;0.00048499999999999997;0.10291474918591599;0.0006050000000000001;0.06152;0.00365;-0.0012822271582576378;-6.886911922744781
5613;2;Normal;0.00039;0.2293869080832644;0.001215;0.13003;0.00356;-0.0007896708190697449;-6.7883398181266115
5614;2;Normal;0.0005200000000000001;0.1501524978147217;0.00094;0.09041;0.00421;-0.0012586753380218994;-6.531459927253375
5615;4;Normal;0.0009;0.0803962517783012;0.00167;0.0483;0.02141;1.6996577625725108e-05;-7.204333710411019
5616;3;Normal;0.001045;0.11726640993907844;0.00102;0.06834;0.00886;-0.0009149004167623985;-6.365457520869887
5617;6;Normal;0.0025;0.1714547199700259;0.0026550000000000002;0.10026;0.01027;0.0002746261355350548;-5.968233689801785
5618;6;Unbalance;0.00109;0.3691876556712047;0.003955;0.23062;0.00942;-0.0007365886290975318;-6.626649412149681
5619;9;Normal;0.0023049999999999998;0.2878439506051847;0.0029449999999999997;0.16456;0.01728;-0.0005349827899657015;-5.888386447429082
5620;8;Faulty sensor;0.006370000000000001;0.003481996553703062;0.00014;0.00194;0.00046;-0.0032172300392619636;-4.251920796558842
5621;0;Normal;0.00028;0.05124378401328302;0.00043;0.03434;0.01861;0.00026206187847668236;-7.886495297901274
5622;3;Rubbing;0.099195;0.20021800093897651;0.01483;0.06011;0.01418;-0.0022349839335585498;-1.7751450572995466
5623;9;Unbalance;0.00353;0.33861069238876673;0.00223;0.19347;0.00808;-0.0006879658149222071;-5.548278190344988
5624;10;Normal;0.00134;0.06506308630859745;0.000695;0.00084;0.00046;-0.0006173213978553143;-6.1877724668283065
5625;1;Normal;0.000855;0.01818039878550523;0.00059;0.00997;0.0041;-0.0006224293649591572;-6.385486830783789
5626;4;Faulty sensor;0.002875;0.6211941470265153;0.0029100000000000003;0.00858;8e-05;-0.0025808367672669774;-5.411061229600909
5627;10;Rubbing;0.00252;0.09089857424624437;0.00119;0.00107;0.00047;-0.0010633941801822832;-5.7030235231142035
5628;0;Normal;0.00031;0.11239657779487772;0.00071;0.07575;0.00911;-0.0005509675306544537;-7.704393865923724
5629;4;Normal;0.001785;0.1150411695872395;0.001805;0.0767;0.01641;-0.001573648726628156;-5.923047383489416
5630;7;Normal;0.00099;0.19214168418123123;0.001905;0.10854;0.00895;0.00022386789272075798;-6.652339981674863
5631;5;Normal;0.0005;0.026217026910006404;0.00029;0.01702;0.00944;-0.0003747128544680703;-7.5816919971742704
5632;10;Normal;0.00048;0.06681698511606161;0.00105;0.00087;0.00027;0.0018640336576184176;-8.004825072261914
5633;4;Normal;0.013739999999999999;0.1274490984667997;0.001795;0.08568;0.01089;-0.0034550693485550176;-3.3982211008562984
5634;0;Unbalance;0.00029;0.2957249842336626;0.00297;0.18274;0.00335;-0.0005338565145803342;-7.702546059620862
5635;7;Normal;0.000815;0.1683310191260066;0.001025;0.10136;0.00346;0.00012561468539867978;-6.783912447080993
5636;5;Faulty sensor;0.01763;0.027426025960754868;0.002235;0.00503;0.0017;-0.002667741321633016;-3.3307413866467206
5637;2;Normal;0.00055;0.20139855883297678;0.00135;0.11403;0.00984;-0.0009406311283904717;-6.828452463639756
5638;6;Unbalance;0.0027949999999999997;0.534927179530074;0.004085;0.3429;0.00872;-0.00022939187281165415;-6.250124444512849
5639;4;Normal;0.001025;0.16718520598426165;0.00125;0.09702;0.01611;-0.001594733808980423;-6.379031080091453
5640;2;Normal;0.00086;0.07371638149014097;0.00056;0.0457;0.00852;-0.0003554925042348422;-6.825246938523644
5641;8;Faulty sensor;0.009085;0.005500190905777726;0.00021;0.00339;0.00078;-0.003338642839690938;-3.8778334549905544
5642;8;Normal;0.002445;0.15113761841447682;0.0025700000000000002;0.08836;0.00164;0.0009876021653517635;-6.372887791576579
5643;2;Normal;0.0005;0.1422416844669663;0.00103;0.08652;0.00719;-0.0008729705092599536;-6.909026808656221
5644;6;Normal;0.00196;0.14846258653276925;0.001275;0.09888;0.0081;-0.000925047385004067;-5.9728745792451186
5645;5;Faulty sensor;3e-05;3.0000000000000004e-05;0.0;1e-05;0.0;-0.007427552608316733;-8.360001438263215
5646;7;Normal;0.00041;0.13504667341330553;0.00099;0.07994;0.00235;6.475161647635941e-05;-7.382477173982794
5647;10;Normal;0.0017699999999999999;0.06989873604007442;0.001605;0.00117;0.00058;-0.0009272351893866101;-6.051378759838008
5648;10;Normal;0.002255;0.047398027385113825;0.00215;0.00261;0.0005;-0.0003680182237754485;-6.120873527720744
5649;1;Normal;0.001;0.19679113038955798;0.000995;0.11347;0.0043;-0.002249610860943926;-6.169476228255528
5650;9;Unbalance;0.00363;0.13184303925501717;0.001155;0.07557;0.00702;-0.0008826563452469047;-5.6544638474505815
5651;9;Normal;0.00251;0.153081816686372;0.0016150000000000001;0.09585;0.00273;-0.000659171622413285;-6.010942744205383
5652;6;Unbalance;0.0012;0.5484801562499777;0.00483;0.33704;0.00191;0.0003778780313261218;-6.618412960559652
5653;7;Normal;0.00097;0.10056329350215217;0.001365;0.06246;0.00312;0.00013460381631757095;-6.991164628255044
5654;5;Normal;0.00025;0.04212120962175707;0.000375;0.02523;0.00363;-0.0006327631339880621;-7.699606776801018
5655;10;Normal;0.0075650000000000005;0.21733581274148078;0.00155;0.00119;0.00038;-0.002506514844872521;-4.333209800166972
5656;0;Normal;0.00022;0.0970189275347857;0.00101;0.06143;0.0114;0.0005598379136053586;-8.007657014184632
5657;0;Normal;0.00025;0.18250454487491538;0.00174;0.11748;0.00967;-0.0014755097412059064;-7.531357012377296
5658;5;Normal;0.00057;0.20520957238881427;0.00099;0.11866;0.00355;-0.000921139668486909;-6.868572364045326
5659;7;Unbalance;0.00105;0.411872462420104;0.00327;0.25877;0.00098;-0.0005096288389975844;-6.428599914782012
5660;10;Rubbing;0.00645;0.03976845357818179;0.00025;0.00016;0.00072;-0.001072249983986261;-4.976899361964324
5661;9;Normal;0.002705;0.06246303466851415;0.0013700000000000001;0.0407;0.00453;0.0010176853337190719;-6.04820047757801
5662;10;Rubbing;0.0051400000000000005;0.14020896012737558;0.00138;0.00143;0.00061;-0.0009734415238884091;-4.99882334565944
5663;7;Normal;0.00057;0.06630092080808532;0.00092;0.03787;0.00361;8.538363327532636e-05;-7.565681284368556
5664;5;Normal;0.00041;0.1193469584865907;0.00062;0.07814;0.00665;-0.0007435624853080849;-7.371424920446538
5665;5;Normal;0.00061;0.20420214886234672;0.001045;0.1391;0.00148;-0.0008546475502333633;-6.985767254346596
5666;10;Normal;0.003940000000000001;0.07755435835592994;0.00118;0.00129;0.00043;-0.0012175446213430897;-4.979529554456636
5667;6;Unbalance;0.00123;0.35752105140816537;0.00327;0.20279;0.01642;0.0005432260443014717;-6.378478481283812
5668;3;Normal;0.001145;0.19973130475716616;0.00157;0.12681;0.00633;-0.00047660853708705593;-6.56559881785053
5669;5;Faulty sensor;0.44218;0.11772207482031566;0.00954;0.02677;0.00314;-0.003191900461129241;-0.07209190146259914
5670;9;Normal;0.00066;0.09401434465016495;0.0008799999999999999;0.05977;0.01918;0.0007909009830010357;-7.249747525820473
5671;7;Normal;0.0007650000000000001;0.11480993728767559;0.00093;0.0755;0.00846;-0.0003705958914491048;-6.92123268998152
5672;7;Normal;0.00096;0.04356267783320947;0.000735;0.02442;0.00257;-0.0011704710247851236;-6.574658032373719
5673;4;Normal;0.0004;0.13822399719296213;0.00114;0.0916;0.00905;-0.0006086609225510618;-7.2749792896638334
5674;4;Normal;0.00167;0.16464114157767493;0.00188;0.09311;0.00984;-0.0013755317846305402;-6.414571373506467
5675;3;Normal;0.00153;0.13273844733158513;0.0009;0.0789;0.01009;-0.0009469401600927586;-6.066765152168983
5676;5;Normal;0.00045;0.1861269881022094;0.000915;0.12357;0.00494;2.601506452989687e-05;-7.830710183278883
5677;1;Normal;0.00187;0.04702066992291794;0.00086;0.02851;0.0124;0.00050022867659375;-6.797532584881388
5678;5;Faulty sensor;0.00055;0.000351567916624939;1e-05;0.0002;0.0;-0.004346326281278682;-6.459734154118271
5679;5;Normal;0.000655;0.017364149849618326;0.00041;0.01073;0.00496;-0.00019606520785434155;-7.033783510994835
5680;3;Normal;0.00109;0.2357184517597212;0.00138;0.1433;0.00462;-0.0007629255174547862;-6.350882891405802
5681;3;Normal;0.00159;0.1802033806564128;0.00157;0.11588;0.00508;-9.127676757601131e-05;-6.345024245720567
5682;7;Normal;0.00094;0.2503681157815428;0.0020150000000000003;0.14108;0.00348;-0.00010058361338123064;-6.719663513970288
5683;4;Normal;0.00093;0.1501596976555294;0.004285000000000001;0.08883;0.00535;-5.6989987804466675e-05;-6.923130121534043
5684;9;Normal;0.00265;0.2098574892635476;0.0032050000000000004;0.11863;0.00609;-0.0002197655382396689;-5.892704538503894
5685;5;Faulty sensor;0.23896499999999998;0.05125405642483335;0.00438;0.00806;0.00054;-0.003385995960974531;-0.6537782866549704
5686;10;Normal;0.0014299999999999998;0.2757268254994425;0.00165;0.00177;0.00096;-4.84398605050572e-05;-6.42713266755941
5687;10;Normal;0.0026449999999999998;0.02826608037913994;0.00039;0.00061;0.00047;-0.0007520209997513623;-5.834903015800276
5688;3;Normal;0.00182;0.2188975283094809;0.00143;0.14459;0.00683;-0.0005473713182996362;-6.013139143763457
5689;10;Rubbing;0.0013549999999999999;0.24933499874666615;0.00182;0.00132;0.00025;0.0003859657920120256;-6.398108738793926
5690;3;Normal;0.004110000000000001;0.030323250155614916;0.000675;0.01873;0.00719;-0.0022729376648752907;-4.979400073707428
5691;4;Normal;0.03999;0.10762867694067414;0.00108;0.07241;0.00651;-0.003624523514957343;-2.3056938086833276
5692;9;Normal;0.00202;0.27682739459815026;0.001695;0.15892;0.00801;-0.0009931026836298778;-5.863768507655356
5693;9;Normal;0.001095;0.0771255865455816;0.001765;0.04587;0.00402;0.0007617016626695867;-6.870595910616732
5694;1;Normal;0.000475;0.15393002306242923;0.00128;0.0969;0.01646;0.00045713418222148014;-7.32219281015613
5695;5;Normal;0.00063;0.15190093350601896;0.000835;0.09467;0.00065;-0.0005165693399508261;-6.944481266176451
5696;4;Normal;0.00129;0.2075942920698929;0.00167;0.12992;0.00277;-0.0014435821604522248;-6.122366249709728
5697;3;Normal;0.003475;0.07637946844538787;0.001105;0.04476;0.00387;-0.0014722741524560397;-5.415572408867286
5698;6;Unbalance;0.0027;0.4750511214595751;0.00356;0.27565;0.00593;-0.0003202829022326172;-5.922258330409457
5699;5;Rubbing;0.09812499999999999;0.13963206222068053;0.00152;0.07921;0.00101;-0.003708756789358086;-1.3903052720104307
5700;4;Normal;0.000995;0.17184518701435894;0.0036750000000000003;0.10498;0.02816;-0.00019910051102740425;-6.636634061997084
5701;10;Unbalance;0.00049;0.3322434202508758;0.00152;0.00152;0.00025;-0.0015529475473946104;-6.555525656150732
5702;7;Normal;0.00069;0.11379617172822641;0.0016150000000000001;0.07045;0.00592;0.0005514306917218081;-7.289170401714458
5703;7;Normal;0.00113;0.10415125299294292;0.0010249999999999999;0.06055;0.00749;0.00043122520866244917;-6.511444877126508
5704;0;Normal;0.00029;0.12005909336655846;0.000825;0.06967;0.01633;0.00036335523789959547;-7.868009268703066
5705;5;Unbalance;0.000845;0.40442998541156666;0.00245;0.23887;0.00102;-0.0002856415476123537;-6.941571140221411
5706;2;Normal;0.00077;0.1696040609773245;0.00154;0.09776;0.00847;1.4087999479658334e-05;-6.8997737058078386
5707;5;Normal;0.00072;0.07559340513563335;0.0006000000000000001;0.04682;0.00273;-0.0006656392941106606;-7.278598650928018
5708;2;Normal;0.00042500000000000003;0.07690683519687962;0.000705;0.04696;0.0062;0.0003062602416689607;-7.386211394669853
5709;3;Normal;0.00112;0.041031596361828286;0.00085;0.02206;0.00271;-0.0009026848710311455;-6.0205058062996315
5710;7;Normal;0.0013700000000000001;0.1318575314496673;0.001;0.08734;0.00562;-0.000933891484205039;-6.048581641465416
5711;4;Normal;0.028415;0.16280921472693122;0.0015;0.10957;0.01227;-0.003564580624624177;-2.6318780528601438
5712;10;Normal;0.00071;0.2518053009767665;0.00156;0.00141;0.00025;0.0007668170693459594;-7.090870480113943
5713;7;Normal;0.001115;0.20363109929477863;0.002425;0.12149;0.0078;0.00021548849864103299;-6.349426085840281
5714;8;Unbalance;0.0012;0.32347521218788927;0.002175;0.18306;0.01093;0.00033245607253878646;-6.555077674043055
5715;4;Normal;0.00124;0.028913564290830696;0.00029;0.0179;0.00447;-0.0007999559835856446;-6.530490123944026
5716;5;Normal;0.00067;0.07635209558355291;0.00058;0.04783;0.00118;-0.00011129112458429236;-7.05751196836645
5717;10;Normal;0.00149;0.11825932817329886;0.001015;0.00129;0.00062;-0.0007597588066727205;-6.586524296752443
5718;6;Faulty sensor;0.00112;0.022699160777438446;0.000995;0.01184;0.00548;-6.45076240547858e-05;-6.572019885409219
5719;0;Normal;0.001405;0.2231971890504;0.00221;0.14271;0.00611;-0.002068270136544317;-5.988364910984175
5720;5;Faulty sensor;0.25635;0.10636846995233126;0.00868;0.01699;0.0035;-0.0029662954448008687;-0.5094485347651792
5721;5;Faulty sensor;2e-05;0.0;0.0;0.0;0.0;-0.014700634899907273;-7.2760426709137285
5722;6;Normal;0.00245;0.09056944959532436;0.00202;0.04904;0.01219;-0.00014880093676014177;-5.705418829915815
5723;1;Normal;0.00059;0.023265070384591573;0.00029;0.01526;0.00238;-0.000589067183254249;-7.030405247957879
5724;7;Normal;0.001075;0.11838246576245992;0.001265;0.07056;0.00738;0.0006741154187525517;-6.824169222181408
5725;2;Normal;0.00037;0.0909825697592676;0.00077;0.0561;0.00379;-5.667584699167946e-05;-7.3513420750356255
5726;5;Rubbing;0.088685;0.12456624261813472;0.00153;0.08432;0.0017;-0.003718608751618074;-1.4866196312630224
5727;1;Normal;0.00044;0.144058420441153;0.00079;0.08206;0.00363;-0.00089115153248474;-7.23774746964576
5728;5;Normal;0.00125;0.09424247078679548;0.0007800000000000001;0.05553;0.00362;-0.001091002940237717;-6.319112853299254
5729;3;Normal;0.00067;0.0675989815012031;0.00142;0.04458;0.00134;-0.0007043129733360334;-6.8637154644895135
5730;6;Normal;0.0019299999999999999;0.08274691837162276;0.00298;0.03871;0.01231;-0.0007206437395041968;-5.91514253610701
5731;5;Normal;0.00084;0.06739992136493929;0.00084;0.04172;0.00239;-0.0006732427328023752;-6.737317415444392
5732;4;Normal;0.00094;0.1803809283156066;0.00279;0.11505;0.00672;-0.00010123560286567848;-7.097742109564179
5733;8;Normal;0.00195;0.16948755618038747;0.00206;0.11144;0.00306;0.00016651833091149414;-6.339905904011587
5734;8;Normal;0.00119;0.19134494688911957;0.00272;0.11605;0.00472;0.0004350221102812226;-6.692293561576251
5735;4;Normal;0.02987;0.08250032302967061;0.0031850000000000003;0.05075;0.01957;-0.0033970869837803277;-2.675776779146357
5736;7;Normal;0.00102;0.0831528183527173;0.00113;0.05476;0.00293;-2.1040248790652964e-05;-6.683786841560363
5737;3;Normal;0.000915;0.23114534258773203;0.001715;0.15104;0.00988;-8.445810181503745e-05;-6.643677248424456
5738;10;Rubbing;0.0031000000000000003;0.1593633160423063;0.00093;0.00103;0.00058;-0.0012273959800009164;-5.157219792452872
5739;3;Rubbing;0.00592;0.027132729313506226;0.00062;0.01501;0.001;-0.0009244208720094793;-4.914389699828503
5740;5;Normal;0.00054;0.18452728551626177;0.00087;0.12249;0.00451;-0.0002609515049774538;-7.428592106067935
5741;7;Unbalance;0.00085;0.40138156958186305;0.00503;0.2473;0.00536;0.0004236682137553762;-6.9228521296748315
5742;10;Rubbing;0.002855;0.15132141718871128;0.002705;0.00299;0.00037;-0.0009534174213607211;-5.015168655120545
5743;7;Normal;0.00128;0.09502099504846284;0.0009350000000000001;0.05553;0.0031;-0.00043325834352058346;-6.180641907542786
5744;5;Normal;0.00095;0.11017989063345453;0.00053;0.06414;0.00199;-0.000956231148660312;-7.04350136635775
5745;1;Normal;0.0045249999999999995;0.11886416827623034;0.00142;0.07122;0.0019;-0.002884008991796443;-4.7217490750855005
5746;7;Normal;0.0008;0.20852639545151114;0.001425;0.13719;0.00432;-0.000564514028217733;-6.8488996293179945
5747;5;Faulty sensor;0.116075;0.045904152317628094;0.00197;0.01375;0.00061;-0.003639736221780517;-1.252960192747239
5748;6;Normal;0.0029;0.2539782033954882;0.00299;0.15777;0.00451;-0.00020884529930057167;-5.79793372572389
5749;10;Normal;0.00127;0.2013503831632808;0.00119;0.00123;0.00069;4.5916134533375677e-05;-6.227157941319676
5750;3;Normal;0.00114;0.11725055223750548;0.00153;0.07106;0.0162;-0.0006165271401433762;-6.406840397761369
5751;5;Normal;0.000455;0.24532570309692378;0.00107;0.14423;0.00508;-0.000831209837870497;-7.250640842597786
5752;0;Normal;0.00025;0.06253057572100229;0.0008849999999999999;0.0359;0.00396;-0.0006330404876530954;-7.760011727866226
5753;9;Rubbing;0.0062050000000000004;0.05475296612969931;0.00067;0.03121;0.01315;-0.0004788803059932415;-5.116180504504657
5754;7;Normal;0.00113;0.26089848543063643;0.00157;0.15054;0.0085;-0.0003561125814525136;-6.20812254935159
5755;3;Faulty sensor;0.011394999999999999;0.020974067321337556;0.0007650000000000001;0.00865;0.0004;-0.0022465225141283097;-3.9440164185044235
5756;2;Normal;0.00062;0.12439391504410494;0.00155;0.07131;0.00782;-0.00018952655675795894;-6.818766401618993
5757;10;Normal;0.00105;0.03880624949669834;0.0009;0.00074;0.00098;0.0004689440755378499;-6.378357718863597
5758;4;Normal;0.03384;0.10003355187135965;0.001715;0.06703;0.02406;-0.0035499664248420442;-2.501317455943468
5759;5;Normal;0.00091;0.11142210911663807;0.00059;0.0639;0.00248;-0.0009743561792771566;-7.146096837194485
5760;6;Unbalance;0.00189;0.5206832777226478;0.00449;0.30127;0.00216;-0.0010615783677257007;-5.790364069103582
5761;4;Normal;0.00057;0.1750159175618035;0.0011;0.11122;0.00771;-0.0008805147477905101;-6.872148840631367
5762;2;Normal;0.00029;0.03578561023651825;0.00062;0.01884;0.00246;0.0007758380396190162;-7.7729638666944405
5763;4;Normal;0.00118;0.14901150391832169;0.001655;0.10098;0.0212;-0.0012205722090124574;-6.181626499224557
5764;2;Normal;0.0006950000000000001;0.08433726282017931;0.00055;0.05139;0.00342;-0.0010714092794037362;-6.789439807688466
5765;5;Normal;0.001835;0.030998401571693982;0.00039;0.02069;0.00776;-0.0018834136845651945;-5.727257421793382
5766;1;Normal;0.000815;0.05716393705825378;0.0008550000000000001;0.03626;0.00358;-0.0013469571997881897;-6.486809775914186
5767;1;Normal;0.00077;0.04144894087911053;0.0017;0.02491;0.00594;-0.0007646217666519579;-6.651223536690282
5768;4;Normal;0.00138;0.1756057641422969;0.0026950000000000003;0.11816;0.0286;-0.0009644323879120903;-6.481279282103317
5769;1;Normal;0.00068;0.07607021033229762;0.00085;0.04751;0.00878;-0.0010351301513889003;-6.66090249716756
5770;2;Normal;0.0005;0.18539552529659392;0.001505;0.11481;0.00946;-0.0001656150813465623;-7.238624215035203
5771;10;Rubbing;0.00559;0.024056419101769907;0.00072;0.00081;0.00029;-0.0009245644525262048;-5.003637117207133
5772;1;Normal;0.00188;0.054017851678866316;0.0012850000000000001;0.02954;0.00765;-0.0023669092477196013;-5.5783357244753695
5773;3;Normal;0.005535;0.04075417892682909;0.00133;0.02278;0.01034;-0.0014321171443377107;-4.993954909673279
5774;5;Normal;0.00082;0.18108388801878536;0.001;0.12333;0.00029;-0.0010730464596455484;-7.163877370572958
5775;10;Rubbing;0.003425;0.08035819124395471;0.00066;0.00059;0.00068;-0.0011898141073760622;-5.050015485904825
5776;6;Normal;0.000875;0.13500914746786605;0.0026449999999999998;0.07908;0.01111;-0.0003835802616349764;-6.988541433605513
5777;4;Faulty sensor;0.00253;0.6040719261809806;0.002875;0.00888;0.00011;-0.00247825409582134;-5.370692442349202
5778;7;Unbalance;0.00109;0.2769356493844734;0.0027;0.17594;0.01476;0.0005965537762513185;-6.555831059340259
5779;8;Normal;0.00206;0.12479773114924805;0.00131;0.07761;0.00531;0.0011110208183679347;-6.561776810399924
5780;7;Normal;0.0011849999999999999;0.17221396662291938;0.00169;0.10816;0.01924;-0.0009254634367084012;-6.17349317125698
5781;9;Unbalance;0.00305;0.320710961614972;0.00329;0.18084;0.01258;-0.0003802615107719587;-5.736866338515615
5782;3;Normal;0.00145;0.06830797318029572;0.00167;0.04003;0.00982;-0.00032287214920251713;-6.452501862661767
5783;4;Normal;0.0006850000000000001;0.11074716971552817;0.001625;0.07446;0.02678;-0.0007523681515850599;-6.68713431244077
5784;0;Normal;0.00029;0.18711079845909478;0.0016099999999999999;0.12177;0.00619;-0.0007418428849099573;-7.687197149049722
5785;1;Unbalance;0.00061;0.2568388329283561;0.0017850000000000001;0.17371;0.01056;-0.00018394376859600932;-7.07030309874916
5786;6;Normal;0.0029899999999999996;0.2057872685566335;0.002145;0.12547;0.02256;-0.00018456232101267322;-5.761055340792421
5787;0;Normal;0.000355;0.2570318120388992;0.002195;0.14923;0.00967;-0.00015975302296784353;-7.607364524743365
5788;8;Normal;0.0019199999999999998;0.18531669811433613;0.0024;0.10558;0.00411;-0.0011291609427637773;-6.17885330527759
5789;4;Unbalance;0.00071;0.36531368110159795;0.002245;0.21225;0.0118;1.1544963550452839e-05;-7.039516702314228
5790;2;Normal;0.000535;0.11222232442789626;0.00081;0.06752;0.00203;-0.0009525866680142584;-6.691353109962675
5791;1;Unbalance;0.001505;0.34141349138544597;0.00396;0.22797;0.00294;-0.00159568809516484;-5.640990141108624
5792;4;Faulty sensor;0.006465;0.7363508839541106;0.00296;0.00789;0.00012;-0.002501704885407895;-4.602325810691061
5793;6;Unbalance;0.0011949999999999999;0.28593185709186025;0.00261;0.17289;0.01366;0.0005539404323077263;-6.838420127661782
5794;2;Normal;0.001085;0.16834336607065925;0.001465;0.0972;0.00581;-0.0002725989201848852;-6.809406562946822
5795;4;Normal;0.001355;0.16143685855466836;0.001365;0.10057;0.00766;-0.001055041957973204;-6.401741801924711
5796;1;Normal;0.00071;0.04329689249819206;0.00159;0.02506;0.00373;-0.0005282324833913062;-6.7621085195002895
5797;1;Normal;0.001885;0.09088869016549858;0.00073;0.05388;0.00202;-0.0018676262382490664;-5.688858031770075
5798;1;Normal;0.00051;0.20011641761734592;0.0020150000000000003;0.11179;0.00107;-0.0014712665582371648;-6.559758945765472
5799;7;Normal;0.0009;0.09510247420545903;0.00138;0.04426;0.01326;0.00031042289809629344;-6.581157511521288
5800;4;Normal;0.00125;0.17190028970307178;0.002575;0.1159;0.02993;-0.0009081505973039393;-6.569394463382053
5801;1;Normal;0.000855;0.11634936871337119;0.001755;0.06655;0.00783;-0.0007302661233628416;-6.54148280144886
5802;5;Normal;0.0006000000000000001;0.12933395493836874;0.00073;0.07493;0.00367;-0.00044841391775933835;-7.17975710057621
5803;3;Normal;0.001465;0.009284675546296705;0.00036;0.00449;0.00212;-0.0007305380877317503;-5.986580734158707
5804;7;Normal;0.00115;0.20111793555026364;0.00116;0.11635;0.005;-0.00038320156546876546;-6.4383644514903065
5805;10;Normal;0.002555;0.16091733809630335;0.0020350000000000004;0.00248;0.00107;-0.00010668475083507364;-5.873556900124504
5806;10;Normal;0.000965;0.19149879190219452;0.00128;0.0013;0.00016;-0.00048825993863219964;-6.44143860890878
5807;3;Rubbing;0.01657;0.09858572462583008;0.00152;0.03488;0.00241;-0.0015982683948933822;-3.7860948636541334
5808;9;Normal;0.001225;0.15404832780656855;0.00114;0.091;0.01299;-0.00040660978765045966;-6.614245830526046
5809;1;Normal;0.00059;0.24762741185094997;0.00203;0.1572;0.00095;-0.0011222223398681824;-6.455406904258771
5810;0;Unbalance;0.00039;0.41558740368302793;0.00379;0.24137;0.00559;0.00014186673115759181;-7.617044583029047
5811;3;Normal;0.001;0.0647188457869885;0.000975;0.03819;0.00451;-6.731355503920424e-05;-6.874788966761004
5812;7;Normal;0.00075;0.141417033981059;0.001675;0.08929;0.01061;0.0014062911298492685;-7.404460694552387
5813;3;Normal;0.00153;0.1262191803966418;0.0009;0.07642;0.00408;-0.00019999652213257256;-6.414820011754336
5814;8;Unbalance;0.0024;0.36056996283661785;0.0033;0.20208;0.01568;-0.0004190640164619812;-6.00427235597307
5815;9;Rubbing;0.0029449999999999997;0.1130315433850215;0.00162;0.06071;0.01339;-0.0003396809110765561;-5.636734159679517
5816;1;Normal;0.00029;0.14236337450341643;0.001005;0.08952;0.00069;0.00012609359479002512;-7.642724157904297
5817;10;Normal;0.00145;0.1695167274931887;0.00075;0.00065;0.00038;-0.0010657843285908715;-5.706169860612031
5818;6;Unbalance;0.002745;0.5369905429334859;0.00356;0.31165;0.01286;-8.2091189527099e-05;-5.980679723339288
5819;7;Unbalance;0.00114;0.39753215807026226;0.00409;0.22545;0.00676;0.0006750354682984862;-6.862940240085549
5820;1;Normal;0.001535;0.21519906923590537;0.00105;0.12595;0.0021;-0.0007364855936175004;-6.337852403270876
5821;6;Normal;0.001475;0.18460070828683187;0.001725;0.11373;0.01068;0.0010768405456366757;-6.919893994772528
5822;5;Normal;0.00168;0.06823620886303694;0.000985;0.04314;0.00039;-0.0010759634459954921;-6.030890439935149
5823;7;Normal;0.00083;0.2776903928838734;0.00164;0.18433;0.00823;-0.00019163778762677533;-6.607595748884157
5824;0;Normal;0.00303;0.10304180607889209;0.00137;0.05872;0.01254;-0.0029509705291627685;-5.254838292100446
5825;4;Normal;0.000755;0.12905282639291554;0.001955;0.07342;0.01053;-0.0006541001851290913;-6.937225611779638
5826;1;Faulty sensor;0.047775;0.023505982217299493;0.0021;0.00326;0.00106;-0.002949190274171415;-2.228291464380437
5827;7;Normal;0.00063;0.117042873341353;0.0008550000000000001;0.06782;0.00398;0.00028722543703859596;-6.54178277283915
5828;9;Unbalance;0.005889999999999999;0.35812090276888336;0.00302;0.21963;0.01403;-0.0008454586865184865;-5.238731161998469
5829;7;Normal;0.0008749999999999999;0.08217841809136996;0.00072;0.04556;0.00302;0.00012889497526801766;-7.0473015048514105
5830;10;Normal;0.00078;0.14626595742003673;0.001185;0.00075;0.00031;0.00021495323229276926;-6.690876930564599
5831;0;Unbalance;0.00034500000000000004;0.3324785325400724;0.00214;0.19926;0.01424;0.00020982064892688607;-7.743216240683759
5832;5;Normal;0.000855;0.13717740338700102;0.000795;0.09276;0.00299;-0.0004236453685310135;-7.1009653595777085
5833;5;Normal;0.00033;0.15695792047552107;0.000715;0.09149;0.00686;-0.0006722303001454656;-7.51251361345065
5834;4;Normal;0.003945000000000001;0.11240871096138412;0.0019950000000000002;0.06349;0.00336;-0.0013155604901600735;-5.270787011184632
5835;6;Unbalance;0.001665;0.3822733406870011;0.002735;0.24486;0.00167;5.927996867671739e-05;-6.598876049587679
5836;5;Normal;0.004275;0.03458795888745099;0.00034500000000000004;0.02317;0.00753;-0.002707484437908078;-4.852134785001162
5837;1;Normal;0.00034;0.014998383246203572;0.00072;0.00692;0.00507;-9.319417357056786e-05;-7.515101416778581
5838;7;Normal;0.0011;0.12320601284028308;0.001315;0.07355;0.00933;-0.00026897054550656206;-6.521267230742575
5839;5;Unbalance;0.00405;0.39340439956868806;0.001605;0.2247;0.00371;-0.0031708735962415377;-4.685328083182042
5840;4;Normal;0.00059;0.12427474441735939;0.001865;0.0832;0.0278;-4.757654156594564e-05;-7.317884985791939
5841;6;Normal;0.00161;0.019240813392369875;0.001575;0.00355;0.00481;1.3124901290648942e-05;-6.216340284173698
5842;10;Normal;0.00066;0.1626606790223132;0.001175;0.00111;0.00053;0.00014911832240961434;-7.091096686370444
5843;8;Normal;0.000855;0.11811950431660302;0.00106;0.0716;0.01135;-0.00012720127365055235;-6.9097824027966706
5844;1;Rubbing;0.022789999999999998;0.027604414502032104;0.00106;0.01641;0.00512;-0.002887777624408149;-3.2824200441183695
5845;10;Normal;0.0007;0.05531232141214106;0.0011250000000000001;0.00107;0.00046;-0.0008466978377347549;-6.656926944428097
5846;9;Misalignment;0.00191;0.1043735210673665;0.00132;0.06483;0.0341;0.0008825948442320854;-6.27412570140912
5847;10;Normal;0.00248;0.12419210039289938;0.002215;0.00192;0.0008;-0.0005389586168536118;-6.116061977468163
5848;10;Normal;0.00091;0.12423783723165822;0.001205;0.00096;0.00029;-0.0010235546398614155;-6.065444715844653
5849;0;Normal;0.00029;0.07090903680067866;0.00048499999999999997;0.04036;0.0125;0.0001768454159181232;-7.945622659619972
5850;4;Normal;0.00155;0.1168101108637433;0.001895;0.077;0.01722;-0.0009757487050827449;-6.432890491065025
5851;5;Normal;0.00061;0.20271658639588422;0.00108;0.13718;0.00578;-0.0010992606864712686;-6.931598576015968
5852;8;Unbalance;0.0036899999999999997;0.3174412238509674;0.00331;0.19161;0.01477;-0.0008827925747632943;-5.1750655761849025
5853;4;Normal;0.005315;0.07964636087104043;0.00123;0.0513;0.02142;-0.0011453253557091214;-5.192312078201499
5854;2;Normal;0.00073;0.08860766953260875;0.0008;0.05349;0.00426;-0.001154629693200182;-6.54256207235766
5855;4;Normal;0.00142;0.14991033286601693;0.00122;0.09694;0.01595;-0.0013516909925436955;-6.09789515247264
5856;1;Normal;0.00069;0.1203518267414334;0.001735;0.06723;0.0008;0.00011735055353193004;-7.515712197399557
5857;6;Normal;0.00213;0.1488338556915059;0.00223;0.08944;0.01914;-0.00014787586575771053;-6.252625891641986
5858;4;Normal;0.002695;0.2057530784702868;0.00251;0.1391;0.01939;-0.0019043539980913345;-5.365959411834732
5859;1;Normal;0.00485;0.04171546595688463;0.0011;0.02647;0.00607;-0.002093423119998593;-4.810955178729152
5860;1;Normal;0.000815;0.159894786031315;0.0017;0.09492;0.00159;-0.0008875589765391429;-6.528374908353709
5861;7;Normal;0.0009350000000000001;0.06767952644633383;0.00054;0.03852;0.00547;-0.0007964373266271359;-6.734851577786017
5862;8;Faulty sensor;0.00474;0.005862235068640628;0.00012;0.00341;0.00173;-0.0031748737861182212;-4.5467278149898585
5863;10;Normal;0.00432;0.0482567694733081;0.00271;0.00136;0.0005;-0.0013193151126385545;-5.199667651478495
5864;6;Normal;0.00199;0.14543601789103;0.001475;0.08955;0.00975;0.000836951206112666;-6.708864681918353
5865;1;Normal;0.0016150000000000001;0.2182345453863801;0.00201;0.12489;0.00089;-0.00011203570433973658;-6.353213948358078
5866;8;Faulty sensor;0.006185;0.003410703739699477;0.00013;0.00187;0.00043;-0.003240355263653862;-4.289132952715587
5867;2;Normal;0.00023500000000000002;0.0373210155274478;0.0005;0.02191;0.00459;0.0008196786512864364;-8.017081466476878
5868;5;Normal;0.00055;0.16190389865596197;0.0007999999999999999;0.09513;0.00366;-0.0007166711220476926;-7.286372572240257
5869;1;Unbalance;0.00157;0.2510220575965387;0.0017;0.16705;0.00265;-0.0008723416198995517;-6.2629432129419085
5870;10;Normal;0.000925;0.09285943193881814;0.00111;0.0011;0.00067;-0.00025032870228416243;-6.570461824593077
5871;2;Normal;0.00085;0.07109448501817846;0.00049;0.0441;0.0097;-0.00045647909324835476;-6.7258000026629245
5872;4;Normal;0.00119;0.16008555556326748;0.00135;0.09238;0.02172;-0.001343624232388757;-6.208523128661271
5873;5;Normal;0.00038;0.047190737438611824;0.00049;0.03016;0.00205;-0.0004957402658280794;-7.5053042091481865
5874;2;Normal;0.00127;0.016403758715611495;0.00061;0.00783;0.00125;-0.0005791279460829994;-6.661874699614742
5875;9;Normal;0.00142;0.10764096106965973;0.001365;0.06625;0.00406;-0.000436565381732417;-6.434332494582404
5876;7;Normal;0.0008500000000000001;0.18360306097666235;0.00237;0.10962;0.01344;0.00040968130442978976;-6.587343980706114
5877;2;Normal;0.00079;0.2573561664308823;0.00155;0.14567;0.00517;-0.0012094783742463543;-6.49377750631588
5878;3;Normal;0.00201;0.15910955848094108;0.00117;0.10473;0.00125;-0.0006523016292553867;-6.230246040572211
5879;9;Normal;0.003545;0.06260090175069366;0.00065;0.03568;0.00261;-0.0004915262632118668;-5.408181264011485
5880;1;Normal;0.00039;0.1311138425186296;0.00185;0.0849;0.01074;-9.76127307350685e-05;-7.037777618908681
5881;4;Unbalance;0.00149;0.30638897140726196;0.0031000000000000003;0.20813;0.02294;-0.0008419656389070083;-6.337048650453477
5882;10;Normal;0.0011;0.08294807894098571;0.0010500000000000002;0.00103;0.00025;-3.084246976411772e-05;-6.793121575608102
5883;8;Normal;0.00231;0.126759343639828;0.001845;0.07073;0.01047;-0.00026484539009188045;-5.671909123192423
5884;2;Normal;0.00075;0.15732075768950515;0.0008500000000000001;0.08914;0.00571;-0.0007325262058537298;-6.8277925171050295
5885;7;Normal;0.00074;0.04711680804129244;0.00044;0.02817;0.01036;-0.00164506575219465;-6.86601746421026
5886;7;Unbalance;0.0014399999999999999;0.35304513110932434;0.003065;0.21991;0.01175;0.00015802528064490226;-6.482176158270181
5887;7;Normal;0.00154;0.054512401341346176;0.00105;0.02698;0.00833;-0.00037217329682138404;-6.0813647099424895
5888;1;Faulty sensor;0.31610000000000005;1.2082163694471284;0.013515;0.02079;0.00574;-0.0026046929883963474;-0.4526278636714809
5889;7;Normal;0.001275;0.0830739531983401;0.00107;0.04435;0.013;-0.0005065203900185027;-6.131822299488796
5890;3;Unbalance;0.0011;0.24398139888114423;0.001395;0.16589;0.0043;-0.001523320492764083;-6.252998805936386
5891;4;Unbalance;0.009025;0.24729360383964644;0.00195;0.16685;0.008;-0.003207899101540187;-3.8540626856945
5892;10;Normal;0.00195;0.11113311747629508;0.00093;0.00076;0.00029;-0.0007608146618026661;-5.6434743634337226
5893;8;Normal;0.002;0.1188684764771552;0.0014;0.07539;0.00673;0.0010474174009794102;-6.602014337509459
5894;5;Normal;0.00054;0.08031710091879561;0.00055;0.05155;0.00627;-0.00019191395917846313;-7.721208627469904
5895;4;Unbalance;0.0022;0.31168923786361313;0.004095;0.19547;0.01501;-0.0010629044314969987;-6.290602267087096
5896;7;Normal;0.00275;0.18905713395690735;0.001825;0.10765;0.00387;-0.0011175979719566518;-6.416331303082641
5897;1;Normal;0.003515;0.06325171855372785;0.000925;0.03941;0.00963;-0.0016152081275596418;-5.199190853572022
5898;7;Normal;0.000665;0.20459413701276977;0.001295;0.1366;0.00588;0.0004110037898141312;-7.178505807511076
5899;1;Normal;0.00077;0.19757195853663037;0.00108;0.11674;0.01556;-0.0005542723196492752;-6.737284350604197
5900;5;Normal;0.00072;0.15597727430622707;0.00085;0.10623;0.00518;-0.0007587197942877324;-6.923623882227481
5901;5;Normal;0.000695;0.19368082016554972;0.000905;0.12124;0.00458;-0.0003425574380387088;-7.2300875345617035
5902;2;Normal;0.00117;0.12330542526588195;0.000895;0.07802;0.00423;-0.0010684272201710774;-6.407643127654448
5903;8;Normal;0.00266;0.23059584623318782;0.00214;0.12778;0.00238;-0.0002236964530944852;-5.759840881096429
5904;8;Unbalance;0.001065;0.3036633310098537;0.002425;0.18469;0.00396;-0.0006321958879291273;-6.599495637482723
5905;10;Normal;0.004055;0.1306623250979409;0.00188;0.00179;0.0062;-0.0008998400273439212;-5.413375058959269
5906;7;Unbalance;0.00066;0.4287015018634761;0.004295;0.24375;0.01102;-8.730122504548333e-05;-6.724556436439961
5907;4;Normal;0.00309;0.21090542833222664;0.00184;0.13243;0.01257;-0.0025015846256999817;-5.067501285579462
5908;2;Normal;0.00108;0.12675343979553375;0.000965;0.07978;0.00699;-0.0009967392747388258;-6.3307848090634025
5909;5;Normal;0.000845;0.2297340281717099;0.001245;0.14729;0.00178;-0.0003023841504457479;-7.161194553474937
5910;4;Normal;0.02078;0.24170309431200915;0.00363;0.15079;0.01585;-0.0026670076683665014;-3.2146478491265627
5911;0;Normal;0.00025;0.07521618974662304;0.00054;0.04288;0.01165;-0.0007683577669439208;-7.899103566214849
5912;7;Normal;0.001115;0.056976978684377434;0.000495;0.03136;0.00385;-0.00032055003331244716;-6.586667126994389
5913;4;Normal;0.00068;0.1324118223573711;0.00133;0.08419;0.01763;-0.0010377040014571098;-6.828030778603009
5914;5;Normal;0.0007;0.1459956711687028;0.0011;0.0976;0.00405;-0.0013910992453776663;-6.798627963303414
5915;4;Normal;0.001;0.11173978163572722;0.00339;0.06778;0.00293;0.00043651751340102876;-7.198741433851952
5916;6;Normal;0.002555;0.11275374583578145;0.0033750000000000004;0.06106;0.01401;-0.00041445801952654014;-5.713681124396877
5917;5;Normal;0.001245;0.038115506031010535;0.0008049999999999999;0.0232;0.00256;-0.00011140493253217388;-6.823698042420397
5918;6;Unbalance;0.001835;0.3214143662003925;0.002545;0.18398;0.0115;-0.000326134027205932;-5.981933611689012
5919;4;Normal;0.00087;0.06417859144605777;0.001205;0.04179;0.01314;-0.0005027818552203742;-6.879253939827701
5920;10;Normal;0.00265;0.04822193380610114;0.0032199999999999998;0.00531;0.00049;-0.0002530598495300937;-5.986446996093188
5921;1;Normal;0.001135;0.0415476798389513;0.000545;0.02623;0.00771;-0.00027052772200387016;-6.832438057010623
5922;6;Normal;0.00076;0.08358307783277666;0.00147;0.0461;0.00429;0.0006728832274568633;-6.827985926204148
5923;7;Normal;0.00116;0.18754514843098447;0.0015400000000000001;0.11227;0.00498;-0.0003574743428375419;-6.437137826676059
5924;1;Normal;0.000495;0.07236587040863947;0.00103;0.04013;0.00086;0.0005303190456233622;-7.585877165207418
5925;8;Normal;0.00107;0.07223149105480241;0.00171;0.03619;0.00552;0.00107804737384153;-6.993213497724936
5926;8;Normal;0.000995;0.13194343143938617;0.00142;0.08698;0.00578;0.00029845588270565205;-6.904776887915853
5927;4;Unbalance;0.011955;0.3073370961989457;0.003395;0.20859;0.02406;-0.0035535981379479827;-3.5513221317912147
5928;1;Normal;0.001115;0.12645449616363982;0.001325;0.07282;0.00449;-0.0010942961478949919;-6.373939153523842
5929;4;Unbalance;0.00192;0.24751961235425365;0.00222;0.16809;0.02462;-0.0016825701834332605;-5.877793683175911
5930;2;Normal;0.00143;0.08961979915174996;0.0012100000000000001;0.0551;0.00076;-0.0007182336537420466;-6.638305087712744
5931;2;Normal;0.00075;0.09728143039655616;0.0010500000000000002;0.05532;0.00247;-0.001306201640619391;-6.466387678873005
5932;7;Normal;0.00079;0.19417037209625984;0.002615;0.10948;0.00718;0.00043870040743512403;-6.870208055322065
5933;4;Unbalance;0.0013;0.3432997235652834;0.0022;0.21803;0.00797;-0.0010828774485826282;-6.383460863071793
5934;2;Normal;0.00106;0.26594481250815927;0.001755;0.15184;0.00205;-0.0014113240113507522;-6.366962327480579
5935;0;Normal;0.00031;0.13940067503423362;0.00098;0.07922;0.00946;-0.000325156501648842;-7.79995459129384
5936;10;Normal;0.00174;0.11149717440365922;0.00179;0.00179;0.00025;-0.0007387600577873586;-6.168570835420945
5937;2;Normal;0.00111;0.07208066453633735;0.00053;0.0433;0.00466;-0.0015341001246257798;-6.549380512886652
5938;5;Faulty sensor;0.18222;0.059350644478387934;0.00511;0.00861;0.00196;-0.0030876787945251856;-0.9548990181324348
5939;7;Unbalance;0.00035;0.29649076191341944;0.002095;0.18111;0.00492;-0.0001668735076250374;-7.514369043868473
5940;1;Rubbing;0.006845;0.11439700520555598;0.001605;0.0637;0.0032;-0.0027302743164561378;-4.249430848381444
5941;9;Normal;0.00116;0.14983553650586365;0.00148;0.09546;0.01586;-0.0004839752165558246;-6.540018451644934
5942;7;Normal;0.00086;0.15453893457637138;0.00158;0.09702;0.00863;0.0009514255901980804;-7.102918506440108
5943;9;Normal;0.0021;0.1111945524744805;0.00255;0.06566;0.00677;-3.06880612278838e-05;-6.168604788858518
5944;5;Normal;0.000585;0.1315238138133167;0.00075;0.08447;0.00219;-0.0012187063485381256;-6.959900045259371
5945;5;Normal;0.000845;0.2297340281717099;0.001245;0.14729;0.00178;-0.0003023841504457479;-7.161194553474937
5946;1;Normal;0.000575;0.10713732402855693;0.000875;0.06866;0.00472;-0.0004293649439784605;-7.164819020896093
5947;5;Normal;0.000535;0.1326048931978002;0.000745;0.0851;0.00197;-0.0006632255032588356;-7.369961896351949
5948;4;Normal;0.000535;0.10002728777688617;0.001825;0.06614;0.01443;9.611169695774931e-05;-7.562493236082691
5949;8;Normal;0.00276;0.22800494599898485;0.001815;0.13872;0.01121;-0.0004927645227683367;-5.890413508493239
5950;6;Normal;0.0012850000000000001;0.21586980914430812;0.001985;0.1308;0.00391;0.00019234924326374796;-7.006250903823411
5951;10;Normal;0.00095;0.14729623348884383;0.001055;0.00102;0.00033;0.0006694066572770214;-6.694536154451718
5952;7;Normal;0.00095;0.18062663120370706;0.001805;0.11457;0.01342;0.0011091713784548718;-7.201432415032206
5953;0;Normal;0.000335;0.04912644705247877;0.000365;0.02796;0.00211;-0.0013115766707578714;-7.48508578104818
5954;10;Normal;0.00114;0.1252587138685369;0.0012599999999999998;0.00103;0.00035;-0.0015395793025962177;-5.9678971881280365
5955;0;Normal;0.00062;0.15051516767422476;0.00095;0.10123;0.00628;-0.0002827041224099707;-7.0146379057383
5956;2;Normal;0.00062;0.025825442881004;0.00032;0.01409;0.00439;-0.0007172233697921196;-6.910047642233907
5957;4;Normal;0.00087;0.18039169631665422;0.002125;0.11872;0.01864;-0.00028081504231345657;-6.916491565916714
5958;4;Normal;0.000965;0.1777078335358349;0.004665;0.11026;0.01965;4.1485977924230344e-05;-6.752267347573007
5959;5;Rubbing;0.075075;0.22353884673586383;0.00153;0.1521;0.00589;-0.0036978263022232;-1.6621222785232614
5960;2;Normal;0.00085;0.13217246082297174;0.0017000000000000001;0.0793;0.00816;-1.2302335454249748e-05;-6.959932216862337
5961;8;Normal;0.00246;0.14188932553226122;0.0015300000000000001;0.08491;0.01103;-0.0008025387311135362;-6.054617990503912
5962;5;Normal;0.001005;0.13192875615270538;0.00112;0.08493;0.00546;-0.0008854264296172684;-6.44380499282627
5963;9;Unbalance;0.00333;0.3047887504485689;0.00218;0.18727;0.00835;-0.0005919609095378923;-5.2758891405948605
5964;8;Normal;0.003635;0.23498874717739146;0.004240000000000001;0.14419;0.01366;-0.0005376694868556533;-5.495634398604272
5965;6;Normal;0.0072250000000000005;0.09810370125535531;0.00155;0.0586;0.01372;-0.00018247671631069687;-5.362790516343061
5966;0;Unbalance;0.00041;0.3107025563139125;0.0027749999999999997;0.20171;0.00413;-0.000339100873541882;-7.375936804696697
5967;1;Normal;0.00087;0.033968800390946984;0.000695;0.01854;0.00206;-0.00033505745045786907;-7.094086498719248
5968;3;Rubbing;0.01903;0.026405435046595996;0.001095;0.01363;0.00085;-0.0019794910784153024;-3.5184229623228296
5969;5;Normal;0.00059;0.13750404212240455;0.00074;0.09363;0.00382;-0.0005271085698022184;-7.364390068594503
5970;5;Normal;0.00107;0.13532612608066485;0.00139;0.08616;0.00343;-0.0006959960465539814;-6.26342630439835
5971;8;Normal;0.00212;0.16651943610281653;0.00172;0.11202;0.01473;-0.0009205252007788205;-5.9652832788715
5972;1;Normal;0.00051;0.2814090158470407;0.0038050000000000002;0.15694;0.00529;-0.0006508253330810709;-7.050103561565049
5973;9;Misalignment;0.000895;0.116237215641119;0.00119;0.07439;0.04063;0.0013728606981279867;-6.937117778325382
5974;0;Unbalance;0.00031;0.28046052734743254;0.00156;0.18902;0.0079;0.00015049527247181727;-7.890607269994352
5975;6;Normal;0.001185;0.06791125606259982;0.002295;0.03687;0.01751;0.0011662261374131486;-6.900869692971226
5976;6;Normal;0.006059999999999999;0.1492350046068281;0.0016099999999999999;0.0847;0.01246;-0.0003872323299826883;-5.056000907913565
5977;4;Normal;0.00053;0.059713633284200686;0.0012;0.03855;0.0244;0.0003269980512215948;-7.560791500645289
5978;1;Normal;0.000905;0.25511130296402;0.00136;0.1471;0.0076;-0.0014259436139367927;-6.465764156733623
5979;3;Normal;0.001255;0.0913941146901703;0.001225;0.05109;0.00987;-0.0006018966008151475;-6.363261101510281
5980;1;Normal;0.00103;0.11825403502629414;0.00133;0.0795;0.00899;-0.0007118525941619439;-6.596301434667963
5981;6;Unbalance;0.7562450000000001;0.35509636832837366;0.0116;0.19179;0.01692;-0.0035814721120500173;0.5655052195459731
5982;10;Normal;0.001145;0.12177973312501551;0.0006399999999999999;0.00043;0.0004;-0.0006268003134477366;-6.690132617319008
5983;3;Normal;0.001415;0.22256782853772913;0.001385;0.13593;0.00279;-0.0007834162889625123;-6.295262673633143
5984;3;Rubbing;0.0050550000000000005;0.07353123689970134;0.00076;0.04746;0.00417;-0.001196912705729866;-5.097078796883837
5985;7;Normal;0.0011849999999999999;0.055510348584745885;0.001665;0.02646;0.02597;0.0007133431691409244;-6.64578164559562
5986;2;Normal;0.000495;0.0980773888314733;0.001275;0.06024;0.00702;-0.0003061847073952419;-6.684340469169309
5987;1;Normal;0.00175;0.10844865789856507;0.0015;0.07013;0.00551;-7.348588257370733e-05;-6.476616378842362
5988;4;Normal;0.00172;0.10201974024667972;0.0032649999999999997;0.06019;0.00377;-0.0009015030605182699;-6.500012181337527
5989;4;Faulty sensor;0.0036049999999999997;2.096282597432894;0.00821;0.02825;0.00097;-0.0019344168730091797;-5.19443784072293
5990;8;Normal;0.001455;0.03677617435242551;0.00067;0.02081;0.02067;-0.00013303636337417423;-6.390111804525107
5991;1;Normal;0.00117;0.23823148112707523;0.00185;0.16097;0.0102;-0.0008590488088829009;-6.452863759943779
5992;4;Unbalance;0.0012850000000000001;0.2964758077820178;0.006265;0.17857;0.01535;-0.0008037640829010549;-6.561368702616933
5993;8;Unbalance;0.00136;0.34445961766221594;0.00311;0.20187;0.00133;0.000279609873663978;-6.46781814766637
5994;8;Faulty sensor;0.0039;0.005822997509874103;0.00011;0.0035;0.00131;-0.003161723851676608;-4.719366931702231
5995;8;Faulty sensor;0.00785;0.005916062879990375;0.00017;0.00351;0.00089;-0.0033014321839935825;-4.043810016369759
5996;8;Faulty sensor;0.0053950000000000005;0.0034160357140990195;0.00013;0.00193;0.00047;-0.00307191870641317;-4.451294245653013
5997;10;Normal;0.00081;0.14108882060602818;0.00143;0.00127;0.0002;-0.0006197394083334809;-6.355036025026279
5998;1;Normal;0.001465;0.18377771056360453;0.00098;0.11571;0.00267;-0.00010606234593613324;-6.60553708923077
5999;5;Normal;0.00075;0.2435582347201589;0.0010999999999999998;0.14188;0.00318;-0.0017648031830451636;-6.611672275248728
6000;2;Normal;0.00111;0.1454701704817864;0.000845;0.08398;0.00616;-0.0009589872897865988;-6.387155421011019
6001;0;Normal;0.00045;0.25153987198851796;0.001775;0.14503;0.034;-7.857048898196228e-05;-7.538713800736652
6002;10;Normal;0.00096;0.1819406427931923;0.00087;0.00071;0.00043;-0.0010227337692047377;-6.393001546877351
6003;7;Normal;0.00044;0.21325832105688164;0.00174;0.12969;0.00265;0.00021949081540293804;-7.313298165672171
6004;6;Unbalance;0.00136;0.3668891308011181;0.00236;0.21302;0.00246;0.00010081186095607491;-6.609593854537354
6005;8;Unbalance;0.00179;0.30378758730402394;0.00343;0.18091;0.01695;-2.8869384770165366e-05;-6.550424452062735
6006;5;Unbalance;0.00081;0.2910011386575661;0.00183;0.17186;0.00053;-0.001608436483179298;-6.268315981811105
6007;10;Normal;0.0024749999999999998;0.22647162118022648;0.002255;0.00194;0.00023;0.0005054290441225536;-6.296669303534961
6008;8;Unbalance;0.00141;0.3185193637755796;0.00295;0.19027;0.00844;-0.0005168644925340869;-6.313141494688986
6009;7;Normal;0.00105;0.20912864103226037;0.0015;0.12126;0.0065;6.684324619837658e-05;-6.422801048193144
6010;3;Normal;0.00127;0.07194528754546749;0.001835;0.04739;0.00579;-0.0010277253448686028;-6.517388127545599
6011;0;Normal;0.0029;0.10442732305292518;0.00133;0.06184;0.01754;-0.0032436555294455232;-5.112721308855381
6012;7;Unbalance;0.00086;0.3019934441341401;0.00185;0.17861;0.0043;-0.0005223760857915986;-6.630959176798259
6013;5;Normal;0.001575;0.09747614015747648;0.00098;0.06239;0.00166;-0.0017998043561820427;-5.696979067331843
6014;2;Normal;0.00093;0.053107886420003574;0.0005;0.03175;0.00841;-0.0005431208585919376;-6.7841877161233155
6015;6;Normal;0.001675;0.25262993429124747;0.002445;0.14957;0.01224;2.8452496519306672e-05;-6.484534789655439
6016;9;Normal;0.00205;0.22984645418191685;0.00239;0.14698;0.00787;-4.9823752068505596e-05;-6.1940576057426755
6017;3;Normal;0.000995;0.11505370441667663;0.001275;0.06666;0.0101;-0.0003104993058404;-6.54813544568001
6018;1;Normal;0.0004;0.19731020221975346;0.002;0.11267;0.00091;-0.0006169198688336421;-6.758389758039865
6019;1;Unbalance;0.00161;0.3051015938994747;0.002405;0.19382;0.00398;-0.002741516394741792;-5.340127757540946
6020;8;Normal;0.00185;0.03135500916919017;0.0009699999999999999;0.01701;0.0037;0.0008628011279860541;-6.543948698429836
6021;6;Normal;0.0008849999999999999;0.11808588442316041;0.00131;0.07381;0.01281;-6.586377249315744e-05;-6.903208648112122
6022;0;Normal;0.00029;0.10663027525051222;0.00099;0.06167;0.00848;0.0002074692438841778;-7.639827778279319
6023;1;Normal;0.00039;0.0319656112095483;0.00076;0.01733;0.0017;-0.0001863245114620467;-7.358176246523779
6024;8;Normal;0.00153;0.048241017816791555;0.001665;0.02508;0.0027;0.0013007913635912556;-7.002866105995268
6025;7;Unbalance;0.00123;0.3107268350175118;0.0017499999999999998;0.17557;0.00082;-0.00022108141118023768;-6.130650211943588
6026;2;Normal;0.00109;0.13333177715758537;0.001025;0.08269;0.00594;-0.0009303948788843189;-6.582360627512381
6027;6;Normal;0.00126;0.2962553503314328;0.0026;0.18516;0.00752;0.00043731312028649755;-6.733063945934207
6028;5;Normal;0.00141;0.16340902147678382;0.0012950000000000001;0.10902;0.0035;-0.002323662386512525;-5.968982551132301
6029;3;Normal;0.00194;0.022803372557584547;0.000225;0.01339;0.00172;-0.0008632333142221925;-5.936847376880661
6030;10;Normal;0.00101;0.28021911765616564;0.00241;0.0025;0.00033;-0.000458425062602494;-6.009891467838821
6031;10;Normal;0.00073;0.1058794895152031;0.001045;0.00091;0.00048;0.00011576739883090761;-6.592841855018339
